index,real,imag,frequency_hz,magnitude,transverse
0,-628.4016235236182,0.0,0.0,628.4016235236182,True
1,-626.3110792679196,0.0,0.0,626.3110792679196,True
2,-622.1762446186934,0.0,0.0,622.1762446186934,True
3,-622.4425005044375,0.0,0.0,622.4425005044375,True
4,-28.38111276545564,25.789255360178547,4.104487469231573,38.34805410758161,True
5,-28.38111276545564,-25.789255360178547,4.104487469231573,38.34805410758161,True
6,-26.53667915180394,26.272347629056707,4.181373991793012,37.34208872502698,True
7,-26.53667915180394,-26.272347629056707,4.181373991793012,37.34208872502698,True
8,-32.07394517407918,0.0,0.0,32.07394517407918,True
9,-31.779683810221645,0.0,0.0,31.779683810221645,True
10,-30.91460778461936,0.0,0.0,30.91460778461936,True
11,-29.760908907514676,0.0,0.0,29.760908907514676,True
12,-23.855594231468572,0.0,0.0,23.855594231468572,True
13,-23.896620296165132,0.0,0.0,23.896620296165132,True
14,-23.91936688521375,0.0,0.0,23.91936688521375,True
15,-23.925787710715813,0.0,0.0,23.925787710715813,True
16,-0.6597646368409624,9.399825461532004,1.496028686403875,9.422951134506176,True
17,-0.6597646368409624,-9.399825461532004,1.496028686403875,9.422951134506176,True
18,-0.2956702143009664,8.779265480287194,1.3972634979037495,8.78424289560501,True
19,-0.2956702143009664,-8.779265480287194,1.3972634979037495,8.78424289560501,True
20,-0.1868667668750914,8.376157244316,1.3331068295478798,8.378241424670797,True
21,-0.1868667668750914,-8.376157244316,1.3331068295478798,8.378241424670797,True
22,-10.090262293018585,0.0,0.0,10.090262293018585,True
23,-0.2806242871594651,7.362769974581493,1.1718212363032332,7.368115884616807,True
24,-0.2806242871594651,-7.362769974581493,1.1718212363032332,7.368115884616807,True
25,-9.071271016689181,0.0,0.0,9.071271016689181,True
26,-0.2736605523515918,6.587243068340656,1.048392295674239,6.592925097353632,True
27,-0.2736605523515918,-6.587243068340656,1.048392295674239,6.592925097353632,True
28,-0.1809636506566915,5.768496606384507,0.9180847491149176,5.771334415949969,True
29,-0.1809636506566915,-5.768496606384507,0.9180847491149176,5.771334415949969,True
30,-8.325751083513046,0.0,0.0,8.325751083513046,True
31,-8.53921767392104,0.0,0.0,8.53921767392104,True
32,-7.635268695370668,0.0,0.0,7.635268695370668,True
33,-6.267863024760879,0.0,0.0,6.267863024760879,True
34,-0.17676074404267383,4.089731814995645,0.6509010342767457,4.093549887227721,True
35,-0.17676074404267383,-4.089731814995645,0.6509010342767457,4.093549887227721,True
36,-0.4223161086348796,3.0339511435258713,0.4828683215914508,3.0632026437887596,True
37,-0.4223161086348796,-3.0339511435258713,0.4828683215914508,3.0632026437887596,True
38,-0.6012032081028825,2.231275779128123,0.35511856964946087,2.3108519857310226,True
39,-0.6012032081028825,-2.231275779128123,0.35511856964946087,2.3108519857310226,True
40,-0.6905108466405685,1.6126251291119151,0.2566572606523672,1.754242011916114,True
41,-0.6905108466405685,-1.6126251291119151,0.2566572606523672,1.754242011916114,True
42,-0.46820229711235695,1.1058428405276384,0.17600035435275618,1.2008754219183284,True
43,-0.46820229711235695,-1.1058428405276384,0.17600035435275618,1.2008754219183284,True
44,-0.8315173703433053,1.1272579310166815,0.17940867186084763,1.4007610717829986,True
45,-0.8315173703433053,-1.1272579310166815,0.17940867186084763,1.4007610717829986,True
46,-1.3883837990203212,0.7286268758625362,0.11596456896312743,1.5679625944553968,True
47,-1.3883837990203212,-0.7286268758625362,0.11596456896312743,1.5679625944553968,True
48,-0.7899412351944409,0.6360350280873095,0.1012281186996878,1.014173413186593,True
49,-0.7899412351944409,-0.6360350280873095,0.1012281186996878,1.014173413186593,True
50,-0.9232269053608892,0.4670198507614842,0.07432851777072948,1.0346281746538335,True
51,-0.9232269053608892,-0.4670198507614842,0.07432851777072948,1.0346281746538335,True
52,-1.6073914010559167,0.23319329109032544,0.03711386497289253,1.624218651289918,True
53,-1.6073914010559167,-0.23319329109032544,0.03711386497289253,1.624218651289918,True
54,-0.7494461950240752,0.0,0.0,0.7494461950240752,True
55,-0.6989120391586586,0.0,0.0,0.6989120391586586,True
56,-1.5504734445376807,0.1207162509302597,0.019212588047072442,1.5551656874607276,True
57,-1.5504734445376807,-0.1207162509302597,0.019212588047072442,1.5551656874607276,True
58,-1.5204437450734822,0.13220107500553815,0.021040454569193814,1.526180299363642,True
59,-1.5204437450734822,-0.13220107500553815,0.021040454569193814,1.526180299363642,True
60,-2.2065374669798807e-05,0.0,0.0,2.2065374669798807e-05,False
61,-0.32841417321106303,0.0,0.0,0.32841417321106303,True
62,2.2065447651909003e-05,0.0,0.0,2.2065447651909003e-05,False
63,-1.4018914322682823,0.08200795075968868,0.013051970736241208,1.4042880373538114,True
64,-1.4018914322682823,-0.08200795075968868,0.013051970736241208,1.4042880373538114,True
65,-0.29182436198375894,0.0,0.0,0.29182436198375894,True
66,-1.415621549244849,0.0,0.0,1.415621549244849,True
67,-1.3414996710305425,0.0,0.0,1.3414996710305425,True
68,-1.3502372998760437,0.0,0.0,1.3502372998760437,True
69,-1.3870660620571587,0.0,0.0,1.3870660620571587,True
70,-0.24033165681049587,0.0,0.0,0.24033165681049587,True
71,-0.23781732896394378,0.0,0.0,0.23781732896394378,True
72,-0.2372719534626782,0.0,0.0,0.2372719534626782,True
73,-0.23774466255577717,5.9017287141479655e-05,9.392892976440241e-06,0.23774466988094714,True
74,-0.23774466255577717,-5.9017287141479655e-05,9.392892976440241e-06,0.23774466988094714,True
75,-0.23779474394252792,0.0,0.0,0.23779474394252792,True
76,-0.23741204717834022,0.0,0.0,0.23741204717834022,True
77,-0.2374714495432307,0.0,0.0,0.2374714495432307,True
