bus,Pgen0_MW,d_alpha_d_epsilon_s_inv,a_alpha_per_MW,d_beta0_d_epsilon,a_beta0_per_MW,dFinf_d_epsilon_Hz,a_Finf_per_MW,dFpeak_d_epsilon_Hz,a_Fpeak_per_MW,dR05_d_epsilon_Hz_s,a_R05_per_MW,derivative_status
30,249.99999999999994,-0.00026317080953461156,1.0526832381384465e-6,1.2936214697491583e-5,0.030453904064883297,-0.8066487503839703,0.003226595001535882,-0.5754785386359595,0.0023019141545438386,-0.05088060036864683,0.0002035224014745874,LOCAL_FINITE_DIFFERENCE; beta uses active omega=0; KKT multipliers unavailable
31,511.71887411021595,0.0004445260977292815,-8.68692010827683e-7,-1.9704412327401517e-5,-0.022662500168363624,-0.8447480133057239,0.0016508048775308196,-0.35136808136077,0.0006866428016198031,-0.05898293199732563,0.00011526432770314754,LOCAL_FINITE_DIFFERENCE; beta uses active omega=0; KKT multipliers unavailable
32,649.9999999999998,0.0005887084974471954,-9.057053806879932e-7,-2.6354884490754264e-5,-0.02386291694378972,-1.0261420012283584,0.0015786800018897827,-0.5257471896591426,0.000808841830244835,-0.10613967770869981,0.00016329181185953823,LOCAL_FINITE_DIFFERENCE; beta uses active omega=0; KKT multipliers unavailable
33,632.0000000000002,-0.7940868209630582,0.0012564664888655979,0.0367074822932817,34.183245091186784,-1.3614205094850118,0.002154146375767423,-0.12441731325307792,0.00019686283742575614,-0.027056730087446357,4.281128178393409e-5,LOCAL_FINITE_DIFFERENCE; beta uses active omega=0; KKT multipliers unavailable
34,507.99999999999966,0.06160217015843561,-0.00012126411448510955,-0.0028474212307865155,-3.298859170742196,-0.5117102361441861,0.0010073036144570599,-0.33516728142335417,0.0006597781130380993,-0.0651080928633363,0.00012816553713255186,LOCAL_FINITE_DIFFERENCE; beta uses active omega=0; KKT multipliers unavailable
35,650.0000000000002,-1.382509566483249,0.002126937794589613,0.0640084691448579,57.95619341221996,-1.4245421988447193,0.002191603382838029,-0.06048384867729517,9.305207488814639e-5,-0.04019298042903796,6.183535450621222e-5,LOCAL_FINITE_DIFFERENCE; beta uses active omega=0; KKT multipliers unavailable
36,560.0000000000002,0.07544657324081477,-0.00013472602364431204,-0.003492100639444095,-3.6700712311417947,-0.5442078696746289,0.0009717997672761226,-0.48538873916495473,0.0008667656056517045,-0.14306178362039068,0.00025546747075069754,LOCAL_FINITE_DIFFERENCE; beta uses active omega=0; KKT multipliers unavailable
37,540.0000000000006,-0.00045618183908325855,8.44781183487515e-7,2.1856281855536366e-5,0.02382090691421714,-1.2009711660067313,0.0022240206777902408,-0.22101232406160354,0.00040928208159556165,-0.03709961518397198,6.870299108142952e-5,LOCAL_FINITE_DIFFERENCE; beta uses active omega=0; KKT multipliers unavailable
38,830.0000000000002,0.00022199093411289102,-2.6745895676251924e-7,-9.214338122693422e-6,-0.006533739596339803,-1.1947331908483683,0.001439437579335383,-0.6903910035480076,0.0008317963898168765,-0.17539738550002848,0.00021132215120485352,LOCAL_FINITE_DIFFERENCE; beta uses active omega=0; KKT multipliers unavailable
39,271.0422158686304,8.391795489684453e-5,-3.0961211938113046e-7,-3.987152689783019e-6,-0.008657683346114314,-0.05294521117540918,0.00019533935333922604,-0.7322952263943971,0.002701775529865533,-0.3183022773530636,0.0011743642086638612,LOCAL_FINITE_DIFFERENCE; beta uses active omega=0; KKT multipliers unavailable
