case,derivative_max_relative_error,terminal_current_max_relative_error,system_base_power_max_relative_error,initialization_max_relative_error,canonical_n_states,canonical_i_r,canonical_i_i,canonical_P_system,canonical_Q_system
0,7.472619979207706e-14,0.0,1.1102230246251565e-16,0.0,11,-0.242679821880332,0.5700924072239507,0.5535153511833963,0.18402217132488397
1,1.7400584090067482e-15,0.0,5.551115123125783e-17,0.0,11,-0.364760479564846,0.17972764836537303,0.4105652198877622,0.014311114676333947
2,7.383333960565456e-15,0.0,1.1102230246251565e-16,0.0,11,-0.27389157755663324,-0.42322805128841046,0.5074642589240191,0.09986080185259494
3,1.7277832755320118e-15,0.0,5.551115123125783e-17,0.0,11,-0.35794568101959967,0.4109244076860535,0.46588236110141745,0.21920053358424021
4,0.0,0.0,1.1102230246251565e-16,0.0,11,-0.17510272107060526,0.5406481725199335,0.5989541315475809,-0.1559422131251832
5,4.388984895874664e-15,0.0,5.551115123125783e-17,5.551115123125783e-17,11,0.13926873209296572,-0.20875776792925316,0.2057713532753199,0.1804137011887247
6,1.1211167024113549e-15,0.0,2.42861286636753e-17,1.1102230246251565e-16,11,0.7255885148928187,-0.06768148649672527,0.7934067917647597,0.020516741405469385
7,5.607764901173746e-16,0.0,3.469446951953614e-18,0.0,11,-0.011227249399586994,0.029902442651928728,0.02865494820418484,-0.020072053548611017
8,1.5764744130557112e-15,0.0,1.0408340855860843e-17,0.0,11,0.2663661821906029,0.2008222416577351,0.3128678779374551,-0.0309473930924013
9,1.1818440961018704e-15,0.0,2.7755575615628914e-17,0.0,11,-0.31771751485785094,0.266526345614895,0.4114220454519659,-0.16487806700733224
10,1.5759628744429699e-15,0.0,1.3877787807814457e-17,0.0,11,0.02350385846935729,-0.09012142400095514,0.0993340650585564,0.0032372900054702843
11,3.7192471324942744e-15,0.0,5.551115123125783e-17,0.0,11,0.005760749516603843,-0.3297672531355775,0.3351486848836048,0.03365241737428076
12,2.1871416918039308e-15,0.0,8.326672684688674e-17,0.0,11,0.6962250900881807,-0.40223384768037374,0.7429481651900718,-0.15933298869788026
13,1.1680463596826588e-14,0.0,8.326672684688674e-17,0.0,11,0.3603174284758098,0.34335609433256353,0.5223433855039595,0.125501471965748
14,2.1116125252513977e-15,0.0,1.1102230246251565e-16,1.1102230246251565e-16,11,0.6063803359613912,-0.457329691184649,0.7187940799517014,-0.14290551506652655
15,6.254223669418666e-15,0.0,2.220446049250313e-16,0.0,11,-0.19513926730191183,-0.6711569990408598,0.6426552850280545,0.08789175612547893
16,6.707774239511446e-16,0.0,3.469446951953614e-17,0.0,11,-0.25011305983485843,0.4947463857464335,0.5734976000922737,0.03306022856628335
17,9.159339953157541e-16,0.0,5.551115123125783e-17,0.0,11,0.520856747402451,-0.18538134499525172,0.4280354736197441,-0.30693710384324974
18,2.2015255995594714e-15,0.0,2.7755575615628914e-17,0.0,11,0.2938206248110707,0.237075930411232,0.3226054839239017,0.22324469605605946
19,2.608014506705805e-14,0.0,0.0,0.0,11,0.45581657059237835,-0.14683218778649906,0.47871141454092064,-0.21575053466630098
20,3.5533628181068104e-15,0.0,5.551115123125783e-17,0.0,11,-0.09896148900985485,-0.5026621300472573,0.4330344358555896,-0.2699804034918385
21,8.064598579598346e-16,0.0,0.0,0.0,11,0.1660250490906135,-0.17875178699561106,0.21630047236349365,0.07389374004186666
22,3.311335814515742e-15,0.0,5.551115123125783e-17,0.0,11,0.3017419477040175,-0.24273942958361178,0.41999300170285764,-0.007804581000041444
23,1.559074643687866e-13,0.0,9.020562075079397e-17,1.1102230246251565e-16,11,0.698214071239952,0.3499327910776845,0.713067032078874,-0.0575231453137629
24,2.2246068991662142e-14,0.0,1.1102230246251565e-16,0.0,11,0.38990045534845447,0.39766816555466783,0.5769117130288636,0.11372497850726782
25,1.415168072214947e-15,0.0,1.1102230246251565e-16,0.0,11,0.48042089355153317,0.4656248084830893,0.7181919394646683,-0.09636248969698147
26,2.646202768602272e-16,0.0,1.1102230246251565e-16,0.0,11,-0.6166925686693959,0.24693557139954353,0.5860417192535178,0.18557926031471028
27,2.3395496455765828e-15,0.0,1.1102230246251565e-16,0.0,11,0.21964986402711673,-0.5511258169999673,0.6146329814829705,0.00010324738851510973
28,5.660614797991904e-16,0.0,1.1102230246251565e-16,0.0,11,-0.14099747876810106,-0.6006784892268361,0.5613005253364427,0.005835941029763578
29,5.551115123125783e-16,0.0,5.551115123125783e-17,5.551115123125783e-17,11,-0.08721786689211583,-0.4581851601024095,0.43054686818467525,-0.10077132836263476
30,2.6204583214202935e-15,0.0,5.551115123125783e-17,0.0,11,0.3166468327390939,-0.34894076309852334,0.46518487716384826,0.156660438007348
31,1.330881167919136e-15,0.0,0.0,1.1102230246251565e-16,11,0.4621258794208092,0.1790366667517428,0.4377359816924728,0.15414360843750127
32,2.672608817355234e-16,0.0,1.1102230246251565e-16,0.0,11,0.4519201791470497,-0.20286692855270672,0.45218638381203796,0.2923784710679226
33,1.7763568394002505e-15,0.0,2.7755575615628914e-17,0.0,11,-0.15568921427215265,0.20404105814976597,0.18282750372137813,0.14873768313903235
34,1.5957474250312415e-15,0.0,1.1102230246251565e-16,0.0,11,-0.5774237232133229,0.11737322988538847,0.5975381420757432,0.22101828063807472
35,0.0,0.0,2.7755575615628914e-17,0.0,11,0.26148772118295716,0.17398298400870743,0.20402388839355357,-0.21033942226122693
36,4.367896042718595e-16,0.0,1.1102230246251565e-16,0.0,11,-0.5549069754335921,-0.3563221531087519,0.672978501255337,0.11694653843673108
37,1.7880718050606963e-16,0.0,1.1102230246251565e-16,0.0,11,0.44076411584042363,0.5081854802800242,0.7279800576623392,0.11134434605036231
38,4.3892658838948893e-16,0.0,1.3877787807814457e-17,0.0,11,0.04049505688602923,0.10487621143774832,0.11240167915284055,0.037069681169197156
39,8.299107595625059e-15,0.0,1.3877787807814457e-17,0.0,11,-0.2424011375604219,-0.36266669540524143,0.41956738137362964,0.10104907968645119
40,1.8318679906315083e-15,0.0,2.7755575615628914e-17,5.551115123125783e-17,11,-0.21074015409123636,-0.12307100361030601,0.21639326532846923,0.0990393714110489
41,1.3816585603775896e-16,0.0,1.1102230246251565e-16,0.0,11,-0.33721528170010284,0.05765641523694219,0.34089093611899807,-0.15200004903510883
42,5.189958928051967e-16,0.0,1.1102230246251565e-16,0.0,11,0.776621996579281,0.2886242721974037,0.7992134945160124,0.18665550294611252
43,7.382983113757291e-15,0.0,0.0,0.0,11,0.5438061330463131,-0.20796954563572548,0.5518185237005966,-0.11120789990097776
44,6.859817069349511e-15,0.0,1.1102230246251565e-16,0.0,11,0.33016150454042464,0.4082014870622722,0.5509155296281351,-0.12736547984610333
45,2.2758368119037207e-15,0.0,1.1102230246251565e-16,0.0,11,-0.5763937225568035,0.28827539022434895,0.6572924060816228,0.07007876361970294
46,2.821585387393372e-15,0.0,1.1102230246251565e-16,0.0,11,0.42582122189884347,-0.5675750772682432,0.7182330019111155,0.17128760872419357
47,7.400330348517059e-15,0.0,1.1102230246251565e-16,0.0,11,0.044591326021319766,0.641113288636654,0.6069396666581264,-0.2267509142163484
48,7.438494264988549e-15,0.0,1.1102230246251565e-16,0.0,11,-0.6650968151630728,0.44964284477416805,0.778205521643883,-0.14339380447601618
49,2.3584495656223973e-14,0.0,6.938893903907228e-18,0.0,11,-0.5484431787881544,0.5595353719557359,0.7475669081166528,0.05113790756994796
50,5.551115123125783e-15,0.0,0.0,0.0,11,0.004261985536287621,-0.36276888976874394,0.36344783546859827,-0.08774889704088305
51,3.027216580398765e-14,0.0,2.220446049250313e-16,1.1102230246251565e-16,11,0.562620134768614,0.05252922374911516,0.5742871868124613,-0.05931261562015493
52,0.0,0.0,5.551115123125783e-17,0.0,11,-0.025359638152606653,0.328222615132516,0.29519291958578237,-0.1080715673736041
53,4.948072556762068e-15,0.0,2.7755575615628914e-17,0.0,11,0.02114998929356983,0.2424091695649189,0.22927256911821553,0.13585678972763637
54,8.618194371405035e-16,0.0,5.551115123125783e-17,0.0,11,0.44511830637615807,0.48924022004997636,0.6475260737407048,-0.2280467820342678
55,5.990410108436872e-16,0.0,2.7755575615628914e-17,0.0,11,-0.178506848830232,0.019615982062457488,0.18681293225889697,-0.04422194425020036
56,2.790545572395331e-13,0.0,0.0,1.1102230246251565e-16,11,-0.6528233928313032,-0.22806146282902676,0.6482443443780879,0.2016912339834195
57,7.438494264988549e-15,0.0,2.0816681711721685e-17,0.0,11,-0.5660549984045878,-0.34144628390728693,0.685169970834304,0.06133529092876516
58,2.9393591844016485e-15,0.0,5.551115123125783e-17,0.0,11,0.17699999413763967,0.024566419449044696,0.15598123023666002,-0.06460901131513085
59,3.6914915568786455e-15,0.0,1.1102230246251565e-16,0.0,11,0.06945202910510528,0.5841672280549488,0.6145512920640264,-0.14042645723701386
60,1.8838898532873995e-15,0.0,5.551115123125783e-17,0.0,11,-0.2681522552345468,-0.08205625638583311,0.25034504315849204,-0.052723640469530764
61,1.3043961456319154e-15,0.0,6.245004513516506e-17,0.0,11,-0.26781420801376155,-0.3918854034822245,0.4781372590857972,-0.04425162043237571
62,3.7192471324942744e-15,0.0,5.551115123125783e-17,0.0,11,0.2603601461617649,0.06438129849609445,0.27382347698598186,-0.09458758564853013
63,4.5464832161723395e-15,0.0,1.1102230246251565e-16,0.0,11,-0.1737519349352188,0.8100657695021155,0.6984281387822846,-0.3280852745538564
