case,bus,rho,epsilon,Kp,Ki,architecture,source_file,source_sha256
all_SG,30,0.0,1.0,0.0,0.0,SG,C:\Users\walla\.julia\packages\PowerDynamics\VzOiZ\docs\examples\ieee39_part1.jl,bd9d4c02ad10fcf0d1041c0f7baf1e0a38aed084c1eef39516a4071dab089d9d
all_SG,31,0.0,1.0,0.0,0.0,SG,C:\Users\walla\.julia\packages\PowerDynamics\VzOiZ\docs\examples\ieee39_part1.jl,bd9d4c02ad10fcf0d1041c0f7baf1e0a38aed084c1eef39516a4071dab089d9d
all_SG,32,0.0,1.0,0.0,0.0,SG,C:\Users\walla\.julia\packages\PowerDynamics\VzOiZ\docs\examples\ieee39_part1.jl,bd9d4c02ad10fcf0d1041c0f7baf1e0a38aed084c1eef39516a4071dab089d9d
all_SG,33,0.0,1.0,0.0,0.0,SG,C:\Users\walla\.julia\packages\PowerDynamics\VzOiZ\docs\examples\ieee39_part1.jl,bd9d4c02ad10fcf0d1041c0f7baf1e0a38aed084c1eef39516a4071dab089d9d
all_SG,34,0.0,1.0,0.0,0.0,SG,C:\Users\walla\.julia\packages\PowerDynamics\VzOiZ\docs\examples\ieee39_part1.jl,bd9d4c02ad10fcf0d1041c0f7baf1e0a38aed084c1eef39516a4071dab089d9d
all_SG,35,0.0,1.0,0.0,0.0,SG,C:\Users\walla\.julia\packages\PowerDynamics\VzOiZ\docs\examples\ieee39_part1.jl,bd9d4c02ad10fcf0d1041c0f7baf1e0a38aed084c1eef39516a4071dab089d9d
all_SG,36,0.0,1.0,0.0,0.0,SG,C:\Users\walla\.julia\packages\PowerDynamics\VzOiZ\docs\examples\ieee39_part1.jl,bd9d4c02ad10fcf0d1041c0f7baf1e0a38aed084c1eef39516a4071dab089d9d
all_SG,37,0.0,1.0,0.0,0.0,SG,C:\Users\walla\.julia\packages\PowerDynamics\VzOiZ\docs\examples\ieee39_part1.jl,bd9d4c02ad10fcf0d1041c0f7baf1e0a38aed084c1eef39516a4071dab089d9d
all_SG,38,0.0,1.0,0.0,0.0,SG,C:\Users\walla\.julia\packages\PowerDynamics\VzOiZ\docs\examples\ieee39_part1.jl,bd9d4c02ad10fcf0d1041c0f7baf1e0a38aed084c1eef39516a4071dab089d9d
all_SG,39,0.0,1.0,0.0,0.0,SG,C:\Users\walla\.julia\packages\PowerDynamics\VzOiZ\docs\examples\ieee39_part1.jl,bd9d4c02ad10fcf0d1041c0f7baf1e0a38aed084c1eef39516a4071dab089d9d
ExpG_candidate,30,0.0,1.0,31.41592653589793,246.74011002723395,SG,C:\Users\walla\Documents\Github\paper-P06-spectral-graph-power-dynamics\reports\experiment_G\Z_G_FINAL.toml,2047437a10d650b251aea5a563dba828c300e072c6913078e508e13e9d6f1b5c
ExpG_candidate,31,0.0,1.0,31.41592653589793,246.74011002723395,SG,C:\Users\walla\Documents\Github\paper-P06-spectral-graph-power-dynamics\reports\experiment_G\Z_G_FINAL.toml,2047437a10d650b251aea5a563dba828c300e072c6913078e508e13e9d6f1b5c
ExpG_candidate,32,0.0,1.0,31.41592653589793,246.74011002723395,SG,C:\Users\walla\Documents\Github\paper-P06-spectral-graph-power-dynamics\reports\experiment_G\Z_G_FINAL.toml,2047437a10d650b251aea5a563dba828c300e072c6913078e508e13e9d6f1b5c
ExpG_candidate,33,0.0,1.0,31.41592653589793,246.74011002723395,SG,C:\Users\walla\Documents\Github\paper-P06-spectral-graph-power-dynamics\reports\experiment_G\Z_G_FINAL.toml,2047437a10d650b251aea5a563dba828c300e072c6913078e508e13e9d6f1b5c
ExpG_candidate,34,0.0,1.0,31.41592653589793,246.74011002723395,SG,C:\Users\walla\Documents\Github\paper-P06-spectral-graph-power-dynamics\reports\experiment_G\Z_G_FINAL.toml,2047437a10d650b251aea5a563dba828c300e072c6913078e508e13e9d6f1b5c
ExpG_candidate,35,0.0,1.0,31.41592653589793,246.74011002723395,SG,C:\Users\walla\Documents\Github\paper-P06-spectral-graph-power-dynamics\reports\experiment_G\Z_G_FINAL.toml,2047437a10d650b251aea5a563dba828c300e072c6913078e508e13e9d6f1b5c
ExpG_candidate,36,0.37676757812499995,0.623232421875,31.41592653589793,246.74011002723395,SG+GFL,C:\Users\walla\Documents\Github\paper-P06-spectral-graph-power-dynamics\reports\experiment_G\Z_G_FINAL.toml,2047437a10d650b251aea5a563dba828c300e072c6913078e508e13e9d6f1b5c
ExpG_candidate,37,1.0,0.0,31.41592653589793,246.74011002723395,GFL,C:\Users\walla\Documents\Github\paper-P06-spectral-graph-power-dynamics\reports\experiment_G\Z_G_FINAL.toml,2047437a10d650b251aea5a563dba828c300e072c6913078e508e13e9d6f1b5c
ExpG_candidate,38,1.0,0.0,31.41592653589793,246.74011002723395,GFL,C:\Users\walla\Documents\Github\paper-P06-spectral-graph-power-dynamics\reports\experiment_G\Z_G_FINAL.toml,2047437a10d650b251aea5a563dba828c300e072c6913078e508e13e9d6f1b5c
ExpG_candidate,39,0.0,1.0,31.41592653589793,246.74011002723395,SG,C:\Users\walla\Documents\Github\paper-P06-spectral-graph-power-dynamics\reports\experiment_G\Z_G_FINAL.toml,2047437a10d650b251aea5a563dba828c300e072c6913078e508e13e9d6f1b5c
ExpK_nominal,30,1.0,0.0,7.853981633974485,986.9604401089358,GFL,C:\Users\walla\Documents\Github\paper-P06-spectral-graph-power-dynamics\reports\experiment_K\Z_K_NOMINAL_FINAL.toml,64989ecfcc93ef471a4f6a5f9fe6be382c634e88a6561faf847dd58871ea65b9
ExpK_nominal,31,1.0,0.0,7.853981633974485,986.9604401089358,GFL,C:\Users\walla\Documents\Github\paper-P06-spectral-graph-power-dynamics\reports\experiment_K\Z_K_NOMINAL_FINAL.toml,64989ecfcc93ef471a4f6a5f9fe6be382c634e88a6561faf847dd58871ea65b9
ExpK_nominal,32,1.0,0.0,7.853981633974485,986.9604401089358,GFL,C:\Users\walla\Documents\Github\paper-P06-spectral-graph-power-dynamics\reports\experiment_K\Z_K_NOMINAL_FINAL.toml,64989ecfcc93ef471a4f6a5f9fe6be382c634e88a6561faf847dd58871ea65b9
ExpK_nominal,33,1.0,0.0,7.853981633974485,986.9604401089358,GFL,C:\Users\walla\Documents\Github\paper-P06-spectral-graph-power-dynamics\reports\experiment_K\Z_K_NOMINAL_FINAL.toml,64989ecfcc93ef471a4f6a5f9fe6be382c634e88a6561faf847dd58871ea65b9
ExpK_nominal,34,1.0,0.0,7.853981633974485,986.9604401089358,GFL,C:\Users\walla\Documents\Github\paper-P06-spectral-graph-power-dynamics\reports\experiment_K\Z_K_NOMINAL_FINAL.toml,64989ecfcc93ef471a4f6a5f9fe6be382c634e88a6561faf847dd58871ea65b9
ExpK_nominal,35,1.0,0.0,7.853981633974485,986.9604401089358,GFL,C:\Users\walla\Documents\Github\paper-P06-spectral-graph-power-dynamics\reports\experiment_K\Z_K_NOMINAL_FINAL.toml,64989ecfcc93ef471a4f6a5f9fe6be382c634e88a6561faf847dd58871ea65b9
ExpK_nominal,36,1.0,0.0,7.853981633974485,986.9604401089358,GFL,C:\Users\walla\Documents\Github\paper-P06-spectral-graph-power-dynamics\reports\experiment_K\Z_K_NOMINAL_FINAL.toml,64989ecfcc93ef471a4f6a5f9fe6be382c634e88a6561faf847dd58871ea65b9
ExpK_nominal,37,1.0,0.0,7.853981633974485,986.9604401089358,GFL,C:\Users\walla\Documents\Github\paper-P06-spectral-graph-power-dynamics\reports\experiment_K\Z_K_NOMINAL_FINAL.toml,64989ecfcc93ef471a4f6a5f9fe6be382c634e88a6561faf847dd58871ea65b9
ExpK_nominal,38,0.9992791157019884,0.0007208842980116481,7.853981633974485,986.9604401089358,SG+GFL,C:\Users\walla\Documents\Github\paper-P06-spectral-graph-power-dynamics\reports\experiment_K\Z_K_NOMINAL_FINAL.toml,64989ecfcc93ef471a4f6a5f9fe6be382c634e88a6561faf847dd58871ea65b9
ExpK_nominal,39,0.99,0.010000000000000009,7.853981633974485,986.9604401089358,SG+GFL,C:\Users\walla\Documents\Github\paper-P06-spectral-graph-power-dynamics\reports\experiment_K\Z_K_NOMINAL_FINAL.toml,64989ecfcc93ef471a4f6a5f9fe6be382c634e88a6561faf847dd58871ea65b9
