pid,score,n_em,rho_em,rho_full
D01,fiedler,77,-0.6060255533939745,-0.6358852755194219
D01,kirchhoff,77,0.6200115673799884,0.6571589882565492
D01,gscr_H4,77,-0.6770510874212126,-0.707309774795458
D01,min_scr_core,77,-0.6463184599649292,-0.6779735658055539
D01,max_flow,77,0.45312582154687414,0.453297199638663
D01,losses,77,0.7349229717650769,0.7123757904245709
D01,mean_reff_core,77,0.630211893369788,0.6771680216802167
D03,fiedler,77,-0.3937904201062095,-0.4396567299006323
D03,kirchhoff,77,0.3933172091066828,0.45433604336043365
D03,gscr_H4,77,-0.40647777537667035,-0.46451255936015506
D03,min_scr_core,77,-0.37669157613974197,-0.43285023064279904
D03,max_flow,77,0.24102213575897785,0.2541102077687443
D03,losses,77,0.47647089752352906,0.4724480578139114
D03,mean_reff_core,77,0.2968084547031915,0.386156278229449
D11,fiedler,77,-0.34021241915978756,-0.3464543812104788
D11,kirchhoff,77,0.341263999158736,0.34914182475158084
D11,gscr_H4,77,-0.38871910142738075,-0.4094874067782449
D11,min_scr_core,77,-0.35727665280658083,-0.37692173059391726
D11,max_flow,77,0.21404910878595088,0.19019873532068654
D11,losses,77,0.44749986855250007,0.40182926829268295
D11,mean_reff_core,77,0.25432462274567535,0.294873532068654
D14,fiedler,77,-0.34213155265786843,-0.34844173441734416
D14,kirchhoff,77,0.3483358746516641,0.3553523035230352
D14,gscr_H4,77,-0.3960539201273834,-0.41628509646720663
D14,min_scr_core,77,-0.3661888518721755,-0.3849841067366392
D14,max_flow,77,0.22346074977653924,0.19853206865401984
D14,losses,77,0.4529680845470318,0.4064814814814815
D14,mean_reff_core,77,0.24501813975498185,0.28696928635953023
H01,fiedler,77,-0.14816762185183235,-0.1768292682926829
H01,kirchhoff,77,0.13005415636994583,0.16743450767841012
H01,gscr_H4,77,-0.1707645694117105,-0.21604683856960516
H01,min_scr_core,77,-0.14358104777800892,-0.18790756497343852
H01,max_flow,77,0.14911404385088595,0.1315943992773261
H01,losses,77,0.3954466586045533,0.3570460704607046
H01,mean_reff_core,77,0.007676533992323466,0.08118789521228545
H02,fiedler,64,-0.4458333333333333,-0.477710027100271
H02,kirchhoff,64,0.6175824175824175,0.4922538392050587
H02,gscr_H4,64,-0.5200380041321037,-0.31433104297611975
H02,min_scr_core,64,-0.5517691365876218,-0.342131561272172
H02,max_flow,64,0.5290293040293039,0.5166666666666666
H02,losses,64,0.7023809523809522,0.4574977416440831
H02,mean_reff_core,64,0.345054945054945,0.17883920505871725
H03,fiedler,77,0.3413165781586834,-0.1868337850045167
H03,kirchhoff,77,-0.38553551711446443,0.16117886178861787
H03,gscr_H4,77,0.3876675145169861,-0.17308137467176646
H03,min_scr_core,77,0.40604399577613254,-0.15926015842710034
H03,max_flow,77,-0.2524580682475419,0.06933152664859982
H03,losses,77,-0.11220358588779641,0.2658084914182475
H03,mean_reff_core,77,-0.3618223881381776,0.09738030713640469
H04,fiedler,77,-0.49453178400546816,-0.5319557362240288
H04,kirchhoff,77,0.49497870550502127,0.5501806684733515
H04,gscr_H4,77,-0.48237606063440386,-0.5317441945895195
H04,min_scr_core,77,-0.4597143627153992,-0.5068118045011021
H04,max_flow,77,0.3341921236658078,0.3434056007226739
H04,losses,77,0.5419843314580156,0.5317750677506775
H04,mean_reff_core,77,0.36784268363215733,0.45153568202348693
H05,fiedler,78,-0.45765626778285,-0.4916892502258356
H05,kirchhoff,78,0.499614309740892,0.5424345076784102
H05,gscr_H4,78,-0.5471272216957181,-0.5812250520928911
H05,min_scr_core,78,-0.5223670150651025,-0.5553215634774793
H05,max_flow,78,0.34331491293516603,0.3424345076784101
H05,losses,78,0.6055084156349978,0.5832655826558266
H05,mean_reff_core,78,0.5933180743307325,0.6345754290876242
H06,fiedler,77,-0.5007098164992901,-0.4995709123757903
H06,kirchhoff,77,0.5685893054314106,0.5578139114724481
H06,gscr_H4,77,-0.6058980880966349,-0.6065526566981084
H06,min_scr_core,77,-0.6165191158916209,-0.6128986726535842
H06,max_flow,77,0.4101424890898575,0.37468383017163504
H06,losses,77,0.5366475629633524,0.4871047877145438
H06,mean_reff_core,77,0.43264630106735363,0.4515808491418248
HARDENING_H01,fiedler,77,-0.6972764078027235,-0.7196476964769647
HARDENING_H01,kirchhoff,77,0.7046111782953888,0.738279132791328
HARDENING_H01,gscr_H4,77,-0.670702131449705,-0.7034140888441427
HARDENING_H01,min_scr_core,77,-0.6504327937518483,-0.6795431320294171
HARDENING_H01,max_flow,77,0.5045217939954781,0.5038617886178861
HARDENING_H01,losses,77,0.6539513118460486,0.6365401987353208
HARDENING_H01,mean_reff_core,77,0.5122246174877753,0.5808491418247516
HARDENING_H02,fiedler,75,-0.6090753911806543,-0.6625112917795846
HARDENING_H02,kirchhoff,75,0.7252631578947368,0.7666440831074977
HARDENING_H02,gscr_H4,75,-0.6931059253797311,-0.7421564033338889
HARDENING_H02,min_scr_core,75,-0.7107731918614475,-0.7530869076842458
HARDENING_H02,max_flow,75,0.5122048364153627,0.538843721770551
HARDENING_H02,losses,75,0.7277667140825036,0.7233288166214996
HARDENING_H02,mean_reff_core,75,0.47320056899004265,0.5468608852755193
HARDENING_H03,fiedler,77,-0.5401440664598558,-0.5737127371273713
HARDENING_H03,kirchhoff,77,0.5541300804458699,0.6032520325203252
HARDENING_H03,gscr_H4,77,-0.5271736630172158,-0.5720786589898033
HARDENING_H03,min_scr_core,77,-0.507298670410757,-0.548704543281912
HARDENING_H03,max_flow,77,0.3691308691308691,0.37481933152664854
HARDENING_H03,losses,77,0.5419054629580945,0.5314137308039747
HARDENING_H03,mean_reff_core,77,0.3910563121089436,0.4717479674796748
HARDENING_H04,fiedler,77,-0.5901466954098533,-0.6179087624209576
HARDENING_H04,kirchhoff,77,0.586361007413639,0.6302168021680218
HARDENING_H04,gscr_H4,77,-0.5835650110871287,-0.6211530101330377
HARDENING_H04,min_scr_core,77,-0.5760198750050471,-0.6122324538966928
HARDENING_H04,max_flow,77,0.4340659340659341,0.4350271002710027
HARDENING_H04,losses,77,0.6532414953467585,0.6341689250225836
HARDENING_H04,mean_reff_core,77,0.4863294600136705,0.5536359530261968
HARDENING_H05,fiedler,77,-0.6266102318733897,-0.6544489611562782
HARDENING_H05,kirchhoff,77,0.6391766128608234,0.680126467931346
HARDENING_H05,gscr_H4,77,-0.6033217001661682,-0.6424381348235569
HARDENING_H05,min_scr_core,77,-0.5840513700331862,-0.6193350233557572
HARDENING_H05,max_flow,77,0.44907723855092274,0.4492773261065944
HARDENING_H05,losses,77,0.5980072559019927,0.5845076784101174
HARDENING_H05,mean_reff_core,77,0.45078605604921385,0.5273938572719061
HARDENING_H06,fiedler,77,-0.5706661759293338,-0.6034327009936765
HARDENING_H06,kirchhoff,77,0.6109416898890582,0.6529584462511292
HARDENING_H06,gscr_H4,77,-0.5894670426217186,-0.6285491675188679
HARDENING_H06,min_scr_core,77,-0.584682322179423,-0.6194479417891287
HARDENING_H06,max_flow,77,0.41001104158998886,0.4150180668473351
HARDENING_H06,losses,77,0.5509227614490771,0.5407859078590785
HARDENING_H06,mean_reff_core,77,0.432251958567748,0.5049232158988256
