design_id,factor,t_s,relative_amplitude,status
full20_step15_medium,0.9,0.0,1.0,LINEAR_DDE_V2
full20_step15_medium,0.9,0.05001091816964855,0.8980261563047504,LINEAR_DDE_V2
full20_step15_medium,0.9,0.1000218363392971,0.8064531310913456,LINEAR_DDE_V2
full20_step15_medium,0.9,0.15003275450894565,0.7242170569082929,LINEAR_DDE_V2
full20_step15_medium,0.9,0.2000436726785942,0.6503679721085204,LINEAR_DDE_V2
full20_step15_medium,0.9,0.2500545908482427,0.5840478239870712,LINEAR_DDE_V2
full20_step15_medium,0.9,0.3000655090178913,0.5244923043962211,LINEAR_DDE_V2
full20_step15_medium,0.9,0.35007642718753984,0.4710078531419935,LINEAR_DDE_V2
full20_step15_medium,0.9,0.4000873453571884,0.42297924486118105,LINEAR_DDE_V2
full20_step15_medium,0.9,0.45009826352683696,0.3798463066056019,LINEAR_DDE_V2
full20_step15_medium,0.9,0.5001091816964854,0.34111353622048857,LINEAR_DDE_V2
full20_step15_medium,0.9,0.5501200998661341,0.30632873591761683,LINEAR_DDE_V2
full20_step15_medium,0.9,0.6001310180357826,0.2750925305234935,LINEAR_DDE_V2
full20_step15_medium,0.9,0.6501419362054311,0.24704018471625097,LINEAR_DDE_V2
full20_step15_medium,0.9,0.7001528543750797,0.2218495687939802,LINEAR_DDE_V2
full20_step15_medium,0.9,0.7501637725447282,0.1992266954289975,LINEAR_DDE_V2
full20_step15_medium,0.9,0.8001746907143767,0.17891153315446595,LINEAR_DDE_V2
full20_step15_medium,0.9,0.8501856088840253,0.16066729899126875,LINEAR_DDE_V2
full20_step15_medium,0.9,0.9001965270536739,0.14428395780927133,LINEAR_DDE_V2
full20_step15_medium,0.9,0.9502074452233225,0.12957090594569012,LINEAR_DDE_V2
full20_step15_medium,0.9,1.0002183633929709,0.11635839780267725,LINEAR_DDE_V2
full20_step15_medium,0.9,1.0502292815626195,0.10449307490462949,LINEAR_DDE_V2
full20_step15_medium,0.9,1.1002401997322682,0.09383770971711716,LINEAR_DDE_V2
full20_step15_medium,0.9,1.1502511179019166,0.08426893898154122,LINEAR_DDE_V2
full20_step15_medium,0.9,1.2002620360715652,0.07567581139944946,LINEAR_DDE_V2
full20_step15_medium,0.9,1.2502729542412137,0.06795908843142649,LINEAR_DDE_V2
full20_step15_medium,0.9,1.3002838724108623,0.0610290735102975,LINEAR_DDE_V2
full20_step15_medium,0.9,1.3502947905805107,0.054805924725483415,LINEAR_DDE_V2
full20_step15_medium,0.9,1.4003057087501594,0.049217155517389484,LINEAR_DDE_V2
full20_step15_medium,0.9,1.450316626919808,0.04419849296514019,LINEAR_DDE_V2
full20_step15_medium,0.9,1.5003275450894564,0.03969138826955603,LINEAR_DDE_V2
full20_step15_medium,0.9,1.550338463259105,0.03564407523464737,LINEAR_DDE_V2
full20_step15_medium,0.9,1.6003493814287535,0.032009295456833134,LINEAR_DDE_V2
full20_step15_medium,0.9,1.6503602995984021,0.028745322558629056,LINEAR_DDE_V2
full20_step15_medium,0.9,1.7003712177680506,0.0258140408382741,LINEAR_DDE_V2
full20_step15_medium,0.9,1.7503821359376992,0.0231817903796456,LINEAR_DDE_V2
full20_step15_medium,0.9,1.8003930541073478,0.020817852731351633,LINEAR_DDE_V2
full20_step15_medium,0.9,1.8504039722769963,0.01869505412968797,LINEAR_DDE_V2
full20_step15_medium,0.9,1.900414890446645,0.016788654885979692,LINEAR_DDE_V2
full20_step15_medium,0.9,1.9504258086162933,0.015076703668687038,LINEAR_DDE_V2
full20_step15_medium,0.9,2.0004367267859418,0.013539290153785407,LINEAR_DDE_V2
full20_step15_medium,0.9,2.0504476449555904,0.012158671384636924,LINEAR_DDE_V2
full20_step15_medium,0.9,2.100458563125239,0.010918826338016397,LINEAR_DDE_V2
full20_step15_medium,0.9,2.1504694812948877,0.009805409862897874,LINEAR_DDE_V2
full20_step15_medium,0.9,2.2004803994645363,0.00880553808538238,LINEAR_DDE_V2
full20_step15_medium,0.9,2.2504913176341845,0.007907613757414689,LINEAR_DDE_V2
full20_step15_medium,0.9,2.300502235803833,0.007101270100890929,LINEAR_DDE_V2
full20_step15_medium,0.9,2.350513153973482,0.006377128492473234,LINEAR_DDE_V2
full20_step15_medium,0.9,2.4005240721431305,0.005726850434361278,LINEAR_DDE_V2
full20_step15_medium,0.9,2.4505349903127787,0.00514286178290438,LINEAR_DDE_V2
full20_step15_medium,0.9,2.5005459084824273,0.004618447192930451,LINEAR_DDE_V2
full20_step15_medium,0.9,2.550556826652076,0.004147484126035273,LINEAR_DDE_V2
full20_step15_medium,0.9,2.6005677448217246,0.003724565551546608,LINEAR_DDE_V2
full20_step15_medium,0.9,2.6505786629913732,0.003344755914720534,LINEAR_DDE_V2
full20_step15_medium,0.9,2.7005895811610214,0.003003694253324599,LINEAR_DDE_V2
full20_step15_medium,0.9,2.75060049933067,0.0026973949431490897,LINEAR_DDE_V2
full20_step15_medium,0.9,2.8006114175003187,0.002422340747147079,LINEAR_DDE_V2
full20_step15_medium,0.9,2.8506223356699674,0.0021753250991542895,LINEAR_DDE_V2
full20_step15_medium,0.9,2.900633253839616,0.0019535080271247517,LINEAR_DDE_V2
full20_step15_medium,0.9,2.950644172009264,0.0017543028429620575,LINEAR_DDE_V2
full20_step15_medium,0.9,3.000655090178913,0.0015754140634488204,LINEAR_DDE_V2
full20_step15_medium,0.9,3.0506660083485615,0.0014147642161876685,LINEAR_DDE_V2
full20_step15_medium,0.9,3.10067692651821,0.001270499680936106,LINEAR_DDE_V2
full20_step15_medium,0.9,3.1506878446878583,0.001140945086559058,LINEAR_DDE_V2
full20_step15_medium,0.9,3.200698762857507,0.0010245993026692481,LINEAR_DDE_V2
full20_step15_medium,0.9,3.2507096810271556,0.000920118729766635,LINEAR_DDE_V2
full20_step15_medium,0.9,3.3007205991968043,0.0008262926668902498,LINEAR_DDE_V2
full20_step15_medium,0.9,3.350731517366453,0.0007420363067431264,LINEAR_DDE_V2
full20_step15_medium,0.9,3.400742435536101,0.0006663672553089709,LINEAR_DDE_V2
full20_step15_medium,0.9,3.4507533537057498,0.000598416251524032,LINEAR_DDE_V2
full20_step15_medium,0.9,3.5007642718753984,0.0005373941233384572,LINEAR_DDE_V2
full20_step15_medium,0.9,3.550775190045047,0.0004825979570065854,LINEAR_DDE_V2
full20_step15_medium,0.9,3.6007861082146957,0.0004333849980209164,LINEAR_DDE_V2
full20_step15_medium,0.9,3.650797026384344,0.00038919109233885834,LINEAR_DDE_V2
full20_step15_medium,0.9,3.7008079445539925,0.0003495037065691385,LINEAR_DDE_V2
full20_step15_medium,0.9,3.750818862723641,0.0003138667923742596,LINEAR_DDE_V2
full20_step15_medium,0.9,3.80082978089329,0.0002818606571132371,LINEAR_DDE_V2
full20_step15_medium,0.9,3.850840699062938,0.0002531175969070258,LINEAR_DDE_V2
full20_step15_medium,0.9,3.9008516172325867,0.00022730588958891563,LINEAR_DDE_V2
full20_step15_medium,0.9,3.9508625354022353,0.0002041291194069017,LINEAR_DDE_V2
full20_step15_medium,0.9,4.0008734535718835,0.0001833139972453543,LINEAR_DDE_V2
full20_step15_medium,0.9,4.050884371741533,0.00016461975100907648,LINEAR_DDE_V2
full20_step15_medium,0.9,4.100895289911181,0.0001478322489348894,LINEAR_DDE_V2
full20_step15_medium,0.9,4.15090620808083,0.00013275892304895657,LINEAR_DDE_V2
full20_step15_medium,0.9,4.200917126250478,0.0001192222605825016,LINEAR_DDE_V2
full20_step15_medium,0.9,4.250928044420126,0.00010706373745897621,LINEAR_DDE_V2
full20_step15_medium,0.9,4.300938962589775,9.614516880967126e-05,LINEAR_DDE_V2
full20_step15_medium,0.9,4.350949880759424,8.634191489722006e-05,LINEAR_DDE_V2
full20_step15_medium,0.9,4.400960798929073,7.753885993777765e-05,LINEAR_DDE_V2
full20_step15_medium,0.9,4.450971717098721,6.963115169223589e-05,LINEAR_DDE_V2
full20_step15_medium,0.9,4.500982635268369,6.252947582418935e-05,LINEAR_DDE_V2
full20_step15_medium,0.9,4.550993553438018,5.615373020005296e-05,LINEAR_DDE_V2
full20_step15_medium,0.9,4.601004471607666,5.0429268726925065e-05,LINEAR_DDE_V2
full20_step15_medium,0.9,4.651015389777315,4.528634950769295e-05,LINEAR_DDE_V2
full20_step15_medium,0.9,4.701026307946964,4.066689562966994e-05,LINEAR_DDE_V2
full20_step15_medium,0.9,4.751037226116612,3.6520098641008674e-05,LINEAR_DDE_V2
full20_step15_medium,0.9,4.801048144286261,3.27978363181927e-05,LINEAR_DDE_V2
full20_step15_medium,0.9,4.851059062455909,2.945341470672515e-05,LINEAR_DDE_V2
full20_step15_medium,0.9,4.901069980625557,2.644840021087243e-05,LINEAR_DDE_V2
full20_step15_medium,0.9,4.951080898795206,2.3750986546844056e-05,LINEAR_DDE_V2
full20_step15_medium,0.9,5.001091816964855,2.133065246818262e-05,LINEAR_DDE_V2
full20_step15_medium,0.9,5.051102735134504,1.91561012050299e-05,LINEAR_DDE_V2
full20_step15_medium,0.9,5.101113653304152,1.7201298424555507e-05,LINEAR_DDE_V2
full20_step15_medium,0.9,5.1511245714738,1.5446455702517087e-05,LINEAR_DDE_V2
full20_step15_medium,0.9,5.201135489643449,1.3872645262582316e-05,LINEAR_DDE_V2
full20_step15_medium,0.9,5.251146407813097,1.2458969036365997e-05,LINEAR_DDE_V2
full20_step15_medium,0.9,5.3011573259827465,1.1187374853952832e-05,LINEAR_DDE_V2
full20_step15_medium,0.9,5.351168244152395,1.0045514783147256e-05,LINEAR_DDE_V2
full20_step15_medium,0.9,5.401179162322043,9.022081661488906e-06,LINEAR_DDE_V2
full20_step15_medium,0.9,5.451190080491692,8.103277924192358e-06,LINEAR_DDE_V2
full20_step15_medium,0.9,5.50120099866134,7.276223620516571e-06,LINEAR_DDE_V2
full20_step15_medium,0.9,5.551211916830989,6.53301042271364e-06,LINEAR_DDE_V2
full20_step15_medium,0.9,5.6012228350006374,5.867346242198824e-06,LINEAR_DDE_V2
full20_step15_medium,0.9,5.651233753170286,5.27036857420282e-06,LINEAR_DDE_V2
full20_step15_medium,0.9,5.701244671339935,4.732597079847411e-06,LINEAR_DDE_V2
full20_step15_medium,0.9,5.751255589509583,4.248675179417428e-06,LINEAR_DDE_V2
full20_step15_medium,0.9,5.801266507679232,3.8155616100016126e-06,LINEAR_DDE_V2
full20_step15_medium,0.9,5.85127742584888,3.427850629276665e-06,LINEAR_DDE_V2
full20_step15_medium,0.9,5.901288344018528,3.0783592103395277e-06,LINEAR_DDE_V2
full20_step15_medium,0.9,5.9512992621881775,2.7631178065296936e-06,LINEAR_DDE_V2
full20_step15_medium,0.9,6.001310180357826,2.4811023288123823e-06,LINEAR_DDE_V2
full20_step15_medium,0.9,6.051321098527475,2.229406084422123e-06,LINEAR_DDE_V2
full20_step15_medium,0.9,6.101332016697123,2.0025214925069517e-06,LINEAR_DDE_V2
full20_step15_medium,0.9,6.151342934866771,1.7971165527285934e-06,LINEAR_DDE_V2
full20_step15_medium,0.9,6.20135385303642,1.6132389946154932e-06,LINEAR_DDE_V2
full20_step15_medium,0.9,6.2513647712060685,1.449831655649864e-06,LINEAR_DDE_V2
full20_step15_medium,0.9,6.301375689375717,1.302774272305324e-06,LINEAR_DDE_V2
full20_step15_medium,0.9,6.351386607545366,1.1689901795814606e-06,LINEAR_DDE_V2
full20_step15_medium,0.9,6.401397525715014,1.0489019560694867e-06,LINEAR_DDE_V2
full20_step15_medium,0.9,6.451408443884663,9.427397980246486e-07,LINEAR_DDE_V2
full20_step15_medium,0.9,6.501419362054311,8.475961005416674e-07,LINEAR_DDE_V2
full20_step15_medium,0.9,6.5514302802239595,7.605505154505265e-07,LINEAR_DDE_V2
full20_step15_medium,0.9,6.6014411983936085,6.819740705104431e-07,LINEAR_DDE_V2
full20_step15_medium,0.9,6.651452116563257,6.129040113444933e-07,LINEAR_DDE_V2
full20_step15_medium,0.9,6.701463034732906,5.514890948058126e-07,LINEAR_DDE_V2
full20_step15_medium,0.9,6.751473952902554,4.949733118278289e-07,LINEAR_DDE_V2
full20_step15_medium,0.9,6.801484871072202,4.434365959272349e-07,LINEAR_DDE_V2
full20_step15_medium,0.9,6.851495789241851,3.9836646624598634e-07,LINEAR_DDE_V2
full20_step15_medium,0.9,6.9015067074114995,3.5883912101437986e-07,LINEAR_DDE_V2
full20_step15_medium,0.9,6.951517625581149,3.2229941324844017e-07,LINEAR_DDE_V2
full20_step15_medium,0.9,7.001528543750797,2.884129766373594e-07,LINEAR_DDE_V2
full20_step15_medium,0.9,7.051539461920445,2.588459925937319e-07,LINEAR_DDE_V2
full20_step15_medium,0.9,7.101550380090094,2.3347947421418196e-07,LINEAR_DDE_V2
full20_step15_medium,0.9,7.151561298259742,2.100268634440744e-07,LINEAR_DDE_V2
full20_step15_medium,0.9,7.201572216429391,1.8771321301420142e-07,LINEAR_DDE_V2
full20_step15_medium,0.9,7.25158313459904,1.6815307407304827e-07,LINEAR_DDE_V2
full20_step15_medium,0.9,7.301594052768688,1.518956024789223e-07,LINEAR_DDE_V2
full20_step15_medium,0.9,7.351604970938337,1.3701873343097532e-07,LINEAR_DDE_V2
full20_step15_medium,0.9,7.401615889107985,1.2235241499709008e-07,LINEAR_DDE_V2
full20_step15_medium,0.9,7.451626807277634,1.0926051436653076e-07,LINEAR_DDE_V2
full20_step15_medium,0.9,7.501637725447282,9.880445985579243e-08,LINEAR_DDE_V2
full20_step15_medium,0.9,7.551648643616931,8.952746621259405e-08,LINEAR_DDE_V2
full20_step15_medium,0.9,7.60165956178658,7.99686660240939e-08,LINEAR_DDE_V2
full20_step15_medium,0.9,7.651670479956228,7.109525887971164e-08,LINEAR_DDE_V2
full20_step15_medium,0.9,7.701681398125876,6.429295997670865e-08,LINEAR_DDE_V2
full20_step15_medium,0.9,7.751692316295525,5.863251884687365e-08,LINEAR_DDE_V2
full20_step15_medium,0.9,7.801703234465173,5.251075769831441e-08,LINEAR_DDE_V2
full20_step15_medium,0.9,7.851714152634822,4.64370231083198e-08,LINEAR_DDE_V2
full20_step15_medium,0.9,7.901725070804471,4.192254323682289e-08,LINEAR_DDE_V2
full20_step15_medium,0.9,7.951735988974119,3.856426152940286e-08,LINEAR_DDE_V2
full20_step15_medium,0.9,8.000022392724125,3.490812755139238e-08,LINEAR_DDE_V2
full20_step15_medium,0.98,0.0,1.0,LINEAR_DDE_V2
full20_step15_medium,0.98,0.04989595054167233,0.979120665911983,LINEAR_DDE_V2
full20_step15_medium,0.98,0.09979190108334467,0.9586805215565158,LINEAR_DDE_V2
full20_step15_medium,0.98,0.149687851625017,0.9386648781243613,LINEAR_DDE_V2
full20_step15_medium,0.98,0.19958380216668933,0.9190702532172091,LINEAR_DDE_V2
full20_step15_medium,0.98,0.24947975270836165,0.8998806872586514,LINEAR_DDE_V2
full20_step15_medium,0.98,0.299375703250034,0.8810962249163883,LINEAR_DDE_V2
full20_step15_medium,0.98,0.3492716537917063,0.8626994145258006,LINEAR_DDE_V2
full20_step15_medium,0.98,0.39916760433337867,0.8446908550941581,LINEAR_DDE_V2
full20_step15_medium,0.98,0.44906355487505095,0.8270547059828802,LINEAR_DDE_V2
full20_step15_medium,0.98,0.4989595054167233,0.8097894049977108,LINEAR_DDE_V2
full20_step15_medium,0.98,0.5488554559583957,0.7928829819979,LINEAR_DDE_V2
full20_step15_medium,0.98,0.598751406500068,0.7763299207925438,LINEAR_DDE_V2
full20_step15_medium,0.98,0.6486473570417403,0.7601231675286215,LINEAR_DDE_V2
full20_step15_medium,0.98,0.6985433075834127,0.7442529898310783,LINEAR_DDE_V2
full20_step15_medium,0.98,0.7484392581250849,0.7287167638186636,LINEAR_DDE_V2
full20_step15_medium,0.98,0.7983352086667573,0.713501651798979,LINEAR_DDE_V2
full20_step15_medium,0.98,0.8482311592084296,0.6986077372113499,LINEAR_DDE_V2
full20_step15_medium,0.98,0.8981271097501019,0.6840211889152265,LINEAR_DDE_V2
full20_step15_medium,0.98,0.9480230602917743,0.669742467550699,LINEAR_DDE_V2
full20_step15_medium,0.98,0.9979190108334466,0.6557590666571321,LINEAR_DDE_V2
full20_step15_medium,0.98,1.0478149613751189,0.642069640506099,LINEAR_DDE_V2
full20_step15_medium,0.98,1.0977109119167914,0.6286648300845489,LINEAR_DDE_V2
full20_step15_medium,0.98,1.1476068624584637,0.6155401187027213,LINEAR_DDE_V2
full20_step15_medium,0.98,1.197502813000136,0.6026900757516679,LINEAR_DDE_V2
full20_step15_medium,0.98,1.2473987635418082,0.5901068193609292,LINEAR_DDE_V2
full20_step15_medium,0.98,1.2972947140834805,0.5777884152042025,LINEAR_DDE_V2
full20_step15_medium,0.98,1.347190664625153,0.5657245593623355,LINEAR_DDE_V2
full20_step15_medium,0.98,1.3970866151668253,0.5539154165539678,LINEAR_DDE_V2
full20_step15_medium,0.98,1.4469825657084976,0.5423499630612656,LINEAR_DDE_V2
full20_step15_medium,0.98,1.4968785162501699,0.5310285749278701,LINEAR_DDE_V2
full20_step15_medium,0.98,1.5467744667918422,0.5199413676704046,LINEAR_DDE_V2
full20_step15_medium,0.98,1.5966704173335147,0.5090872034068709,LINEAR_DDE_V2
full20_step15_medium,0.98,1.646566367875187,0.49845876798478017,LINEAR_DDE_V2
full20_step15_medium,0.98,1.6964623184168592,0.4880523491776403,LINEAR_DDE_V2
full20_step15_medium,0.98,1.7463582689585315,0.4778637829801126,LINEAR_DDE_V2
full20_step15_medium,0.98,1.7962542195002038,0.4678866755914822,LINEAR_DDE_V2
full20_step15_medium,0.98,1.8461501700418763,0.45811962832533293,LINEAR_DDE_V2
full20_step15_medium,0.98,1.8960461205835486,0.4485543635822841,LINEAR_DDE_V2
full20_step15_medium,0.98,1.9459420711252209,0.43919108539354024,LINEAR_DDE_V2
full20_step15_medium,0.98,1.9958380216668932,0.43002101330975057,LINEAR_DDE_V2
full20_step15_medium,0.98,2.0457339722085655,0.4210444457312102,LINEAR_DDE_V2
full20_step15_medium,0.98,2.0956299227502377,0.4122535882590108,LINEAR_DDE_V2
full20_step15_medium,0.98,2.14552587329191,0.4036474623710814,LINEAR_DDE_V2
full20_step15_medium,0.98,2.1954218238335828,0.39522036899067065,LINEAR_DDE_V2
full20_step15_medium,0.98,2.245317774375255,0.3869692454562989,LINEAR_DDE_V2
full20_step15_medium,0.98,2.2952137249169273,0.37889091640229344,LINEAR_DDE_V2
full20_step15_medium,0.98,2.3451096754585996,0.370980195530534,LINEAR_DDE_V2
full20_step15_medium,0.98,2.395005626000272,0.3632360744446156,LINEAR_DDE_V2
full20_step15_medium,0.98,2.444901576541944,0.3556519089606725,LINEAR_DDE_V2
full20_step15_medium,0.98,2.4947975270836165,0.34822791015428306,LINEAR_DDE_V2
full20_step15_medium,0.98,2.5446934776252887,0.3409571062758147,LINEAR_DDE_V2
full20_step15_medium,0.98,2.594589428166961,0.3338397125454997,LINEAR_DDE_V2
full20_step15_medium,0.98,2.6444853787086333,0.3268695955136223,LINEAR_DDE_V2
full20_step15_medium,0.98,2.694381329250306,0.3200459033506257,LINEAR_DDE_V2
full20_step15_medium,0.98,2.7442772797919783,0.3133642149402098,LINEAR_DDE_V2
full20_step15_medium,0.98,2.7941732303336506,0.3068220017036557,LINEAR_DDE_V2
full20_step15_medium,0.98,2.844069180875323,0.3004168435480572,LINEAR_DDE_V2
full20_step15_medium,0.98,2.893965131416995,0.2941445334615486,LINEAR_DDE_V2
full20_step15_medium,0.98,2.9438610819586675,0.2880043487821029,LINEAR_DDE_V2
full20_step15_medium,0.98,2.9937570325003398,0.2819909745655822,LINEAR_DDE_V2
full20_step15_medium,0.98,3.043652983042012,0.27610460143652665,LINEAR_DDE_V2
full20_step15_medium,0.98,3.0935489335836843,0.2703396996752323,LINEAR_DDE_V2
full20_step15_medium,0.98,3.1434448841253566,0.2646964108914862,LINEAR_DDE_V2
full20_step15_medium,0.98,3.1933408346670293,0.25916992900792074,LINEAR_DDE_V2
full20_step15_medium,0.98,3.2432367852087016,0.25375951025368904,LINEAR_DDE_V2
full20_step15_medium,0.98,3.293132735750374,0.24846172422591498,LINEAR_DDE_V2
full20_step15_medium,0.98,3.343028686292046,0.2432744807935848,LINEAR_DDE_V2
full20_step15_medium,0.98,3.3929246368337185,0.23819594422941173,LINEAR_DDE_V2
full20_step15_medium,0.98,3.4428205873753908,0.23322271389748947,LINEAR_DDE_V2
full20_step15_medium,0.98,3.492716537917063,0.2283542665139907,LINEAR_DDE_V2
full20_step15_medium,0.98,3.5426124884587353,0.2235863504903787,LINEAR_DDE_V2
full20_step15_medium,0.98,3.5925084390004076,0.21891912943393785,LINEAR_DDE_V2
full20_step15_medium,0.98,3.6424043895420803,0.2143482346883143,LINEAR_DDE_V2
full20_step15_medium,0.98,3.6923003400837526,0.20987374843382126,LINEAR_DDE_V2
full20_step15_medium,0.98,3.742196290625425,0.2054919013310552,LINEAR_DDE_V2
full20_step15_medium,0.98,3.792092241167097,0.20120204358731944,LINEAR_DDE_V2
full20_step15_medium,0.98,3.8419881917087695,0.19700152505032553,LINEAR_DDE_V2
full20_step15_medium,0.98,3.8918841422504418,0.19288862616113178,LINEAR_DDE_V2
full20_step15_medium,0.98,3.941780092792114,0.18886194753564636,LINEAR_DDE_V2
full20_step15_medium,0.98,3.9916760433337863,0.18491873786825902,LINEAR_DDE_V2
full20_step15_medium,0.98,4.041571993875459,0.18105862267276263,LINEAR_DDE_V2
full20_step15_medium,0.98,4.091467944417131,0.17727821471628774,LINEAR_DDE_V2
full20_step15_medium,0.98,4.141363894958803,0.17357764671377524,LINEAR_DDE_V2
full20_step15_medium,0.98,4.1912598455004755,0.16995346117484394,LINEAR_DDE_V2
full20_step15_medium,0.98,4.241155796042148,0.16640569621064794,LINEAR_DDE_V2
full20_step15_medium,0.98,4.29105174658382,0.16293140735969752,LINEAR_DDE_V2
full20_step15_medium,0.98,4.340947697125492,0.15953003462946178,LINEAR_DDE_V2
full20_step15_medium,0.98,4.3908436476671655,0.15619952230791906,LINEAR_DDE_V2
full20_step15_medium,0.98,4.440739598208838,0.15293845359446093,LINEAR_DDE_V2
full20_step15_medium,0.98,4.49063554875051,0.14974576863451267,LINEAR_DDE_V2
full20_step15_medium,0.98,4.540531499292182,0.14661925271685888,LINEAR_DDE_V2
full20_step15_medium,0.98,4.590427449833855,0.1435586329228105,LINEAR_DDE_V2
full20_step15_medium,0.98,4.640323400375527,0.14056120392694718,LINEAR_DDE_V2
full20_step15_medium,0.98,4.690219350917199,0.1376270739764251,LINEAR_DDE_V2
full20_step15_medium,0.98,4.7401153014588715,0.1347535179611432,LINEAR_DDE_V2
full20_step15_medium,0.98,4.790011252000544,0.13194054462944274,LINEAR_DDE_V2
full20_step15_medium,0.98,4.839907202542216,0.12918584428634416,LINEAR_DDE_V2
full20_step15_medium,0.98,4.889803153083888,0.1264889350333191,LINEAR_DDE_V2
full20_step15_medium,0.98,4.939699103625561,0.1238482303033845,LINEAR_DDE_V2
full20_step15_medium,0.98,4.989595054167233,0.12126257217128937,LINEAR_DDE_V2
full20_step15_medium,0.98,5.039491004708905,0.11873115048977363,LINEAR_DDE_V2
full20_step15_medium,0.98,5.0893869552505775,0.1162521771441209,LINEAR_DDE_V2
full20_step15_medium,0.98,5.13928290579225,0.11382545794285373,LINEAR_DDE_V2
full20_step15_medium,0.98,5.189178856333922,0.11144884278005095,LINEAR_DDE_V2
full20_step15_medium,0.98,5.239074806875594,0.10912241666141606,LINEAR_DDE_V2
full20_step15_medium,0.98,5.288970757417267,0.10684402234455315,LINEAR_DDE_V2
full20_step15_medium,0.98,5.33886670795894,0.1046136495853714,LINEAR_DDE_V2
full20_step15_medium,0.98,5.388762658500612,0.10242949551841571,LINEAR_DDE_V2
full20_step15_medium,0.98,5.438658609042284,0.10029115250887209,LINEAR_DDE_V2
full20_step15_medium,0.98,5.488554559583957,0.09819738695294634,LINEAR_DDE_V2
full20_step15_medium,0.98,5.538450510125629,0.09614724935450938,LINEAR_DDE_V2
full20_step15_medium,0.98,5.588346460667301,0.09414012639130014,LINEAR_DDE_V2
full20_step15_medium,0.98,5.6382424112089735,0.09217458391400793,LINEAR_DDE_V2
full20_step15_medium,0.98,5.688138361750646,0.09025047970663776,LINEAR_DDE_V2
full20_step15_medium,0.98,5.738034312292318,0.0883660971078109,LINEAR_DDE_V2
full20_step15_medium,0.98,5.78793026283399,0.08652150447766863,LINEAR_DDE_V2
full20_step15_medium,0.98,5.837826213375663,0.08471500341740278,LINEAR_DDE_V2
full20_step15_medium,0.98,5.887722163917335,0.08294657299532668,LINEAR_DDE_V2
full20_step15_medium,0.98,5.937618114459007,0.0812147966765024,LINEAR_DDE_V2
full20_step15_medium,0.98,5.9875140650006795,0.07951932890007335,LINEAR_DDE_V2
full20_step15_medium,0.98,6.037410015542352,0.0778592177565366,LINEAR_DDE_V2
full20_step15_medium,0.98,6.087305966084024,0.0762336919347491,LINEAR_DDE_V2
full20_step15_medium,0.98,6.137201916625696,0.07464228067743456,LINEAR_DDE_V2
full20_step15_medium,0.98,6.187097867167369,0.07308382792477336,LINEAR_DDE_V2
full20_step15_medium,0.98,6.236993817709041,0.07155823363542999,LINEAR_DDE_V2
full20_step15_medium,0.98,6.286889768250713,0.07006413600166872,LINEAR_DDE_V2
full20_step15_medium,0.98,6.336785718792386,0.06860158766846909,LINEAR_DDE_V2
full20_step15_medium,0.98,6.386681669334059,0.0671692432149358,LINEAR_DDE_V2
full20_step15_medium,0.98,6.436577619875731,0.06576707546491065,LINEAR_DDE_V2
full20_step15_medium,0.98,6.486473570417403,0.06439397951434468,LINEAR_DDE_V2
full20_step15_medium,0.98,6.5363695209590755,0.06304966679685906,LINEAR_DDE_V2
full20_step15_medium,0.98,6.586265471500748,0.06173339553272827,LINEAR_DDE_V2
full20_step15_medium,0.98,6.63616142204242,0.06044453526311993,LINEAR_DDE_V2
full20_step15_medium,0.98,6.686057372584092,0.05918273037199592,LINEAR_DDE_V2
full20_step15_medium,0.98,6.735953323125765,0.057947056054046764,LINEAR_DDE_V2
full20_step15_medium,0.98,6.785849273667437,0.05673743867429133,LINEAR_DDE_V2
full20_step15_medium,0.98,6.835745224209109,0.05555279097837189,LINEAR_DDE_V2
full20_step15_medium,0.98,6.8856411747507815,0.05439315495073355,LINEAR_DDE_V2
full20_step15_medium,0.98,6.935537125292454,0.05325747276731513,LINEAR_DDE_V2
full20_step15_medium,0.98,6.985433075834126,0.05214571467069258,LINEAR_DDE_V2
full20_step15_medium,0.98,7.035329026375798,0.05105701177619435,LINEAR_DDE_V2
full20_step15_medium,0.98,7.085224976917471,0.0499911211353856,LINEAR_DDE_V2
full20_step15_medium,0.98,7.135120927459143,0.04894747161236811,LINEAR_DDE_V2
full20_step15_medium,0.98,7.185016878000815,0.047925552528921875,LINEAR_DDE_V2
full20_step15_medium,0.98,7.2349128285424875,0.04692509063012827,LINEAR_DDE_V2
full20_step15_medium,0.98,7.284808779084161,0.04594534054951429,LINEAR_DDE_V2
full20_step15_medium,0.98,7.334704729625833,0.04498625194592735,LINEAR_DDE_V2
full20_step15_medium,0.98,7.384600680167505,0.04404696348030233,LINEAR_DDE_V2
full20_step15_medium,0.98,7.4344966307091775,0.043127506702446645,LINEAR_DDE_V2
full20_step15_medium,0.98,7.48439258125085,0.04222704340678095,LINEAR_DDE_V2
full20_step15_medium,0.98,7.534288531792522,0.04134554286587894,LINEAR_DDE_V2
full20_step15_medium,0.98,7.584184482334194,0.040482328918838587,LINEAR_DDE_V2
full20_step15_medium,0.98,7.634080432875867,0.039637199347888494,LINEAR_DDE_V2
full20_step15_medium,0.98,7.683976383417539,0.03880970936289097,LINEAR_DDE_V2
full20_step15_medium,0.98,7.733872333959211,0.03799944134190801,LINEAR_DDE_V2
full20_step15_medium,0.98,7.7837682845008835,0.03720619067646684,LINEAR_DDE_V2
full20_step15_medium,0.98,7.833664235042556,0.03642936140866812,LINEAR_DDE_V2
full20_step15_medium,0.98,7.883560185584228,0.03566891690718257,LINEAR_DDE_V2
full20_step15_medium,0.98,7.9334561361259,0.03492416904867862,LINEAR_DDE_V2
full20_step15_medium,0.98,7.983352086667573,0.03419514295377639,LINEAR_DDE_V2
full20_step15_medium,0.98,7.999984070181464,0.03395550220612509,LINEAR_DDE_V2
full20_step15_medium,1.02,0.0,1.0,LINEAR_DDE_V2
full20_step15_medium,1.02,0.049978070275941054,1.0151148867382465,LINEAR_DDE_V2
full20_step15_medium,1.02,0.09995614055188211,1.0304616602696877,LINEAR_DDE_V2
full20_step15_medium,1.02,0.14993421082782316,1.0460381133530892,LINEAR_DDE_V2
full20_step15_medium,1.02,0.19991228110376422,1.0618535944488623,LINEAR_DDE_V2
full20_step15_medium,1.02,0.24989035137970525,1.0779034199714201,LINEAR_DDE_V2
full20_step15_medium,1.02,0.2998684216556463,1.0942013791114278,LINEAR_DDE_V2
full20_step15_medium,1.02,0.34984649193158734,1.1107400012662438,LINEAR_DDE_V2
full20_step15_medium,1.02,0.39982456220752843,1.1275340689599151,LINEAR_DDE_V2
full20_step15_medium,1.02,0.44980263248346947,1.1445773739407203,LINEAR_DDE_V2
full20_step15_medium,1.02,0.4997807027594105,1.161881747905181,LINEAR_DDE_V2
full20_step15_medium,1.02,0.5497587730353516,1.1794458825299268,LINEAR_DDE_V2
full20_step15_medium,1.02,0.5997368433112926,1.1972755918075637,LINEAR_DDE_V2
full20_step15_medium,1.02,0.6497149135872337,1.2153766282952194,LINEAR_DDE_V2
full20_step15_medium,1.02,0.6996929838631747,1.2337477777472614,LINEAR_DDE_V2
full20_step15_medium,1.02,0.7496710541391157,1.2524016363513344,LINEAR_DDE_V2
full20_step15_medium,1.02,0.7996491244150569,1.271331460110445,LINEAR_DDE_V2
full20_step15_medium,1.02,0.8496271946909979,1.2905540107391738,LINEAR_DDE_V2
full20_step15_medium,1.02,0.8996052649669389,1.310060659229567,LINEAR_DDE_V2
full20_step15_medium,1.02,0.94958333524288,1.329868042197959,LINEAR_DDE_V2
full20_step15_medium,1.02,0.999561405518821,1.3499702204573818,LINEAR_DDE_V2
full20_step15_medium,1.02,1.049539475794762,1.370379249802949,LINEAR_DDE_V2
full20_step15_medium,1.02,1.0995175460707032,1.39109584452933,LINEAR_DDE_V2
full20_step15_medium,1.02,1.149495616346644,1.4121244412795413,LINEAR_DDE_V2
full20_step15_medium,1.02,1.1994736866225852,1.4334742213869216,LINEAR_DDE_V2
full20_step15_medium,1.02,1.2494517568985262,1.4551415964969923,LINEAR_DDE_V2
full20_step15_medium,1.02,1.2994298271744673,1.4771431327387121,LINEAR_DDE_V2
full20_step15_medium,1.02,1.3494078974504085,1.4994697699167996,LINEAR_DDE_V2
full20_step15_medium,1.02,1.3993859677263494,1.5221416619874677,LINEAR_DDE_V2
full20_step15_medium,1.02,1.4493640380022905,1.5451490326010484,LINEAR_DDE_V2
full20_step15_medium,1.02,1.4993421082782314,1.5685103106128675,LINEAR_DDE_V2
full20_step15_medium,1.02,1.5493201785541726,1.5922204104218782,LINEAR_DDE_V2
full20_step15_medium,1.02,1.5992982488301137,1.616291071879779,LINEAR_DDE_V2
full20_step15_medium,1.02,1.6492763191060547,1.6407259726488324,LINEAR_DDE_V2
full20_step15_medium,1.02,1.6992543893819958,1.665527375374609,LINEAR_DDE_V2
full20_step15_medium,1.02,1.7492324596579367,1.6907089360589944,LINEAR_DDE_V2
full20_step15_medium,1.02,1.7992105299338779,1.7162640173720367,LINEAR_DDE_V2
full20_step15_medium,1.02,1.8491886002098188,1.7422139170434774,LINEAR_DDE_V2
full20_step15_medium,1.02,1.89916667048576,1.7685470292785628,LINEAR_DDE_V2
full20_step15_medium,1.02,1.949144740761701,1.795287072374364,LINEAR_DDE_V2
full20_step15_medium,1.02,1.999122811037642,1.8224235660950314,LINEAR_DDE_V2
full20_step15_medium,1.02,2.049100881313583,1.849976267701229,LINEAR_DDE_V2
full20_step15_medium,1.02,2.099078951589524,1.8779419430030175,LINEAR_DDE_V2
full20_step15_medium,1.02,2.149057021865465,1.9063311056011518,LINEAR_DDE_V2
full20_step15_medium,1.02,2.1990350921414064,1.935151695288436,LINEAR_DDE_V2
full20_step15_medium,1.02,2.2490131624173473,1.964402854162585,LINEAR_DDE_V2
full20_step15_medium,1.02,2.298991232693288,1.9941038178032955,LINEAR_DDE_V2
full20_step15_medium,1.02,2.3489693029692296,2.0242443240445134,LINEAR_DDE_V2
full20_step15_medium,1.02,2.3989473732451705,2.0548509599503557,LINEAR_DDE_V2
full20_step15_medium,1.02,2.4489254435211114,2.085909707850483,LINEAR_DDE_V2
full20_step15_medium,1.02,2.4989035137970523,2.1174476816125813,LINEAR_DDE_V2
full20_step15_medium,1.02,2.5488815840729937,2.149454537182484,LINEAR_DDE_V2
full20_step15_medium,1.02,2.5988596543489346,2.181950544593021,LINEAR_DDE_V2
full20_step15_medium,1.02,2.6488377246248755,2.214935670499879,LINEAR_DDE_V2
full20_step15_medium,1.02,2.698815794900817,2.2484181252930804,LINEAR_DDE_V2
full20_step15_medium,1.02,2.748793865176758,2.282411506170249,LINEAR_DDE_V2
full20_step15_medium,1.02,2.7987719354526988,2.3169109165361146,LINEAR_DDE_V2
full20_step15_medium,1.02,2.8487500057286397,2.3519421908773253,LINEAR_DDE_V2
full20_step15_medium,1.02,2.898728076004581,2.3874911333056597,LINEAR_DDE_V2
full20_step15_medium,1.02,2.948706146280522,2.423589930652245,LINEAR_DDE_V2
full20_step15_medium,1.02,2.998684216556463,2.460222599433175,LINEAR_DDE_V2
full20_step15_medium,1.02,3.0486622868324043,2.4974191881334105,LINEAR_DDE_V2
full20_step15_medium,1.02,3.098640357108345,2.5351706576181385,LINEAR_DDE_V2
full20_step15_medium,1.02,3.148618427384286,2.573496796516292,LINEAR_DDE_V2
full20_step15_medium,1.02,3.1985964976602275,2.612402299763322,LINEAR_DDE_V2
full20_step15_medium,1.02,3.2485745679361684,2.6518919171545723,LINEAR_DDE_V2
full20_step15_medium,1.02,3.2985526382121093,2.6919863525370653,LINEAR_DDE_V2
full20_step15_medium,1.02,3.3485307084880502,2.732675868062989,LINEAR_DDE_V2
full20_step15_medium,1.02,3.3985087787639916,2.773993824133106,LINEAR_DDE_V2
full20_step15_medium,1.02,3.4484868490399325,2.815921959013926,LINEAR_DDE_V2
full20_step15_medium,1.02,3.4984649193158734,2.8584981942144507,LINEAR_DDE_V2
full20_step15_medium,1.02,3.548442989591815,2.901705307505101,LINEAR_DDE_V2
full20_step15_medium,1.02,3.5984210598677557,2.945575639452008,LINEAR_DDE_V2
full20_step15_medium,1.02,3.6483991301436967,2.9901028649757575,LINEAR_DDE_V2
full20_step15_medium,1.02,3.6983772004196376,3.035305107978678,LINEAR_DDE_V2
full20_step15_medium,1.02,3.748355270695579,3.0811935353748274,LINEAR_DDE_V2
full20_step15_medium,1.02,3.79833334097152,3.1277682107791964,LINEAR_DDE_V2
full20_step15_medium,1.02,3.848311411247461,3.1750585076132194,LINEAR_DDE_V2
full20_step15_medium,1.02,3.898289481523402,3.2230490409415413,LINEAR_DDE_V2
full20_step15_medium,1.02,3.948267551799343,3.2717816061000153,LINEAR_DDE_V2
full20_step15_medium,1.02,3.998245622075284,3.321233921091892,LINEAR_DDE_V2
full20_step15_medium,1.02,4.048223692351225,3.371449643636897,LINEAR_DDE_V2
full20_step15_medium,1.02,4.098201762627166,3.4224113073226143,LINEAR_DDE_V2
full20_step15_medium,1.02,4.148179832903107,3.474152635286883,LINEAR_DDE_V2
full20_step15_medium,1.02,4.198157903179048,3.526671794821858,LINEAR_DDE_V2
full20_step15_medium,1.02,4.248135973454989,3.5799838049521573,LINEAR_DDE_V2
full20_step15_medium,1.02,4.29811404373093,3.634108379191587,LINEAR_DDE_V2
full20_step15_medium,1.02,4.348092114006872,3.6890394549312293,LINEAR_DDE_V2
full20_step15_medium,1.02,4.398070184282813,3.744816828605982,LINEAR_DDE_V2
full20_step15_medium,1.02,4.448048254558754,3.801418680576337,LINEAR_DDE_V2
full20_step15_medium,1.02,4.498026324834695,3.8588961312131227,LINEAR_DDE_V2
full20_step15_medium,1.02,4.5480043951106355,3.917223156685719,LINEAR_DDE_V2
full20_step15_medium,1.02,4.597982465386576,3.976448864061898,LINEAR_DDE_V2
full20_step15_medium,1.02,4.647960535662517,4.036557004627598,LINEAR_DDE_V2
full20_step15_medium,1.02,4.697938605938459,4.097581367802964,LINEAR_DDE_V2
full20_step15_medium,1.02,4.7479166762144,4.159526928510167,LINEAR_DDE_V2
full20_step15_medium,1.02,4.797894746490341,4.222403730668248,LINEAR_DDE_V2
full20_step15_medium,1.02,4.847872816766282,4.2862425373886195,LINEAR_DDE_V2
full20_step15_medium,1.02,4.897850887042223,4.351029529308679,LINEAR_DDE_V2
full20_step15_medium,1.02,4.947828957318164,4.4168168392739195,LINEAR_DDE_V2
full20_step15_medium,1.02,4.997807027594105,4.483575542758781,LINEAR_DDE_V2
full20_step15_medium,1.02,5.0477850978700465,4.5513667548981624,LINEAR_DDE_V2
full20_step15_medium,1.02,5.097763168145987,4.6201614733212955,LINEAR_DDE_V2
full20_step15_medium,1.02,5.147741238421928,4.69001348547913,LINEAR_DDE_V2
full20_step15_medium,1.02,5.197719308697869,4.760909911050931,LINEAR_DDE_V2
full20_step15_medium,1.02,5.24769737897381,4.832882674843426,LINEAR_DDE_V2
full20_step15_medium,1.02,5.297675449249751,4.905946533549659,LINEAR_DDE_V2
full20_step15_medium,1.02,5.347653519525692,4.980104262668118,LINEAR_DDE_V2
full20_step15_medium,1.02,5.397631589801634,5.055400575586258,LINEAR_DDE_V2
full20_step15_medium,1.02,5.447609660077575,5.131812190945293,LINEAR_DDE_V2
full20_step15_medium,1.02,5.497587730353516,5.209405435762289,LINEAR_DDE_V2
full20_step15_medium,1.02,5.547565800629457,5.28814400784164,LINEAR_DDE_V2
full20_step15_medium,1.02,5.5975438709053975,5.368099234893082,LINEAR_DDE_V2
full20_step15_medium,1.02,5.647521941181338,5.449240642789862,LINEAR_DDE_V2
full20_step15_medium,1.02,5.697500011457279,5.531625209523254,LINEAR_DDE_V2
full20_step15_medium,1.02,5.747478081733221,5.615246418232364,LINEAR_DDE_V2
full20_step15_medium,1.02,5.797456152009162,5.700131759275961,LINEAR_DDE_V2
full20_step15_medium,1.02,5.847434222285103,5.7863094030256645,LINEAR_DDE_V2
full20_step15_medium,1.02,5.897412292561044,5.87377224042238,LINEAR_DDE_V2
full20_step15_medium,1.02,5.947390362836985,5.962582030393131,LINEAR_DDE_V2
full20_step15_medium,1.02,5.997368433112926,6.0527045237950965,LINEAR_DDE_V2
full20_step15_medium,1.02,6.047346503388867,6.144221807251212,LINEAR_DDE_V2
full20_step15_medium,1.02,6.0973245736648085,6.237090599927472,LINEAR_DDE_V2
full20_step15_medium,1.02,6.147302643940749,6.33139195246631,LINEAR_DDE_V2
full20_step15_medium,1.02,6.19728071421669,6.427096358500269,LINEAR_DDE_V2
full20_step15_medium,1.02,6.247258784492631,6.524261711151361,LINEAR_DDE_V2
full20_step15_medium,1.02,6.297236854768572,6.622891738574308,LINEAR_DDE_V2
full20_step15_medium,1.02,6.347214925044513,6.7230063456476,LINEAR_DDE_V2
full20_step15_medium,1.02,6.397192995320455,6.824651249673115,LINEAR_DDE_V2
full20_step15_medium,1.02,6.447171065596396,6.927806752489268,LINEAR_DDE_V2
full20_step15_medium,1.02,6.497149135872337,7.032554745898896,LINEAR_DDE_V2
full20_step15_medium,1.02,6.547127206148278,7.138848964200416,LINEAR_DDE_V2
full20_step15_medium,1.02,6.597105276424219,7.246788276904565,LINEAR_DDE_V2
full20_step15_medium,1.02,6.6470833467001595,7.356323698809508,LINEAR_DDE_V2
full20_step15_medium,1.02,6.6970614169761005,7.4675447116553775,LINEAR_DDE_V2
full20_step15_medium,1.02,6.747039487252042,7.580426238432784,LINEAR_DDE_V2
full20_step15_medium,1.02,6.797017557527983,7.695024026889213,LINEAR_DDE_V2
full20_step15_medium,1.02,6.846995627803924,7.811356736068769,LINEAR_DDE_V2
full20_step15_medium,1.02,6.896973698079865,7.929433115234332,LINEAR_DDE_V2
full20_step15_medium,1.02,6.946951768355806,8.049320930910163,LINEAR_DDE_V2
full20_step15_medium,1.02,6.996929838631747,8.170985300994007,LINEAR_DDE_V2
full20_step15_medium,1.02,7.046907908907688,8.294531126600594,LINEAR_DDE_V2
full20_step15_medium,1.02,7.09688597918363,8.419899717275205,LINEAR_DDE_V2
full20_step15_medium,1.02,7.1468640494595705,8.547207111358983,LINEAR_DDE_V2
full20_step15_medium,1.02,7.1968421197355115,8.676400889210637,LINEAR_DDE_V2
full20_step15_medium,1.02,7.246820190011452,8.807576814989321,LINEAR_DDE_V2
full20_step15_medium,1.02,7.296798260287393,8.940718725104594,LINEAR_DDE_V2
full20_step15_medium,1.02,7.346776330563334,9.075876445162677,LINEAR_DDE_V2
full20_step15_medium,1.02,7.396754400839275,9.21308902781496,LINEAR_DDE_V2
full20_step15_medium,1.02,7.446732471115217,9.35235017209515,LINEAR_DDE_V2
full20_step15_medium,1.02,7.496710541391158,9.493754460235406,LINEAR_DDE_V2
full20_step15_medium,1.02,7.546688611667099,9.637249455173169,LINEAR_DDE_V2
full20_step15_medium,1.02,7.59666668194304,9.782965683843237,LINEAR_DDE_V2
full20_step15_medium,1.02,7.646644752218981,9.930832373075598,LINEAR_DDE_V2
full20_step15_medium,1.02,7.696622822494922,10.080982398455198,LINEAR_DDE_V2
full20_step15_medium,1.02,7.7466008927708625,10.233363241653246,LINEAR_DDE_V2
full20_step15_medium,1.02,7.796578963046804,10.38807391761601,LINEAR_DDE_V2
full20_step15_medium,1.02,7.846557033322745,10.545112780697888,LINEAR_DDE_V2
full20_step15_medium,1.02,7.896535103598686,10.704519195091102,LINEAR_DDE_V2
full20_step15_medium,1.02,7.946513173874627,10.86635889009949,LINEAR_DDE_V2
full20_step15_medium,1.02,7.996491244150568,11.03060628111721,LINEAR_DDE_V2
full20_step15_medium,1.02,8.000120936405246,11.042634711201087,LINEAR_DDE_V2
