site,lam_Hz,mu_Hz,lhs_re,rhs_re,abs_err,rel_err,protected_drift_1ms,dist2
30,1.0414917221427504,0.05157953643533982,-0.007155039255524187,-0.007154293968307213,9.915215121848864e-07,7.747743218994298e-06,0.0,306.1160861716963
30,1.0414917221427504,0.06028182909242653,0.24744591198277988,0.24795446559294632,0.000687062000721709,0.0026179577549624937,0.0,301.1180514025552
30,1.0414917221427504,4.531302545369689,-0.7031010416103101,-0.7031014846717543,4.685988032151873e-07,1.895058891305695e-07,0.0,951.9731930767866
30,1.0414917221427504,4.631820916674874,1.441297569737543,1.4412976929600672,1.391803086604746e-07,9.371244019953179e-08,0.0,940.7262990789958
30,1.0414917221427504,4.708118046109262,-0.018929390388500167,0.0,0.01893065289354555,1.0,0.0,1057.7723880980393
30,1.0414917221427504,4.814011551974077,-0.04058499258885462,0.0,0.04759280263855588,1.0,0.0,1106.7761759570506
30,1.0414917221427504,4.901175931514583,33.74192942257048,33.7419874403215,5.8779978768941954e-05,1.6625258152675596e-06,0.0,1129.5457286006247
30,1.0414917221427504,4.910005066695314,77.04706764671832,77.04709029181407,0.00014939214411558116,1.961701758174034e-07,0.0,1168.4162507960662
30,1.0414917221427504,4.948539282319146,0.4940450989143752,0.49402051403332264,3.13356947126657e-05,3.860734973308116e-05,0.0,1181.3296918975827
30,1.0414917221427504,4.9890738944606605,-9.718642280054368,-9.718698950848614,0.00012892221907185474,6.247196963792251e-06,0.0,1187.6806864423324
30,4.531302545369689,0.05157953643533982,-0.00827992732710392,-0.008278040677675328,2.6290338552459456e-06,7.660453995915326e-06,0.0,820.9200874517056
30,4.531302545369689,0.06028182909242653,0.6643156109931159,0.665765903860949,0.0019010772262622968,0.0026604000706332677,0.0,819.9016991780366
30,4.531302545369689,1.0414917221427504,0.4459761155928277,0.4459761607562032,5.0791741001842915e-08,6.907320249120827e-08,0.0,951.9731930767866
30,4.531302545369689,4.631820916674874,-0.03740112819450303,-0.03740112774198976,1.6161426877475716e-09,9.2731011731028e-09,0.0,110.39194983380985
30,4.531302545369689,4.708118046109262,-0.001893016465803754,0.0,0.0018931352011541168,1.0,0.0,105.78112042293068
30,4.531302545369689,4.814011551974077,-0.005762253674213014,0.0,0.006316601859128377,1.0,0.0,146.8931593682855
30,4.531302545369689,4.901175931514583,5.063466884724921,5.063466961543188,1.170928309167122e-07,2.3117360247205775e-08,0.0,161.8207268287675
30,4.531302545369689,4.910005066695314,27.008669849615252,27.008669098894558,7.998647163375955e-07,5.926844867142878e-09,0.0,207.05983907283536
30,4.531302545369689,4.948539282319146,0.07145064598312878,0.07145056944044739,1.9010383942796198e-07,1.2830346181545387e-06,0.0,215.66019660537168
30,4.531302545369689,4.9890738944606605,-2.5158703301775276,-2.515870076093734,7.463254106462507e-07,1.9797073464571178e-07,0.0,216.9630927926194
30,4.631820916674874,0.05157953643533982,-0.009233138621722592,-0.00923104731140629,2.8834609023281277e-06,7.90743517869759e-06,0.0,872.2431886099358
30,4.631820916674874,0.06028182909242653,0.7058230526574283,0.7073755692210587,0.0020315886376802523,0.002677329037486834,0.0,870.6627809959106
30,4.631820916674874,1.0414917221427504,0.4270883193768782,0.42708836473668554,4.942871564374251e-08,6.802323050703548e-08,0.0,940.7262990789958
30,4.631820916674874,4.531302545369689,-0.2788725042002227,-0.27887251481003095,1.0739094241634498e-08,3.7452125712155464e-08,0.0,110.39194983380987
30,4.631820916674874,4.708118046109262,-0.0029462258743784275,0.0,0.00345868207731179,1.0,0.0,193.2578696306975
30,4.631820916674874,4.814011551974077,-0.0057151589571979855,0.0,0.00958370683184327,1.0,0.0,222.86997537675194
30,4.631820916674874,4.901175931514583,5.88285062941285,5.882850810235634,3.4295663331086534e-07,4.995541782488228e-08,0.0,219.3303372448575
30,4.631820916674874,4.910005066695314,-36.13978850280919,-36.13978796291272,5.432918583026036e-07,2.95283910252073e-09,0.0,282.2905274335801
30,4.631820916674874,4.948539282319146,0.15517093471251187,0.15517049721750903,4.3861753574973893e-07,2.2317695970027754e-06,0.0,286.0579031985057
30,4.631820916674874,4.9890738944606605,-1.4048633888985584,-1.4048647080781795,1.5671799140427682e-06,3.236539224987999e-07,0.0,278.6741291690518
30,4.708118046109262,0.05157953643533982,-0.008405402217998015,-0.008403330642029111,2.8865843853845615e-06,7.862526530841263e-06,0.0,878.1754407586748
30,4.708118046109262,0.06028182909242653,0.7106868971928915,0.7122194329658227,0.0020021673557912155,0.002617602303520471,0.0,877.6057952603123
30,4.708118046109262,1.0414917221427504,0.4955348371638024,0.4955349043463232,7.569178916020169e-08,9.263983185716154e-08,0.0,1057.7723880980393
30,4.708118046109262,4.531302545369689,0.07802839274706486,0.07802839827750256,1.1431394301468664e-08,4.160420876651826e-08,0.0,105.78112042293068
30,4.708118046109262,4.631820916674874,-0.2017307987323136,-0.20173079902154697,3.4242469958283234e-09,1.1223042222997356e-08,0.0,193.2578696306975
30,4.708118046109262,4.814011551974077,-0.001891975409673563,0.0,0.0018954399182087964,1.0,0.0,44.078629028812045
30,4.708118046109262,4.901175931514583,1.876425639868451,1.8764256322838397,8.02819385366163e-09,3.501873901479878e-09,0.0,73.24186952268175
30,4.708118046109262,4.910005066695314,21.421151906481086,21.421151629924786,6.31049230461292e-07,9.519078547178317e-09,0.0,101.71177327802323
30,4.708118046109262,4.948539282319146,0.02452008759923352,0.024520091101030192,2.6415832465699054e-08,3.4449442354967074e-07,0.0,111.60920361229907
30,4.708118046109262,4.9890738944606605,-1.714874977520875,-1.7148748672944207,1.1547733250336889e-07,5.672499510736205e-08,0.0,117.16043116886698
30,4.814011551974077,0.05157953643533982,-0.008669479911738165,-0.008667343127139562,3.0070773999523867e-06,7.84434301969742e-06,0.0,916.9531902034603
30,4.814011551974077,0.06028182909242653,0.7420969664190258,0.7436748517513656,0.002063847683018975,0.0025837342726715796,0.0,916.4819416972396
30,4.814011551974077,1.0414917221427504,0.5156079048163065,0.5156079839899643,8.863247599955998e-08,1.0367505968842057e-07,0.0,1106.7761759570506
30,4.814011551974077,4.531302545369689,0.05654112533726163,0.0565411335184845,1.9707284635615446e-08,5.165013322172125e-08,0.0,146.89315936828547
30,4.814011551974077,4.631820916674874,-0.27366645638515763,-0.27366645792916866,4.480997371036132e-09,1.2735201651687424e-08,0.0,222.86997537675194
30,4.814011551974077,4.708118046109262,0.0,-0.0,0.0,0.0,0.0,44.078629028812045
30,4.814011551974077,4.901175931514583,0.5013274687049041,0.5013274721333425,3.8701476523900135e-09,3.1724091128078453e-09,0.0,38.974488228039675
30,4.814011551974077,4.910005066695314,5.2469967117274585,5.246996592713774,4.0037061900624327e-07,1.0119538759701666e-08,0.0,60.70219246491681
30,4.814011551974077,4.948539282319146,0.019541016804680567,0.01954101575587081,5.6778130656170306e-09,1.2042565584072876e-07,0.0,68.62463649224489
30,4.814011551974077,4.9890738944606605,-1.0886276888277813,-1.0886276626223685,2.6255225850413106e-08,2.0670094445971568e-08,0.0,73.10246111206555
30,4.901175931514583,0.05157953643533982,-0.009069584229470795,-0.00906741245805585,3.0591889964574865e-06,7.690891986992912e-06,0.0,951.4561492114004
30,4.901175931514583,0.06028182909242653,0.7700072239824607,0.7716570817575678,0.0021591693653606483,0.002605300447005112,0.0,950.8828161803001
30,4.901175931514583,1.0414917221427504,0.5210306870395698,0.5210307731992279,9.585797998992025e-08,1.0986659637129916e-07,0.0,1129.5457286006244
30,4.901175931514583,4.531302545369689,-0.03110361346259083,-0.031103610881563937,2.1858099505096458e-08,5.2002530848505754e-08,0.0,161.82072682876748
30,4.901175931514583,4.631820916674874,-0.30138739348650745,-0.3013873966318047,4.488403693379811e-09,1.296211610907025e-08,0.0,219.3303372448575
30,4.901175931514583,4.708118046109262,0.0,0.0,0.0,0.0,0.0,73.24186952268175
30,4.901175931514583,4.814011551974077,0.0010111380066568643,0.0,0.0016759553886389704,1.0,0.0,38.97448822803967
30,4.901175931514583,4.910005066695314,-20.566108556441254,-20.566109012731612,5.474069524790461e-07,1.2173833203289133e-08,0.0,68.9899545064731
30,4.901175931514583,4.948539282319146,0.03982212656850059,0.03982212082444041,6.072300737737716e-09,1.2958486208289346e-07,0.0,68.20512417984207
30,4.901175931514583,4.9890738944606605,-0.4542016698305673,-0.45420167387207433,1.1837777249381386e-08,1.1530849298042797e-08,0.0,59.08368484012553
30,4.910005066695314,0.05157953643533982,-0.008772822895214416,-0.008770533755822098,3.1346266699094954e-06,7.875148858697685e-06,0.0,952.1080746226779
30,4.910005066695314,0.06028182909242653,0.7705196757856747,0.772195935593091,0.002188338029509591,0.002637775818022803,0.0,951.8824381534205
30,4.910005066695314,1.0414917221427504,0.5440586239302547,0.544058720621549,1.0822583901260682e-07,1.1991529725735544e-07,0.0,1168.4162507960662
30,4.910005066695314,4.531302545369689,0.0935526947021259,0.09355270705836716,2.9277906779285494e-08,5.443652342686983e-08,0.0,207.05983907283533
30,4.910005066695314,4.631820916674874,-0.36879314335713786,-0.3687931468434321,8.43067466363074e-09,1.8916846051716838e-08,0.0,282.2905274335801
30,4.910005066695314,4.708118046109262,0.0017724244294470282,-0.0,0.0018203066349432788,1.0,0.0,101.71177327802323
30,4.910005066695314,4.814011551974077,0.0022694056633909554,-0.0,0.0026102752857195873,1.0,0.0,60.70219246491681
30,4.910005066695314,4.901175931514583,-1.3406406777494162,-1.3406406795412316,2.676659923687933e-08,1.2395082393965384e-08,0.0,68.98995450647311
30,4.910005066695314,4.948539282319146,-0.00534420996345375,-0.0053442101140206855,6.285903049674965e-10,5.940315449936832e-08,0.0,15.401968583562264
30,4.910005066695314,4.9890738944606605,-0.5845463368903125,-0.5845463439634049,7.143811780464269e-09,1.0941541754200612e-08,0.0,37.57596952861327
30,4.948539282319146,0.05157953643533982,-0.008924148010847066,-0.008921845680478869,3.2605369489516777e-06,8.063773308415769e-06,0.0,967.1857044143126
30,4.948539282319146,0.06028182909242653,0.7826873640176535,0.7844248467960343,0.0022673478098523773,0.002690516531513997,0.0,966.9424518165708
30,4.948539282319146,1.0414917221427504,0.5481992797484736,0.5481993791341477,1.1109357617829075e-07,1.2174721721464985e-07,0.0,1181.3296918975825
30,4.948539282319146,4.531302545369689,0.06500949822907387,0.06500951039013983,3.154543193362142e-08,5.631352483474948e-08,0.0,215.66019660537165
30,4.948539282319146,4.631820916674874,-0.38607350494324066,-0.38607350948930375,8.670749533480608e-09,1.9199300009378374e-08,0.0,286.0579031985057
30,4.948539282319146,4.708118046109262,0.0018838980930802052,-0.0,0.00199743831514022,1.0,0.0,111.60920361229907
30,4.948539282319146,4.814011551974077,0.0028069901958360788,-0.0,0.0029509510737843847,1.0,0.0,68.62463649224489
30,4.948539282319146,4.901175931514583,-1.6625473419629166,-1.662547357520192,2.65599044358575e-08,1.2440893861649693e-08,0.0,68.20512417984207
30,4.948539282319146,4.910005066695314,-9.653887247967896,-9.653887326343074,1.267038216912829e-07,1.2621657114003223e-08,0.0,15.40196858356226
30,4.948539282319146,4.9890738944606605,-0.3182992855399469,-0.3182992875991041,2.9266187219896643e-09,7.028184871961477e-09,0.0,23.965234429876112
30,4.9890738944606605,0.05157953643533982,-0.009149903536231907,-0.009147603092780116,3.220548746923267e-06,7.832013225331902e-06,0.0,983.5934267725407
30,4.9890738944606605,0.06028182909242653,0.7960366415205034,0.7977305411880797,0.002210550243084925,0.002579450232509219,0.0,983.2608264945504
30,4.9890738944606605,1.0414917221427504,0.5481043530153329,0.5481044566337456,1.1498391954564774e-07,1.253368082958585e-07,0.0,1187.6806864423324
30,4.9890738944606605,4.531302545369689,0.008598924572389421,0.008598932238310875,3.171847964044885e-08,5.628241573961875e-08,0.0,216.9630927926194
30,4.9890738944606605,4.631820916674874,-0.3914559236761761,-0.391455929270903,8.460075336252233e-09,1.9229158658990637e-08,0.0,278.6741291690518
30,4.9890738944606605,4.708118046109262,0.0018053560868480645,-0.0,0.002096787164813709,1.0,0.0,117.16043116886698
30,4.9890738944606605,4.814011551974077,0.003143315496778598,-0.0,0.0031435036481806595,1.0,0.0,73.10246111206555
30,4.9890738944606605,4.901175931514583,-1.7457030122014494,-1.7457030327102507,2.0735818686037202e-08,1.1212325427302346e-08,0.0,59.08368484012552
30,4.9890738944606605,4.910005066695314,-24.384674946503758,-24.384675220117348,3.29547704706594e-07,1.345584552510528e-08,0.0,37.57596952861327
30,4.9890738944606605,4.948539282319146,0.014956903049423431,0.01495690321599386,2.0855772534861183e-10,1.2666675457949454e-08,0.0,23.965234429876116
37,1.0414917221427504,0.05157953643533982,-0.01301402438591559,-0.013015766816724741,1.8205797774853704e-06,1.133917810484012e-05,0.0,306.1160861716963
37,1.0414917221427504,0.06028182909242653,0.4799215061468409,0.4802268896062177,0.00035163613032241606,0.0007326946524980236,0.0,301.1180514025552
37,1.0414917221427504,4.531302545369689,-3.0317993869877213,-3.031798317457975,1.1547643291898794e-06,2.5334187187346204e-07,0.0,951.9731930767866
37,1.0414917221427504,4.631820916674874,14.857385768785036,14.857385912087436,2.8980441122210552e-06,1.1618060977255882e-07,0.0,940.7262990789958
37,1.0414917221427504,4.708118046109262,-0.000958565560260638,0.0,0.02268981485533612,1.0,0.0,1057.7723880980393
37,1.0414917221427504,4.814011551974077,0.19498971509657181,0.19498924699514503,8.148239508454809e-07,4.148768028420005e-06,0.0,1106.7761759570506
37,1.0414917221427504,4.901175931514583,72.89620587219714,72.89616159436684,5.843498401120896e-05,8.604627828161376e-08,0.0,1129.5457286006247
37,1.0414917221427504,4.910005066695314,39.156353607183725,39.156414748072464,7.377577208770648e-05,1.535063105204806e-06,0.0,1168.4162507960662
37,1.0414917221427504,4.948539282319146,-0.31987393422916455,-0.3198746189441941,8.382430087824328e-07,2.6171706153930867e-06,0.0,1181.3296918975827
37,1.0414917221427504,4.9890738944606605,-1.222486430141334,-1.2225007488867283,1.4530724825227407e-05,2.5413175936038823e-06,0.0,1187.6806864423324
37,4.531302545369689,0.05157953643533982,-0.021233417163424306,-0.021237955074076706,4.810126934332284e-06,1.117155677421495e-05,0.0,820.9200874517056
37,4.531302545369689,0.06028182909242653,1.3058349634526012,1.3066299453926413,0.0008937349796333504,0.0006839051505503099,0.0,819.9016991780366
37,4.531302545369689,1.0414917221427504,3.2419373949821306,3.2419357552190258,1.8636514535621362e-06,1.813587496814392e-07,0.0,951.9731930767866
37,4.531302545369689,4.631820916674874,1.3328799266520974,1.3328799252400185,2.5469671334484437e-08,8.701173655472956e-09,0.0,110.39194983380985
37,4.531302545369689,4.708118046109262,-9.506595510799798e-05,0.0,0.002269061543686433,1.0,0.0,105.78112042293068
37,4.531302545369689,4.814011551974077,0.02606591414933135,0.02606591260589814,1.921717435094117e-09,7.372322174768092e-08,0.0,146.8931593682855
37,4.531302545369689,4.901175931514583,41.141936788280375,41.14193607289256,7.185347318324724e-07,7.385444230176379e-09,0.0,161.8207268287675
37,4.531302545369689,4.910005066695314,7.398034662514652,7.398035251116174,6.285706943711044e-07,7.380192356262845e-08,0.0,207.05983907283536
37,4.531302545369689,4.948539282319146,-0.05728256069481574,-0.057282566429029694,6.193133285099367e-09,1.0591873604466289e-07,0.0,215.66019660537168
37,4.531302545369689,4.9890738944606605,0.02593527709260357,0.0259352251338536,9.47032707732058e-08,9.066717635150765e-08,0.0,216.9630927926194
37,4.631820916674874,0.05157953643533982,-0.023106709552689342,-0.023111559364192655,5.143968323042264e-06,1.1243946401423925e-05,0.0,872.2431886099358
37,4.631820916674874,0.06028182909242653,1.3867874763262567,1.387598514746695,0.0009078107929873323,0.0006541606285072209,0.0,870.6627809959106
37,4.631820916674874,1.0414917221427504,3.427900970187636,3.4278994198654953,1.824264268685952e-06,1.7964825739385875e-07,0.0,940.7262990789958
37,4.631820916674874,4.531302545369689,0.16625517540447277,0.16625517210719457,2.1538837790424335e-08,4.074958731767412e-08,0.0,110.39194983380987
37,4.631820916674874,4.708118046109262,-0.002278850663728349,0.0,0.0041454859019673645,1.0,0.0,193.2578696306975
37,4.631820916674874,4.814011551974077,0.03466440195998288,0.03466440564720886,5.753542531870492e-09,1.4547894660534347e-07,0.0,222.86997537675194
37,4.631820916674874,4.901175931514583,-17.186991083717462,-17.18699221218325,1.1992567217747994e-06,9.094450431166496e-09,0.0,219.3303372448575
37,4.631820916674874,4.910005066695314,7.0567584470604405,7.056758720513878,1.387262752945075e-06,1.194735752138432e-07,0.0,282.2905274335801
37,4.631820916674874,4.948539282319146,-0.07593427348018267,-0.07593427636135089,1.3856770542368326e-08,1.7866538811644058e-07,0.0,286.0579031985057
37,4.631820916674874,4.9890738944606605,-0.5365759029873907,-0.5365760873860708,1.954465947432363e-07,1.4568082861229037e-07,0.0,278.6741291690518
37,4.708118046109262,0.05157953643533982,-0.022147589776033705,-0.022152559578788672,5.26633377881024e-06,1.1433657265642119e-05,0.0,878.1754407586748
37,4.708118046109262,0.06028182909242653,1.3976626461881247,1.3985113642406675,0.0009522218027546329,0.0006807485333273167,0.0,877.6057952603123
37,4.708118046109262,1.0414917221427504,3.6023294578413356,3.6023271856288153,2.5596688020738896e-06,2.241765031497284e-07,0.0,1057.7723880980393
37,4.708118046109262,4.531302545369689,0.3370282416481629,0.3370282246750386,1.6976562731776062e-08,3.351814392338174e-08,0.0,105.78112042293068
37,4.708118046109262,4.631820916674874,-0.17080946657088703,-0.17080941478230116,5.285251082720249e-08,1.031383877401439e-08,0.0,193.2578696306975
37,4.708118046109262,4.814011551974077,0.007295039239352263,0.007295040727172847,2.143907659047046e-09,2.7409077348021473e-07,0.0,44.078629028812045
37,4.708118046109262,4.901175931514583,37.58855256935645,37.58855254528171,4.84347876310329e-07,1.0999197163295329e-08,0.0,73.24186952268175
37,4.708118046109262,4.910005066695314,3.868212081176159,3.8682122014866094,1.2300008547364208e-07,2.939974695506211e-08,0.0,101.71177327802323
37,4.708118046109262,4.948539282319146,-0.02810535371100542,-0.028105354575963,8.674947299931603e-10,2.8668117015267004e-08,0.0,111.60920361229907
37,4.708118046109262,4.9890738944606605,0.1644555422397609,0.16445554824951739,1.6107783976059466e-08,2.8557868569568586e-08,0.0,117.16043116886698
37,4.814011551974077,0.05157953643533982,-0.022991390655896504,-0.022996562812197408,5.493018873582488e-06,1.1421470623001203e-05,0.0,916.9531902034603
37,4.814011551974077,0.06028182909242653,1.4595605014461333,1.4604438336555974,0.0009901204941208427,0.000677815231947462,0.0,916.4819416972396
37,4.814011551974077,1.0414917221427504,3.817201280398308,3.8171986764842623,2.939565669154955e-06,2.460491717225323e-07,0.0,1106.7761759570506
37,4.814011551974077,4.531302545369689,0.5363393192903132,0.5363392957198695,2.4852059325828034e-08,3.533451761614033e-08,0.0,146.89315936828547
37,4.814011551974077,4.631820916674874,-1.1860270685559726,-1.1860270049109962,6.809699952674887e-08,1.1523073060865066e-08,0.0,222.86997537675194
37,4.814011551974077,4.708118046109262,0.0,-0.0,0.0,0.0,0.0,44.078629028812045
37,4.814011551974077,4.901175931514583,23.430565342874576,23.43056551974871,2.8283132475909746e-07,1.2070078537043803e-08,0.0,38.974488228039675
37,4.814011551974077,4.910005066695314,2.0790933424053026,2.0790933878408246,5.721258795763913e-08,2.291377363209495e-08,0.0,60.70219246491681
37,4.814011551974077,4.948539282319146,-0.017892569537103498,-0.017892569812210046,2.966733604105339e-10,1.594523120027255e-08,0.0,68.62463649224489
37,4.814011551974077,4.9890738944606605,0.1119381167202782,0.11193811964013599,3.5670747446034137e-09,1.0135639553545376e-08,0.0,73.10246111206555
37,4.901175931514583,0.05157953643533982,-0.02394909364919484,-0.023954551091087205,5.784897562768081e-06,1.1592176935606549e-05,0.0,951.4561492114004
37,4.901175931514583,0.06028182909242653,1.5143777031267902,1.5152762102208621,0.001002602266204275,0.0006615215151508722,0.0,950.8828161803001
37,4.901175931514583,1.0414917221427504,3.9814577625918446,3.981455000459187,3.1455186606438146e-06,2.579805670369912e-07,0.0,1129.5457286006244
37,4.901175931514583,4.531302545369689,0.6869927871022696,0.6869927608945877,2.621469260281562e-08,3.383365993124528e-08,0.0,161.82072682876748
37,4.901175931514583,4.631820916674874,-2.0863943301918653,-2.086394289674198,5.480182372722665e-08,9.422978706682806e-09,0.0,219.3303372448575
37,4.901175931514583,4.708118046109262,-0.0012378447156180528,0.0,0.0015710780689799227,1.0,0.0,73.24186952268175
37,4.901175931514583,4.814011551974077,-0.0014962439065513422,-0.0014962416294566493,3.610738514383631e-09,5.220740788760253e-07,0.0,38.97448822803967
37,4.901175931514583,4.910005066695314,1.0417286694097694,1.041728661549004,6.360413377700614e-08,2.2413458997719557e-08,0.0,68.9899545064731
37,4.901175931514583,4.948539282319146,-0.017607706986888516,-0.01760770674084861,3.654752431201876e-10,1.9763928656977456e-08,0.0,68.20512417984207
37,4.901175931514583,4.9890738944606605,-0.06969062110728785,-0.06969062197007145,8.714705978193032e-10,3.0637696500906623e-09,0.0,59.08368484012553
37,4.910005066695314,0.05157953643533982,-0.023585689783167663,-0.023591041625775893,5.637812857292934e-06,1.1289699360920576e-05,0.0,952.1080746226779
37,4.910005066695314,0.06028182909242653,1.5158599860065625,1.5168146749692921,0.0010785999285633245,0.0007109423310265946,0.0,951.8824381534205
37,4.910005066695314,1.0414917221427504,4.034196162017167,4.034193084126456,3.4637736512501542e-06,2.746315699604848e-07,0.0,1168.4162507960662
37,4.910005066695314,4.531302545369689,0.7390274988638978,0.7390274587129534,4.0192017263756804e-08,4.053986429319991e-08,0.0,207.05983907283533
37,4.910005066695314,4.631820916674874,-2.1088097643673365,-2.1088096657669753,1.2633982553827436e-07,1.687857872445677e-08,0.0,282.2905274335801
37,4.910005066695314,4.708118046109262,-0.0004316614843347111,-0.0,0.002181772969276627,1.0,0.0,101.71177327802323
37,4.910005066695314,4.814011551974077,-0.010730876187636795,-0.010730873933900754,2.254847231915629e-09,2.0932882129498697e-07,0.0,60.70219246491681
37,4.910005066695314,4.901175931514583,19.52610917022035,19.52610967042567,5.36665295156901e-07,1.2938402671659575e-08,0.0,68.98995450647311
37,4.910005066695314,4.948539282319146,-0.0013777782248425297,-0.0013777782504498584,4.809774324735681e-10,1.1518099765771748e-07,0.0,15.401968583562264
37,4.910005066695314,4.9890738944606605,0.17553621428634258,0.1755362140109893,1.9626559948869757e-09,1.0849380265847837e-08,0.0,37.57596952861327
37,4.948539282319146,0.05157953643533982,-0.02397482778970783,-0.023980200682284382,5.69953150723012e-06,1.1235369081257486e-05,0.0,967.1857044143126
37,4.948539282319146,0.06028182909242653,1.5398666075167045,1.5408150255601039,0.0010658714943338034,0.000691601266707772,0.0,966.9424518165708
37,4.948539282319146,1.0414917221427504,4.109809755625804,4.109806579667652,3.585323566864561e-06,2.8116145422157476e-07,0.0,1181.3296918975825
37,4.948539282319146,4.531302545369689,0.8086621063885246,0.808662076519008,3.1354636511498244e-08,3.036477988958049e-08,0.0,215.66019660537165
37,4.948539282319146,4.631820916674874,-2.5026842160880136,-2.502684124808476,1.2713878704021218e-07,1.676162109913547e-08,0.0,286.0579031985057
37,4.948539282319146,4.708118046109262,-0.0007259598477915574,-0.0,0.0023940778905841608,1.0,0.0,111.60920361229907
37,4.948539282319146,4.814011551974077,-0.012095888235474916,-0.012095887728347979,5.626133949890566e-10,4.620046713056236e-08,0.0,68.62463649224489
37,4.948539282319146,4.901175931514583,10.829568772685594,10.82956923554554,5.561321970647191e-07,1.3562009544586849e-08,0.0,68.20512417984207
37,4.948539282319146,4.910005066695314,-0.5322805390894914,-0.5322805481187802,9.430146345037365e-09,1.4885094570264684e-08,0.0,15.40196858356226
37,4.948539282319146,4.9890738944606605,0.11537322958110607,0.11537322885386121,1.1018392903903043e-09,9.550091074447978e-09,0.0,23.965234429876112
37,4.9890738944606605,0.05157953643533982,-0.02447486920076347,-0.02448027534458638,5.759434768516416e-06,1.1164064627329286e-05,0.0,983.5934267725407
37,4.9890738944606605,0.06028182909242653,1.5658772644089325,1.566831823902967,0.0010723681916661818,0.0006842646653262627,0.0,983.2608264945504
37,4.9890738944606605,1.0414917221427504,4.182132777863501,4.182129555636372,3.65710006580377e-06,2.852565959670442e-07,0.0,1187.6806864423324
37,4.9890738944606605,4.531302545369689,0.8745683307553875,0.8745683061375356,2.4631766553541838e-08,2.3710901097685922e-08,0.0,216.9630927926194
37,4.9890738944606605,4.631820916674874,-2.9302213542248268,-2.9302212906205334,1.2092918924093504e-07,1.6365391373982596e-08,0.0,278.6741291690518
37,4.9890738944606605,4.708118046109262,-0.0012111154856775386,-0.0,0.002513153935292481,1.0,0.0,117.16043116886698
37,4.9890738944606605,4.814011551974077,-0.011733716442918762,-0.011733717184825444,1.8707285416520057e-09,1.4420992289078426e-07,0.0,73.10246111206555
37,4.9890738944606605,4.901175931514583,-2.6416666116246823,-2.641666367136729,4.2989038385978313e-07,1.2101889073826666e-08,0.0,59.08368484012552
37,4.9890738944606605,4.910005066695314,-0.9063895657912546,-0.906389587947626,2.499567798789144e-08,1.6172014613108145e-08,0.0,37.57596952861327
37,4.9890738944606605,4.948539282319146,-0.0017567438614918274,-0.0017567437856216951,3.8804854140919133e-10,5.972231986930125e-08,0.0,23.965234429876116
33,1.0414917221427504,0.05157953643533982,-0.011599060566191977,-0.01159930665170786,2.997050272889027e-07,1.5715620800532506e-05,0.0,306.1160861716963
33,1.0414917221427504,0.06028182909242653,0.5311302246208127,0.5315031184598792,0.0004735481252013727,0.0006506085794337107,0.0,301.1180514025552
33,1.0414917221427504,4.531302545369689,-2.1611352932771055,-2.1611437047868094,8.88519256500637e-06,1.0760559449792203e-07,0.0,951.9731930767866
33,1.0414917221427504,4.631820916674874,31.78866659991897,31.788670002946223,8.357339644511754e-06,1.0019076228941566e-07,0.0,940.7262990789958
33,1.0414917221427504,4.708118046109262,-0.1628424388666616,-0.1628424379018557,5.952539938375252e-07,2.259727892716998e-06,0.0,1057.7723880980393
33,1.0414917221427504,4.814011551974077,134.29415306936977,134.29418231365747,7.366634502745213e-05,1.6872912790621108e-07,0.0,1106.7761759570506
33,1.0414917221427504,4.901175931514583,0.8036888998197433,0.8036869667773165,2.164895629489949e-06,2.648629250149803e-06,0.0,1129.5457286006247
33,1.0414917221427504,4.910005066695314,-0.30886237892269186,-0.30886297474428687,5.964265425776063e-07,1.141158204983426e-06,0.0,1168.4162507960662
33,1.0414917221427504,4.948539282319146,-0.06500762170236207,-0.06500710385139827,5.75281275145591e-07,9.842099014140708e-07,0.0,1181.3296918975827
33,1.0414917221427504,4.9890738944606605,0.15578780926395197,0.15578766148937914,1.853753869820269e-07,9.252903557985413e-07,0.0,1187.6806864423324
33,4.531302545369689,0.05157953643533982,-0.03238088715912246,-0.03238154510998259,8.083106073527204e-07,1.5805243673710386e-05,0.0,820.9200874517056
33,4.531302545369689,0.06028182909242653,1.4961819250897124,1.4971470214525227,0.001193598980178551,0.0006022381387981845,0.0,819.9016991780366
33,4.531302545369689,1.0414917221427504,47.572981637600265,47.57297497629844,9.767801894848034e-06,1.0700863436747956e-07,0.0,951.9731930767866
33,4.531302545369689,4.631820916674874,6.4530869359202825,6.453087000535241,6.481396094552327e-08,6.62146413378662e-09,0.0,110.39194983380985
33,4.531302545369689,4.708118046109262,-0.016277590775271022,-0.01627758920023131,3.809228604624644e-08,1.446022969567534e-06,0.0,105.78112042293068
33,4.531302545369689,4.814011551974077,24.689021719315196,24.68902126280287,8.974835291653043e-07,1.548837001542584e-08,0.0,146.8931593682855
33,4.531302545369689,4.901175931514583,0.11585294157345771,0.11585293762178392,4.384530520427126e-09,3.7443640212921344e-08,0.0,161.8207268287675
33,4.531302545369689,4.910005066695314,-0.04699059930057814,-0.04699060192907791,2.646445824403903e-09,2.857283370846931e-08,0.0,207.05983907283536
33,4.531302545369689,4.948539282319146,-0.027705366945074417,-0.02770536319850747,7.440724440010574e-09,6.973065018661767e-08,0.0,215.66019660537168
33,4.531302545369689,4.9890738944606605,0.03311782348358605,0.03311782247796638,2.44193566904757e-09,6.672277674558384e-08,0.0,216.9630927926194
33,4.631820916674874,0.05157953643533982,-0.034355038005390304,-0.03435573888229988,8.589969018224123e-07,1.5808032720241527e-05,0.0,872.2431886099358
33,4.631820916674874,0.06028182909242653,1.5868682439745818,1.5878900438368218,0.0012651385418747272,0.0006011173006804835,0.0,870.6627809959106
33,4.631820916674874,1.0414917221427504,48.796759394953426,48.79675330985428,9.56962424274185e-06,1.0609094046679783e-07,0.0,940.7262990789958
33,4.631820916674874,4.531302545369689,-8.416859953563893,-8.416859931645549,1.2911473987551423e-07,1.3484385562553008e-08,0.0,110.39194983380987
33,4.631820916674874,4.708118046109262,-0.04496381961205387,-0.04496377560557215,7.5305170249042e-08,1.5647100286322641e-06,0.0,193.2578696306975
33,4.631820916674874,4.814011551974077,-6.117211869660633,-6.1172136031730275,1.7342282650420376e-06,1.9725839343445657e-08,0.0,222.86997537675194
33,4.631820916674874,4.901175931514583,0.14482482729727408,0.14482482224864549,1.5729037716305777e-08,9.910431115144642e-08,0.0,219.3303372448575
33,4.631820916674874,4.910005066695314,-0.10132063832379856,-0.10132064347137451,8.749906511575384e-09,6.929362479689639e-08,0.0,282.2905274335801
33,4.631820916674874,4.948539282319146,0.020340444772948274,0.020340457234701577,1.2587671519773357e-08,8.893443089122441e-08,0.0,286.0579031985057
33,4.631820916674874,4.9890738944606605,0.030097958791941437,0.030097954644448907,4.31726299905936e-09,9.184120914015593e-08,0.0,278.6741291690518
33,4.708118046109262,0.05157953643533982,-0.0346914384545538,-0.0346921371642921,8.582550954540781e-07,1.5687686799197213e-05,0.0,878.1754407586748
33,4.708118046109262,0.06028182909242653,1.6034918553509137,1.6045079600372296,0.0012331687293779476,0.0005812793990982311,0.0,877.6057952603123
33,4.708118046109262,1.0414917221427504,52.86083447852974,52.86082533000814,1.3411924670198167e-05,1.3223474443774302e-07,0.0,1057.7723880980393
33,4.708118046109262,4.531302545369689,0.23670653737095648,0.23670648305171493,9.409005781643757e-08,1.0254826475594004e-08,0.0,105.78112042293068
33,4.708118046109262,4.631820916674874,3.6345726628361774,3.6345728531183132,2.407322544008593e-07,1.4048176991162725e-08,0.0,193.2578696306975
33,4.708118046109262,4.814011551974077,12.494550587771602,12.494550662175689,1.396885693729415e-07,8.033662650236418e-09,0.0,44.078629028812045
33,4.708118046109262,4.901175931514583,0.03941786597128072,0.03941786630201115,8.130565876855605e-10,1.53408875613354e-08,0.0,73.24186952268175
33,4.708118046109262,4.910005066695314,-0.017908156763057903,-0.01790815675737306,8.1103598365415e-10,1.782604764168223e-08,0.0,101.71177327802323
33,4.708118046109262,4.948539282319146,-0.02353967967771986,-0.023539679081093355,2.840031623528592e-09,5.142823899252697e-08,0.0,111.60920361229907
33,4.708118046109262,4.9890738944606605,0.019482831847827953,0.019482831662300696,1.174817065953901e-09,5.9444960298791614e-08,0.0,117.16043116886698
33,4.814011551974077,0.05157953643533982,-0.03623566201954587,-0.036236381275235555,8.976368082082571e-07,1.57136526349424e-05,0.0,916.9531902034603
33,4.814011551974077,0.06028182909242653,1.6749763224049863,1.6760503881880133,0.0013233040365807042,0.0005973173362506687,0.0,916.4819416972396
33,4.814011551974077,1.0414917221427504,55.692867566570214,55.69285717502599,1.541146217933953e-05,1.452214422036345e-07,0.0,1106.7761759570506
33,4.814011551974077,4.531302545369689,-1.4418620989387065,-1.4418621483731586,1.2022603502714045e-07,9.436038333299424e-09,0.0,146.89315936828547
33,4.814011551974077,4.631820916674874,0.8888783646909815,0.8888785464407949,3.4046902286215887e-07,1.7228557479251066e-08,0.0,222.86997537675194
33,4.814011551974077,4.708118046109262,0.0018018928571450488,0.0018018997854770012,1.916852187438569e-08,1.7462512130938697e-06,0.0,44.078629028812045
33,4.814011551974077,4.901175931514583,0.008425020903146674,0.00842502046614453,7.871495084835519e-10,2.791039250803116e-08,0.0,38.974488228039675
33,4.814011551974077,4.910005066695314,-0.01534465507435634,-0.01534465481854689,2.583669207937603e-10,9.51521710802094e-09,0.0,60.70219246491681
33,4.814011551974077,4.948539282319146,-0.01127533216793708,-0.01127533172776483,1.3820525923313243e-09,4.070267909204853e-08,0.0,68.62463649224489
33,4.814011551974077,4.9890738944606605,0.012209213529068563,0.01220921333696157,8.397299772727111e-10,6.80978517776445e-08,0.0,73.10246111206555
33,4.901175931514583,0.05157953643533982,-0.03759060149266524,-0.03759135747495095,9.265794312177195e-07,1.5632113684458757e-05,0.0,951.4561492114004
33,4.901175931514583,0.06028182909242653,1.7374977234613231,1.7386277794256926,0.0013956286531460788,0.0006071788110789448,0.0,950.8828161803001
33,4.901175931514583,1.0414917221427504,57.52197640074286,57.52196553299285,1.6467521331271484e-05,1.520446423442032e-07,0.0,1129.5457286006244
33,4.901175931514583,4.531302545369689,-4.630610091038712,-4.630610190333265,1.7705462918676901e-07,1.2614379242118844e-08,0.0,161.82072682876748
33,4.901175931514583,4.631820916674874,-2.325565616079217,-2.3255655449382795,3.430851114630251e-07,1.7641115487268967e-08,0.0,219.3303372448575
33,4.901175931514583,4.708118046109262,-0.005096762067946514,-0.005096741886301455,2.7810473191606652e-08,1.5247379583307882e-06,0.0,73.24186952268175
33,4.901175931514583,4.814011551974077,-15.021895188760404,-15.021895271212944,8.504907627433214e-08,5.5318446862809395e-09,0.0,38.97448822803967
33,4.901175931514583,4.910005066695314,-0.028858354927940866,-0.02885835447090578,5.105704238076585e-10,1.654458815079694e-08,0.0,68.9899545064731
33,4.901175931514583,4.948539282319146,0.0083423487839962,0.008342349968892045,1.3804318731491759e-09,4.090500555014616e-08,0.0,68.20512417984207
33,4.901175931514583,4.9890738944606605,0.007545156832655664,0.007545156495011868,4.4526019191092286e-10,4.467577027307857e-08,0.0,59.08368484012553
33,4.910005066695314,0.05157953643533982,-0.037651274115840794,-0.03765203363650347,9.246108521631194e-07,1.5588223865883612e-05,0.0,952.1080746226779
33,4.910005066695314,0.06028182909242653,1.740688121629197,1.7417973904305566,0.0013667312029744653,0.0005939744462959051,0.0,951.8824381534205
33,4.910005066695314,1.0414917221427504,58.82971429915784,58.82970207822563,1.813983944893914e-05,1.6191331141565581e-07,0.0,1168.4162507960662
33,4.910005066695314,4.531302545369689,-1.566101049399471,-1.5661010441456273,1.9197682857403376e-07,1.0689211865840776e-08,0.0,207.05983907283533
33,4.910005066695314,4.631820916674874,-0.9643323268804238,-0.9643320837650489,5.948372601823814e-07,2.3764284287021357e-08,0.0,282.2905274335801
33,4.910005066695314,4.708118046109262,0.010444184739277773,0.010444194333298632,4.282501643606367e-08,1.6907233671385696e-06,0.0,101.71177327802323
33,4.910005066695314,4.814011551974077,-8.108204403445285,-8.108204447373257,7.384173416939314e-08,3.083743930052215e-09,0.0,60.70219246491681
33,4.910005066695314,4.901175931514583,-0.03545987270481277,-0.035459874408225206,1.893960713595612e-09,3.793798339888103e-08,0.0,68.98995450647311
33,4.910005066695314,4.948539282319146,-0.0073333235039996225,-0.0073333236612694395,2.1192033883096947e-10,2.7808328576651972e-08,0.0,15.401968583562264
33,4.910005066695314,4.9890738944606605,0.004124938779437315,0.00412493890071069,4.787666237948355e-10,7.553346517970198e-08,0.0,37.57596952861327
33,4.948539282319146,0.05157953643533982,-0.03824610855795996,-0.03824686245846469,9.35546971595303e-07,1.5526709998869057e-05,0.0,967.1857044143126
33,4.948539282319146,0.06028182909242653,1.76817057584433,1.7692969795173328,0.0013884119667864005,0.0005939989940320844,0.0,966.9424518165708
33,4.948539282319146,1.0414917221427504,59.72737680348672,59.72736424464924,1.8779278325532026e-05,1.6578853134418707e-07,0.0,1181.3296918975825
33,4.948539282319146,4.531302545369689,-2.718194168638277,-2.7181941489591797,2.200314550691087e-07,1.176271348482562e-08,0.0,215.66019660537165
33,4.948539282319146,4.631820916674874,-2.2591895330048573,-2.2591893458533594,6.189273326036624e-07,2.4401054299507788e-08,0.0,286.0579031985057
33,4.948539282319146,4.708118046109262,0.00864005544887192,0.00864007061139354,4.8763098254691726e-08,1.754435855511781e-06,0.0,111.60920361229907
33,4.948539282319146,4.814011551974077,-14.11672979534373,-14.116729807161605,6.337294982259886e-08,2.341017514374566e-09,0.0,68.62463649224489
33,4.948539282319146,4.901175931514583,-0.04186844004827606,-0.04186844114344838,1.7950081712992386e-09,3.636960267540634e-08,0.0,68.20512417984207
33,4.948539282319146,4.910005066695314,-0.0036564960226304066,-0.0036564959902129495,7.508242861986004e-11,1.0898036397880038e-08,0.0,15.40196858356226
33,4.948539282319146,4.9890738944606605,0.0018293702663818578,0.0018293704047128217,6.990901914953167e-10,1.7293274053672853e-07,0.0,23.965234429876112
33,4.9890738944606605,0.05157953643533982,-0.03888632780710277,-0.038887127281516415,9.748449894570107e-07,1.5909034942088163e-05,0.0,983.5934267725407
33,4.9890738944606605,0.06028182909242653,1.7976579980982788,1.7988237318833393,0.001442611649142859,0.0006069520822259608,0.0,983.2608264945504
33,4.9890738944606605,1.0414917221427504,60.44871872834534,60.44870608276831,1.91406225793127e-05,1.680749813784909e-07,0.0,1187.6806864423324
33,4.9890738944606605,4.531302545369689,-4.599024303719723,-4.599024314133866,2.7645065376245533e-07,1.4690091612071216e-08,0.0,216.9630927926194
33,4.9890738944606605,4.631820916674874,-3.953649075905119,-3.9536489894295723,5.920947367830836e-07,2.3961689062175438e-08,0.0,278.6741291690518
33,4.9890738944606605,4.708118046109262,0.0035317343494156717,0.003531754758953512,4.997942652929913e-08,1.7129965838252724e-06,0.0,117.16043116886698
33,4.9890738944606605,4.814011551974077,-22.09977416184339,-22.099774171387814,8.694750675256533e-08,3.015129235255468e-09,0.0,73.10246111206555
33,4.9890738944606605,4.901175931514583,-0.04175794704464053,-0.041757947355465695,6.958810236965447e-10,1.6276332438199386e-08,0.0,59.08368484012552
33,4.9890738944606605,4.910005066695314,-0.01347832484510647,-0.013478324500247121,3.7917205171015143e-10,2.2558607439831292e-08,0.0,37.57596952861327
33,4.9890738944606605,4.948539282319146,0.01120056380976564,0.011200564141633212,3.3876760398589765e-10,2.856923899617036e-08,0.0,23.965234429876116
