real,imag
-4226.812907913258,-1810.841174658934
-4226.812907913258,1810.841174658934
-3103.980989251641,-1498.8852033578348
-3103.980989251641,1498.8852033578348
-2999.9798401531602,-1376.1407166005918
-2999.9798401531602,1376.1407166005918
-2965.9902990875,-1381.4258001910744
-2965.9902990875,1381.4258001910744
-2897.338285782218,-1264.778208960894
-2897.338285782218,1264.778208960894
-2800.5767414196835,-1045.845730265044
-2800.5767414196835,1045.845730265044
-2797.500397972191,-1094.728194199405
-2797.500397972191,1094.728194199405
-2785.211338368758,-1055.0004536221493
-2785.211338368758,1055.0004536221493
-2779.602088371378,-1019.6548725218098
-2779.602088371378,1019.6548725218098
-2750.441289202323,-958.8437703754378
-2750.441289202323,958.8437703754378
-1902.1258993124604,0.0
-1894.7202121152627,0.0
-1889.5885637040162,0.0
-1887.480024734285,0.0
-1883.3574989404551,0.0
-1880.3686458596374,0.0
-1877.7802267487748,0.0
-1876.7945274198428,0.0
-1873.620879282913,0.0
-1869.5296268957711,0.0
-1149.949415581856,-406.2567169715137
-1149.949415581856,406.2567169715137
-1127.9858949382292,-416.5154437908183
-1127.9858949382292,416.5154437908183
-1116.7239489799904,-425.4512359044829
-1116.7239489799904,425.4512359044829
-1111.7032841577086,-418.708043372021
-1111.7032841577086,418.708043372021
-1102.1423639878708,-432.886022357794
-1102.1423639878708,432.886022357794
-1026.9279241454597,-453.55175958606947
-1026.9279241454597,453.55175958606947
-981.885768900398,-461.09515244467394
-981.885768900398,461.09515244467394
-976.0993648468052,-451.33787486065364
-976.0993648468052,451.33787486065364
-923.8382073310031,-451.7820890219724
-923.8382073310031,451.7820890219724
-706.5328309558656,-309.28525713878133
-706.5328309558656,309.28525713878133
-123.9371536927646,0.0
-108.84381443173153,0.0
-99.9999465528767,0.0
-99.99991078818665,0.0
-99.99980650300446,0.0
-99.99973006518815,0.0
-99.99950826125647,0.0
-99.99935701774044,0.0
-99.99672583961508,0.0
-99.99593837221215,0.0
-99.9864534815872,0.0
-91.27807383490594,0.0
-56.30019025312804,0.0
-55.78667628537724,0.0
-53.41684651714345,0.0
-52.057092061222576,-0.5149512238629372
-52.057092061222576,0.5149512238629372
-49.34743571389708,0.0
-49.34179963078493,0.0
-49.117316137686096,0.0
-48.349987143856005,0.0
-48.214488218414594,0.0
-40.83711332520038,-4.194382098924704
-40.83711332520038,4.194382098924704
-36.92437480486729,0.0
-29.74276997929968,-1.28081790531822
-29.74276997929968,1.28081790531822
-26.861794603671154,0.0
-25.70356903987726,-0.7813060588447842
-25.70356903987726,0.7813060588447842
-25.422663564496908,0.0
-25.027808776255053,0.0
-24.704679878301842,-1.961933286974473
-24.704679878301842,1.961933286974473
-24.18856104556646,0.0
-23.877999058306678,-0.838696261846447
-23.877999058306678,0.838696261846447
-22.86558515851196,0.0
-22.49110106845984,0.0
-22.20575249739297,0.0
-20.35635634707475,0.0
-18.632644556220264,0.0
-17.632846533649246,0.0
-16.004028968566665,-6.897128768170254
-16.004028968566665,6.897128768170254
-15.852890836983086,0.0
-15.770149100677951,0.0
-15.693513346239815,0.0
-14.931299931457797,-0.8667779857464168
-14.931299931457797,0.8667779857464168
-14.547504889431499,-9.2395556117329
-14.547504889431499,9.2395556117329
-14.537062783862094,-7.612714159179403
-14.537062783862094,7.612714159179403
-13.71471857822749,-7.591490690033096
-13.71471857822749,7.591490690033096
-13.510051475721156,-2.6978003027141115
-13.510051475721156,2.6978003027141115
-13.275968420471251,-7.388293445464188
-13.275968420471251,7.388293445464188
-13.209088916038416,0.0
-13.170028432655478,-9.006721493443349
-13.170028432655478,9.006721493443349
-12.82646798665446,-8.51429223378038
-12.82646798665446,8.51429223378038
-12.705670383293999,0.0
-12.586463779475256,-8.095389357479744
-12.586463779475256,8.095389357479744
-11.954425475035972,0.0
-11.788715446217205,0.0
-11.71050441754881,0.0
-11.25225464491254,0.0
-10.45599400539655,0.0
-10.452014031129156,-8.263837083142993
-10.452014031129156,8.263837083142993
-9.484037756431492,0.0
-6.132062922059574,0.0
-5.9462958346885655,0.0
-5.608812032299826,0.0
-4.71319698328411,0.0
-4.576311720965115,0.0
-3.4623286100442687,0.0
-3.1556759882395955,-10.669945979077546
-3.1556759882395955,10.669945979077546
-2.590374328434855,0.0
-2.1428448768340838,0.0
-1.9876579522408795,0.0
-1.984710393025666,-0.0007594883157692137
-1.984710393025666,0.0007594883157692137
-1.9806501607789282,0.0
-1.9801812623242658,0.0
-1.9776738789299397,0.0
-1.9758571762525252,0.0
-1.9425457923978309,0.0
-1.8049106159919626,0.0
-1.765038393877203,0.0
-1.6636668826120242,-0.24401729906142575
-1.6636668826120242,0.24401729906142575
-1.5376795834401669,0.0
-1.4926257182700393,-10.0763476213268
-1.4926257182700393,10.0763476213268
-1.3974067565413542,0.0
-1.3771023353002663,0.0
-1.2905831507781114,-10.949283217759481
-1.2905831507781114,10.949283217759481
-1.2602282701551,0.0
-1.0980398625888212,-10.769197781515745
-1.0980398625888212,10.769197781515745
-1.034053555188273,0.0
-1.0235268746918493,0.0
-1.0163899096905775,0.0
-0.9318855522124276,-9.375349999841706
-0.9318855522124276,9.375349999841706
-0.8708558439422496,-10.73751892588453
-0.8708558439422496,10.73751892588453
-0.8406503790638982,-10.016693646401931
-0.8406503790638982,10.016693646401931
-0.7480843822433485,-9.168159872418018
-0.7480843822433485,9.168159872418018
-0.696322553742911,-8.402681462971056
-0.696322553742911,8.402681462971056
-0.6510592606820557,-0.39841832488167894
-0.6510592606820557,0.39841832488167894
-0.6444228876269955,-4.967782302577324
-0.6444228876269955,4.967782302577324
-0.5149221082071007,0.0
-0.4532899707865042,-0.24939102372823876
-0.4532899707865042,0.24939102372823876
-0.4497030404563708,-0.3512327629979077
-0.4497030404563708,0.3512327629979077
-0.39582682578776607,-0.12813673544577994
-0.39582682578776607,0.12813673544577994
-0.3718238618964024,-0.2266040607761448
-0.3718238618964024,0.2266040607761448
-0.3368831743049237,0.0
-0.2691707570197524,-0.3662333372271795
-0.2691707570197524,0.3662333372271795
-0.1531851399814881,-0.08765576730508984
-0.1531851399814881,0.08765576730508984
-0.15193834596092975,0.0
-0.14141538069872395,-0.0005008905147645344
-0.14141538069872395,0.0005008905147645344
-0.1383724725887429,0.0
-0.13814307061390732,0.0
-0.1380188748521261,0.0
-0.13784359233641993,0.0
-0.1376656478504851,0.0
-0.11964713874327898,-0.3045249824495916
-0.11964713874327898,0.3045249824495916
-0.1148889940225801,-0.050740305390639624
-0.1148889940225801,0.050740305390639624
-0.08014835543070895,-0.09402557620698852
-0.08014835543070895,0.09402557620698852
