portfolio,intervention_count,robust_margin,robust_feasible,all_equilibria_ok
none,0,0.09806540933624461,true,true
30,1,0.1065445794904292,true,true
32,1,0.09802425768681527,true,true
33,1,0.09883987584267076,true,true
34,1,0.09792850293596093,true,true
35,1,0.09864239554383514,true,true
36,1,0.09797784420229985,true,true
37,1,0.1379049049215047,true,true
38,1,0.09848688540914431,true,true
30;32,2,0.10709090801437268,true,true
30;33,2,0.11055686762715611,true,true
30;34,2,0.10404722147263254,true,true
30;35,2,0.11047574836606822,true,true
30;36,2,0.10548891333754631,true,true
30;37,2,0.1379058282446871,true,true
30;38,2,0.11230250452051807,true,true
32;33,2,0.09880406405636431,true,true
32;34,2,0.09782289749393819,true,true
32;35,2,0.09864156362430031,true,true
32;36,2,0.0978944623709729,true,true
32;37,2,0.13799683089269063,true,true
32;38,2,0.09839817447642828,true,true
33;34,2,0.0990472857976695,true,true
33;35,2,0.10034027768517045,true,true
33;36,2,0.09850264747997661,true,true
33;37,2,0.13791071987482814,true,true
33;38,2,0.099632684708134,true,true
34;35,2,0.09821388275701355,true,true
34;36,2,0.0977814965399837,true,true
34;37,2,0.13791283832702717,true,true
34;38,2,0.09803780750821386,true,true
35;36,2,0.09878418490593213,true,true
35;37,2,0.13791122415643614,true,true
35;38,2,0.09954867725090749,true,true
36;37,2,0.13743040286304706,true,true
36;38,2,0.09826852916088966,true,true
37;38,2,0.1379190344198799,true,true
30;32;33,3,0.1115861018394946,true,true
30;32;34,3,0.10396284762342786,true,true
30;32;35,3,0.1115167574783444,true,true
30;32;36,3,0.10569414187171547,true,true
30;32;37,3,0.13800780894636722,true,true
30;32;38,3,0.11326567898199927,true,true
30;33;34,3,0.11108609990653706,true,true
30;33;35,3,0.11734378781104499,true,true
30;33;36,3,0.10667489965046403,true,true
30;33;37,3,0.1379127797571947,true,true
30;33;38,3,0.12081346238896266,true,true
30;34;35,3,0.10436162869230672,true,true
30;34;36,3,0.10355549713713327,true,true
30;34;37,3,0.13791555964566587,true,true
30;34;38,3,0.10382041465447109,true,true
30;35;36,3,0.1101529064752268,true,true
30;35;37,3,0.13791358537248113,true,true
30;35;38,3,0.12058291629110687,true,true
30;36;37,3,0.13760539240141811,true,true
30;36;38,3,0.10765682991850382,true,true
30;37;38,3,0.13792233140837232,true,true
32;33;34,3,0.09900197376286023,true,true
32;33;35,3,0.10022844693411936,true,true
32;33;36,3,0.09835833532700694,true,true
32;33;37,3,0.13800759587822461,true,true
32;33;38,3,0.0995382063241052,true,true
32;34;35,3,0.09804984506704743,true,true
32;34;36,3,0.09762820473271935,true,true
32;34;37,3,0.13801096790870107,true,true
32;34;38,3,0.09782690415826734,true,true
32;35;36,3,0.0987732085351189,true,true
32;35;37,3,0.13801286848643657,true,true
32;35;38,3,0.09954810327995026,true,true
32;36;37,3,0.13733856945404121,true,true
32;36;38,3,0.09811361628227142,true,true
32;37;38,3,0.13802119926891218,true,true
33;34;35,3,0.10125219320363726,true,true
33;34;36,3,0.09860405169217833,true,true
33;34;37,3,0.13791609161669813,true,true
33;34;38,3,0.09994416585781374,true,true
33;35;36,3,0.1009752468985546,true,true
33;35;37,3,0.13791594581498998,true,true
33;35;38,3,0.1014586820512273,true,true
33;36;37,3,0.13792010646300287,true,true
33;36;38,3,0.09881694309761255,true,true
33;37;38,3,0.13793300231363548,true,true
34;35;36,3,0.0982010324005907,true,true
34;35;37,3,0.13791776590525806,true,true
34;35;38,3,0.09828377938482341,true,true
34;36;37,3,0.13117008610621372,true,true
34;36;38,3,0.09773391288203617,true,true
34;37;38,3,0.13793973991951938,true,true
35;36;37,3,0.1379194228108897,true,true
35;36;38,3,0.09978057173198945,true,true
35;37;38,3,0.13793548009864914,true,true
36;37;38,3,0.13735558869114256,true,true
30;32;33;34,4,0.11208215489754932,true,true
30;32;33;35,4,0.11874279561128305,true,true
30;32;33;36,4,0.10685216917123377,true,true
30;32;33;37,4,0.13801317000949093,true,true
30;32;33;38,4,0.12278619810225924,true,true
30;32;34;35,4,0.10423412631758128,true,true
30;32;34;36,4,0.10338343364349073,true,true
30;32;34;37,4,0.1380148844415832,true,true
30;32;34;38,4,0.10367814564951153,true,true
30;32;35;36,4,0.11096891545111066,true,true
30;32;35;37,4,0.1380156043841533,true,true
30;32;35;38,4,0.12139672059758572,true,true
30;32;36;37,4,0.13752267161472626,true,true
30;32;36;38,4,0.10790315193022322,true,true
30;32;37;38,4,0.1380286867560879,true,true
30;33;34;35,4,0.1232435319837851,true,true
30;33;34;36,4,0.10686629546160703,true,true
30;33;34;37,4,0.13791955219204574,true,true
30;33;34;38,4,0.12017180047332837,true,true
30;33;35;36,4,0.12277331496592263,true,true
30;33;35;37,4,0.13792002996611183,true,true
30;33;35;38,4,0.1315355931608485,true,true
30;33;36;37,4,0.1379257238238018,true,true
30;33;36;38,4,0.10955101293000427,true,true
30;33;37;38,4,0.1379375192702533,true,true
30;34;35;36,4,0.10441408041604025,true,true
30;34;35;37,4,0.1379227628933342,true,true
30;34;35;38,4,0.1044036077014405,true,true
30;34;36;37,4,0.1310473602152507,true,true
30;34;36;38,4,0.10321685199161973,true,true
30;34;37;38,4,0.1379454261687705,true,true
30;35;36;37,4,0.1379240449834457,true,true
30;35;36;38,4,0.11769569191636879,true,true
30;35;37;38,4,0.1379402360888688,true,true
30;36;37;38,4,0.13762669048977944,true,true
32;33;34;35,4,0.10108869615921104,true,true
32;33;34;36,4,0.0984388832061995,true,true
32;33;34;37,4,0.13801351856289124,true,true
32;33;34;38,4,0.09987138655807287,true,true
32;33;35;36,4,0.10071715580945062,true,true
32;33;35;37,4,0.1380178094089199,true,true
32;33;35;38,4,0.10104796721216766,true,true
32;33;36;37,4,0.13801899405151544,true,true
32;33;36;38,4,0.09857157223774823,true,true
32;33;37;38,4,0.13802844449577137,true,true
32;34;35;36,4,0.09800478423804494,true,true
32;34;35;37,4,0.13801855353880815,true,true
32;34;35;38,4,0.09800180924959823,true,true
32;34;36;37,4,0.13115587319565275,true,true
32;34;36;38,4,0.0974765739779799,true,true
32;34;37;38,4,0.1380317933410191,true,true
32;35;36;37,4,0.13801776183407727,true,true
32;35;36;38,4,0.09979545861816314,true,true
32;35;37;38,4,0.13803830538779974,true,true
32;36;37;38,4,0.13724418793774523,true,true
33;34;35;36,4,0.10242290352173616,true,true
33;34;35;37,4,0.13792043736891135,true,true
33;34;35;38,4,0.10272955405947962,true,true
33;34;36;37,4,0.1379248636017167,true,true
33;34;36;38,4,0.09894540147779408,true,true
33;34;37;38,4,0.13794810498153193,true,true
33;35;36;37,4,0.13792372900849886,true,true
33;35;36;38,4,0.10217793083293787,true,true
33;35;37;38,4,0.1379504421563317,true,true
33;36;37;38,4,0.1379681686737775,true,true
34;35;36;37,4,0.13792510260944904,true,true
34;35;36;38,4,0.09824725821044199,true,true
34;35;37;38,4,0.13795805320521326,true,true
34;36;37;38,4,0.1311288296940637,true,true
35;36;37;38,4,0.1379629925919716,true,true
30;32;33;34;35,5,0.12583224968251977,true,true
30;32;33;34;36,5,0.10702098384800043,true,true
30;32;33;34;37,5,0.1380161868769044,true,true
30;32;33;34;38,5,0.12167868618149043,true,true
30;32;33;35;36,5,0.12508323300353247,true,true
30;32;33;35;37,5,0.1380182478314805,true,true
30;32;33;35;38,5,0.13500905714173664,true,true
30;32;33;36;37,5,0.1380192853608294,true,true
30;32;33;36;38,5,0.10988427319363342,true,true
30;32;33;37;38,5,0.13803227409615856,true,true
30;32;34;35;36,5,0.10426281498805426,true,true
30;32;34;35;37,5,0.13801877306587618,true,true
30;32;34;35;38,5,0.10429565247786364,true,true
30;32;34;36;37,5,0.1310276257123787,true,true
30;32;34;36;38,5,0.1029740289611669,true,true
30;32;34;37;38,5,0.13803520000025715,true,true
30;32;35;36;37,5,0.138018429585052,true,true
30;32;35;36;38,5,0.11832411803407689,true,true
30;32;35;37;38,5,0.13804003099105713,true,true
30;32;36;37;38,5,0.13751434758530223,true,true
30;33;34;35;36,5,0.13586810575284902,true,true
30;33;34;35;37,5,0.1379259510961258,true,true
30;33;34;35;38,5,0.13796961147058145,true,true
30;33;34;36;37,5,0.13793219144828028,true,true
30;33;34;36;38,5,0.10941289440731938,true,true
30;33;34;37;38,5,0.13795557553614596,true,true
30;33;35;36;37,5,0.13793000072138084,true,true
30;33;35;36;38,5,0.13798404470246953,true,true
30;33;35;37;38,5,0.13795838834457194,true,true
30;33;36;37;38,5,0.13798214310871873,true,true
30;34;35;36;37,5,0.13793246087172725,true,true
30;34;35;36;38,5,0.1043811144508017,true,true
30;34;35;37;38,5,0.13796835240859984,true,true
30;34;36;37;38,5,0.13096142785802412,true,true
30;35;36;37;38,5,0.13797602505664228,true,true
32;33;34;35;36,5,0.10198540298073237,true,true
32;33;34;35;37,5,0.13801926927288766,true,true
32;33;34;35;38,5,0.10223727334434574,true,true
32;33;34;36;37,5,0.13801988474642052,true,true
32;33;34;36;38,5,0.0987055110059015,true,true
32;33;34;37;38,5,0.13803363820128495,true,true
32;33;35;36;37,5,0.13801955403599442,true,true
32;33;35;36;38,5,0.10155492263360766,true,true
32;33;35;37;38,5,0.1380518566335876,true,true
32;33;36;37;38,5,0.13808046000953897,true,true
32;34;35;36;37,5,0.13649850624713344,true,true
32;34;35;36;38,5,0.09796343500130592,true,true
32;34;35;37;38,5,0.13805892070728834,true,true
32;34;36;37;38,5,0.13111369941067838,true,true
32;35;36;37;38,5,0.13805916512412933,true,true
33;34;35;36;37,5,0.1379303040227023,true,true
33;34;35;36;38,5,0.1041931016717746,true,true
33;34;35;37;38,5,0.13796543120833712,true,true
33;34;36;37;38,5,0.13798600181610857,true,true
33;35;36;37;38,5,0.13797979257616894,true,true
34;35;36;37;38,5,0.13798688270377021,true,true
30;32;33;34;35;36,6,0.13801971581946818,true,true
30;32;33;34;35;37,6,0.13801926039948728,true,true
30;32;33;34;35;38,6,0.13806048438167526,true,true
30;32;33;34;36;37,6,0.1380199226754054,true,true
30;32;33;34;36;38,6,0.10968493652908397,true,true
30;32;33;34;37;38,6,0.13803512363955556,true,true
30;32;33;35;36;37,6,0.1380195024898011,true,true
30;32;33;35;36;38,6,0.13808863927843915,true,true
30;32;33;35;37;38,6,0.13804937767979697,true,true
30;32;33;36;37;38,6,0.13808289704061738,true,true
30;32;34;35;36;37,6,0.13801974427929603,true,true
30;32;34;35;36;38,6,0.1042451438112991,true,true
30;32;34;35;37;38,6,0.1380569457627045,true,true
30;32;34;36;37;38,6,0.13093883967833636,true,true
30;32;35;36;37;38,6,0.13806097169561693,true,true
30;33;34;35;36;37,6,0.13793756858116746,true,true
30;33;34;35;36;38,6,0.1380056000629451,true,true
30;33;34;35;37;38,6,0.13797739361739325,true,true
30;33;34;36;37;38,6,0.13800209640321867,true,true
30;33;35;36;37;38,6,0.13799671974868483,true,true
30;34;35;36;37;38,6,0.13800274341315746,true,true
32;33;34;35;36;37,6,0.13802012145892062,true,true
32;33;34;35;36;38,6,0.10320915388711142,true,true
32;33;34;35;37;38,6,0.13806176868832104,true,true
32;33;34;36;37;38,6,0.13812243711080802,true,true
32;33;35;36;37;38,6,0.13670848759457715,true,true
32;34;35;36;37;38,6,0.13309482950409188,true,true
33;34;35;36;37;38,6,0.13800260448971338,true,true
30;32;33;34;35;36;37,7,0.1380197163899015,true,true
30;32;33;34;35;36;38,7,0.138325419498293,true,true
30;32;33;34;35;37;38,7,0.13805765907285028,true,true
30;32;33;34;36;37;38,7,0.1363561762237024,true,true
30;32;33;35;36;37;38,7,0.0858347015466806,true,true
30;32;34;35;36;37;38,7,0.1382955669444749,true,true
30;33;34;35;36;37;38,7,0.13802231545254903,true,true
32;33;34;35;36;37;38,7,0.12622898346618006,true,true
30;32;33;34;35;36;37;38,8,-0.11409501188635587,false,true
