bus_i,bus_j,t_i,t_j,valid,error,joint_real,joint_imag,nodal_real,nodal_imag,collective_real,added_GFL_MW,residual,max_jump,false_accept
30,31,0.02,0.02,True,,-0.0654234031440164,30.933586403830866,-0.06570892701739738,30.934750172684492,0.0002855238733809745,7.617188741102161,2.857455713990722e-19,0.04225831691655566,False
30,32,0.02,0.02,True,,-0.0654229073202037,30.93371700096006,-0.06570892701739738,30.934597304344837,0.00028601969719367626,8.999999999999998,7.6384320271568765e-19,0.04228248357209739,False
30,33,0.02,0.02,True,,-0.06570428045802694,30.932578163264218,-0.06570892701739738,30.932539478235473,4.646559370435899e-06,8.820000000000002,6.161007043787471e-19,0.04217806292898335,False
30,34,0.02,0.02,True,,-0.0656478586099001,30.93195839116477,-0.06570892701739738,30.931873327816167,6.10684074972695e-05,7.5799999999999965,5.28289262584269e-19,0.042109765036697534,False
30,35,0.02,0.02,True,,-0.06656270991000901,30.933382209942838,-0.06570892701739738,30.93311129883273,-0.0008537828926116348,9.000000000000002,1.9660260365380432e-18,0.04218279391629324,False
30,36,0.02,0.02,False,local corrector failed,,,,,,,,,
30,37,0.02,0.02,True,,-0.041399605654403614,30.957900507203707,-0.06570892701739738,30.976405359853747,0.024309321362993755,7.900000000000006,8.96504274388679e-19,0.045061118637386904,True
30,38,0.02,0.02,True,,-0.06593357699905034,30.93471034446796,-0.06570892701739738,30.93584637124378,-0.00022464998165296068,10.800000000000002,5.266619060667031e-19,0.04239036655538351,False
30,39,0.02,0.02,True,,-0.08081870785677457,30.913866018529248,-0.06570892701739738,30.925631174819333,-0.015109780839377196,5.2104221586863035,1.407659351218379e-19,0.04076171502262215,False
31,32,0.02,0.02,True,,-0.06515594729955815,30.51904594675395,-0.06570892701739738,30.51920586204479,0.0005529797178392276,11.61718874110216,2.066018077630697e-19,0.0004934577103181301,False
31,33,0.02,0.02,True,,-0.06568486696401747,30.517142654877485,-0.06570892701739738,30.517148035935424,2.4060053379904023e-05,11.437188741102164,3.187003874572363e-19,0.0003044938879433251,False
31,34,0.02,0.02,True,,-0.06571516584291816,30.51648636301177,-0.06570892701739738,30.516481885516118,-6.238825520782365e-06,10.197188741102156,4.2868449285330903e-19,0.0002369229355842292,False
31,35,0.02,0.02,True,,-0.06563559628113673,30.517718525858406,-0.06570892701739738,30.517719856532683,7.333073626064612e-05,11.617188741102163,3.624916480646842e-19,0.0004331229858707413,False
31,36,0.02,0.02,False,local corrector failed,,,,,,,,,
31,37,0.02,0.02,True,,-0.06467046400577936,30.56047308358757,-0.06570892701739738,30.561013917553698,0.0010384630116180155,10.517188741102165,2.0580730198586444e-16,0.00643503328121409,False
31,38,0.02,0.02,True,,-0.06566226422490948,30.52039794051227,-0.06570892701739738,30.52045492894373,4.666279248789762e-05,13.417188741102164,5.27225244667213e-20,0.0006626741640674916,False
31,39,0.02,0.02,True,,-0.0660894751436606,30.510389736683415,-0.06570892701739738,30.510239732519285,-0.0003805481262632304,7.827610899788465,1.013451590244493e-14,0.0007887569548610772,False
32,33,0.02,0.02,True,,-0.06567718975182328,30.516992073178656,-0.06570892701739738,30.516995167595777,3.17372655740944e-05,12.82,3.0671974241342415e-19,0.0002866495017281342,False
32,34,0.02,0.02,True,,-0.06571936388256588,30.516328998505678,-0.06570892701739738,30.51632901717647,-1.0436865168508835e-05,11.579999999999997,4.066537601774037e-19,0.00022292760246123453,False
32,35,0.02,0.02,True,,-0.06559858794190698,30.517573789494804,-0.06570892701739738,30.51756698819303,0.00011033907549039268,13.0,2.4515484122310225e-19,0.0004223268569020181,False
32,36,0.02,0.02,False,local corrector failed,,,,,,,,,
32,37,0.02,0.02,True,,-0.0646706527590241,30.560409909058098,-0.06570892701739738,30.56086104921405,0.001038274258373273,11.900000000000004,2.0996769341152112e-16,0.006432418993055499,False
32,38,0.02,0.02,True,,-0.06565232766896151,30.520262346359146,-0.06570892701739738,30.520302060604084,5.659934843586789e-05,14.8,3.1176406471591194e-19,0.0006519113840536386,False
32,39,0.02,0.02,True,,-0.06599343958746363,30.510171530569423,-0.06570892701739738,30.51008686417963,-0.00028451257006625874,9.2104221586863,1.1278256158139827e-14,0.00080067956979404,False
33,34,0.02,0.02,True,,-0.06584711101791944,30.514176811534384,-0.06570892701739738,30.514271191067106,-0.00013818400052206803,11.4,3.0383394324590203e-15,5.573370929838816e-05,False
33,35,0.02,0.02,True,,-0.06561070170893231,30.51552470832934,-0.06570892701739738,30.515509162083664,9.822530846506639e-05,12.820000000000006,6.71020005479297e-15,0.00021937007222524828,False
33,36,0.02,0.02,False,local corrector failed,,,,,,,,,
33,37,0.02,0.02,True,,-0.06551080544711425,30.55878039254595,-0.06570892701739738,30.558803223104686,0.00019812157028312183,11.72000000000001,2.2290594644675655e-16,0.00632764275635625,False
33,38,0.02,0.02,True,,-0.06568320968359,30.518250614968537,-0.06570892701739738,30.51824423449472,2.571733380737906e-05,14.620000000000005,3.3192423285700747e-19,0.0004492824886086052,False
33,39,0.02,0.02,True,,-0.06572246642733799,30.50802636047538,-0.06570892701739738,30.508029038070266,-1.3539409940616087e-05,9.030422158686306,3.7034155172366155e-19,0.001005619751521502,False
34,35,0.02,0.02,True,,-0.06575461142920073,30.514811812457644,-0.06570892701739738,30.514843011664357,-4.568441180335947e-05,11.58,2.9973925734660836e-16,0.00016208085526835087,False
34,36,0.02,0.02,False,local corrector failed,,,,,,,,,
34,37,0.02,0.02,True,,-0.06574688775448655,30.558092651874844,-0.06570892701739738,30.55813707268538,-3.7960737089171026e-05,10.480000000000002,2.1504657902967815e-16,0.006251047537255576,False
34,38,0.02,0.02,True,,-0.06570830128211155,30.517579923646103,-0.06570892701739738,30.517578084075414,6.257352858224374e-07,13.38,1.2984365287051e-19,0.00039236952128023664,False
34,39,0.02,0.02,True,,-0.06571186178285496,30.507364557017,-0.06570892701739738,30.50736288765096,-2.9347654575823112e-06,7.790422158686302,3.2631654566851985e-19,0.0010625642406208668,False
35,36,0.02,0.02,False,local corrector failed,,,,,,,,,
35,37,0.02,0.02,True,,-0.06502361905267276,30.55956322962539,-0.06570892701739738,30.559375043701937,0.0006853079647246157,11.90000000000001,2.1535228359219185e-16,0.00634644851187734,False
35,38,0.02,0.02,True,,-0.06560915719213947,30.51886587529921,-0.06570892701739738,30.51881605509197,9.976982525790323e-05,14.800000000000004,4.040975524308961e-19,0.0005952214690300775,False
35,39,0.02,0.02,True,,-0.06573508607451586,30.508538059652906,-0.06570892701739738,30.508600858667524,-2.6159057118488316e-05,9.210422158686306,3.0561323025426363e-19,0.0008632878450932764,False
36,37,0.02,0.02,False,local corrector failed,,,,,,,,,
36,38,0.02,0.02,False,local corrector failed,,,,,,,,,
36,39,0.02,0.02,False,local corrector failed,,,,,,,,,
37,38,0.02,0.02,True,,-0.06263535041285138,30.561404949535262,-0.06570892701739738,30.562110116112994,0.003073576604545991,13.70000000000001,1.4380313652995982e-16,0.006344553542348366,False
37,39,0.02,0.02,True,,-0.06731258978730745,30.553548632701812,-0.06570892701739738,30.55189491968854,-0.001603662769910072,8.11042215868631,1.4743205361278397e-16,0.006266983770459612,False
38,39,0.02,0.02,True,,-0.06576792415770427,30.511351587594955,-0.06570892701739738,30.511335931078573,-5.899714030689618e-05,11.010422158686307,1.8478144390478985e-15,0.0006307221997825036,False
30,31,-0.02,-0.02,False,local corrector failed,,,,,,,,,
30,32,-0.02,-0.02,False,local corrector failed,,,,,,,,,
30,33,-0.02,-0.02,False,local corrector failed,,,,,,,,,
30,34,-0.02,-0.02,False,local corrector failed,,,,,,,,,
30,35,-0.02,-0.02,False,local corrector failed,,,,,,,,,
30,36,-0.02,-0.02,True,,-0.06739094006872713,30.078878555852317,-0.06570892701739738,30.078968164806117,-0.001682013051329756,8.100000000000003,3.532829422151832e-19,0.04406714972041595,False
30,37,-0.02,-0.02,True,,-0.05383559126111602,30.062125950882677,-0.06570892701739738,30.05813710064837,0.011873335756281356,7.900000000000006,6.2521921404766565e-15,0.0456138264234287,False
30,38,-0.02,-0.02,False,local corrector failed,,,,,,,,,
30,39,-0.02,-0.02,False,local corrector failed,,,,,,,,,
31,32,-0.02,-0.02,False,local corrector failed,,,,,,,,,
31,33,-0.02,-0.02,False,local corrector failed,,,,,,,,,
31,34,-0.02,-0.02,False,local corrector failed,,,,,,,,,
31,35,-0.02,-0.02,False,local corrector failed,,,,,,,,,
31,36,-0.02,-0.02,False,local corrector failed,,,,,,,,,
31,37,-0.02,-0.02,False,local corrector failed,,,,,,,,,
31,38,-0.02,-0.02,False,local corrector failed,,,,,,,,,
31,39,-0.02,-0.02,False,local corrector failed,,,,,,,,,
32,33,-0.02,-0.02,False,local corrector failed,,,,,,,,,
32,34,-0.02,-0.02,False,local corrector failed,,,,,,,,,
32,35,-0.02,-0.02,False,local corrector failed,,,,,,,,,
32,36,-0.02,-0.02,False,local corrector failed,,,,,,,,,
32,37,-0.02,-0.02,False,local corrector failed,,,,,,,,,
32,38,-0.02,-0.02,False,local corrector failed,,,,,,,,,
32,39,-0.02,-0.02,False,local corrector failed,,,,,,,,,
33,34,-0.02,-0.02,False,local corrector failed,,,,,,,,,
33,35,-0.02,-0.02,False,local corrector failed,,,,,,,,,
33,36,-0.02,-0.02,False,local corrector failed,,,,,,,,,
33,37,-0.02,-0.02,False,local corrector failed,,,,,,,,,
33,38,-0.02,-0.02,False,local corrector failed,,,,,,,,,
33,39,-0.02,-0.02,False,local corrector failed,,,,,,,,,
34,35,-0.02,-0.02,False,local corrector failed,,,,,,,,,
34,36,-0.02,-0.02,False,local corrector failed,,,,,,,,,
34,37,-0.02,-0.02,False,local corrector failed,,,,,,,,,
34,38,-0.02,-0.02,False,local corrector failed,,,,,,,,,
34,39,-0.02,-0.02,False,local corrector failed,,,,,,,,,
35,36,-0.02,-0.02,False,local corrector failed,,,,,,,,,
35,37,-0.02,-0.02,False,local corrector failed,,,,,,,,,
35,38,-0.02,-0.02,False,local corrector failed,,,,,,,,,
35,39,-0.02,-0.02,False,local corrector failed,,,,,,,,,
36,37,-0.02,-0.02,True,,-0.06595292723170937,30.494988348739337,-0.06570892701739738,30.494870835148507,-0.00024400021431199292,11.000000000000009,3.8973437941987413e-19,0.002383035304049004,False
36,38,-0.02,-0.02,False,local corrector failed,,,,,,,,,
36,39,-0.02,-0.02,False,local corrector failed,,,,,,,,,
37,38,-0.02,-0.02,False,local corrector failed,,,,,,,,,
37,39,-0.02,-0.02,False,local corrector failed,,,,,,,,,
38,39,-0.02,-0.02,False,local corrector failed,,,,,,,,,
30,31,0.02,-0.02,False,local corrector failed,,,,,,,,,
30,32,0.02,-0.02,False,local corrector failed,,,,,,,,,
30,33,0.02,-0.02,False,local corrector failed,,,,,,,,,
30,34,0.02,-0.02,False,local corrector failed,,,,,,,,,
30,35,0.02,-0.02,False,local corrector failed,,,,,,,,,
30,36,0.02,-0.02,True,,-0.06630826912670594,30.932342420049594,-0.06570892701739738,30.932921757145397,-0.0005993421093085649,8.100000000000003,6.849238903441497e-19,0.04219859472148619,False
30,37,0.02,-0.02,True,,-0.07406219370811652,30.91901736898189,-0.06570892701739738,30.91209069298765,-0.008353266690719147,7.900000000000006,2.2238502262328063e-18,0.041799508272433956,False
30,38,0.02,-0.02,False,local corrector failed,,,,,,,,,
30,39,0.02,-0.02,False,local corrector failed,,,,,,,,,
31,32,0.02,-0.02,False,local corrector failed,,,,,,,,,
31,33,0.02,-0.02,False,local corrector failed,,,,,,,,,
31,34,0.02,-0.02,False,local corrector failed,,,,,,,,,
31,35,0.02,-0.02,False,local corrector failed,,,,,,,,,
31,36,0.02,-0.02,True,,-0.06568389103248203,30.517490322785356,-0.06570892701739738,30.51753031484535,2.5035984915350307e-05,10.717188741102163,3.061395910934713e-19,0.0003599054867502229,False
31,37,0.02,-0.02,True,,-0.06627314452847004,30.496867856207988,-0.06570892701739738,30.496699250687602,-0.0005642175110726622,10.517188741102165,2.7555154031855755e-19,0.002211498584435337,False
31,38,0.02,-0.02,False,local corrector failed,,,,,,,,,
31,39,0.02,-0.02,False,local corrector failed,,,,,,,,,
32,33,0.02,-0.02,False,local corrector failed,,,,,,,,,
32,34,0.02,-0.02,False,local corrector failed,,,,,,,,,
32,35,0.02,-0.02,False,local corrector failed,,,,,,,,,
32,36,0.02,-0.02,True,,-0.06567844619134722,30.51733883350005,-0.06570892701739738,30.5173774465057,3.0480826050158227e-05,12.1,1.994079422697884e-19,0.0003443657407472646,False
32,37,0.02,-0.02,True,,-0.06626250380258732,30.49665848181913,-0.06570892701739738,30.496546382347947,-0.0005535767851899409,11.900000000000004,7.262425216694775e-19,0.002219779043355033,False
32,38,0.02,-0.02,False,local corrector failed,,,,,,,,,
32,39,0.02,-0.02,False,local corrector failed,,,,,,,,,
33,34,0.02,-0.02,False,local corrector failed,,,,,,,,,
33,35,0.02,-0.02,False,local corrector failed,,,,,,,,,
33,36,0.02,-0.02,True,,-0.06567884919875282,30.51531048976866,-0.06570892701739738,30.515319620396337,3.0077818644558274e-05,11.920000000000005,8.64110394853003e-15,0.0001385771196618485,False
33,37,0.02,-0.02,True,,-0.06580433057946156,30.494474135844342,-0.06570892701739738,30.494488556238583,-9.540356206418077e-05,11.72000000000001,1.1987501409602463e-19,0.0024074219700727603,False
33,38,0.02,-0.02,False,local corrector failed,,,,,,,,,
33,39,0.02,-0.02,False,local corrector failed,,,,,,,,,
34,35,0.02,-0.02,False,local corrector failed,,,,,,,,,
34,36,0.02,-0.02,True,,-0.06572493774164104,30.514667114029276,-0.06570892701739738,30.51465346997703,-1.60107242436619e-05,10.68,3.0077025053714137e-15,7.46839602037553e-05,False
34,37,0.02,-0.02,True,,-0.06569707726848661,30.49384688813006,-0.06570892701739738,30.493822405819277,1.1849748910761071e-05,10.480000000000002,9.393009456427366e-19,0.0024610626489774507,False
34,38,0.02,-0.02,False,local corrector failed,,,,,,,,,
34,39,0.02,-0.02,False,local corrector failed,,,,,,,,,
35,36,0.02,-0.02,True,,-0.06827641638430314,30.51625378742595,-0.06570892701739738,30.515891440993588,-0.002567489366905762,12.100000000000005,2.474199093305058e-19,0.0003720396307818504,False
35,37,0.02,-0.02,True,,-0.06601081191629063,30.494841277252103,-0.06570892701739738,30.49506037683584,-0.00030188489889325376,11.90000000000001,3.6922389986390544e-19,0.0022685562486147344,False
35,38,0.02,-0.02,False,local corrector failed,,,,,,,,,
35,39,0.02,-0.02,False,local corrector failed,,,,,,,,,
36,37,0.02,-0.02,False,local corrector failed,,,,,,,,,
36,38,0.02,-0.02,False,local corrector failed,,,,,,,,,
36,39,0.02,-0.02,False,local corrector failed,,,,,,,,,
37,38,0.02,-0.02,False,local corrector failed,,,,,,,,,
37,39,0.02,-0.02,False,local corrector failed,,,,,,,,,
38,39,0.02,-0.02,False,local corrector failed,,,,,,,,,
30,31,0.05,0.05,False,singular matrix: resolution failed at diagonal 1,,,,,,,,,
30,32,0.05,0.05,False,singular matrix: resolution failed at diagonal 1,,,,,,,,,
30,33,0.05,0.05,False,singular matrix: resolution failed at diagonal 1,,,,,,,,,
30,34,0.05,0.05,False,singular matrix: resolution failed at diagonal 1,,,,,,,,,
30,35,0.05,0.05,False,singular matrix: resolution failed at diagonal 1,,,,,,,,,
30,36,0.05,0.05,False,singular matrix: resolution failed at diagonal 1,,,,,,,,,
30,37,0.05,0.05,False,singular matrix: resolution failed at diagonal 1,,,,,,,,,
30,38,0.05,0.05,False,singular matrix: resolution failed at diagonal 1,,,,,,,,,
30,39,0.05,0.05,False,singular matrix: resolution failed at diagonal 1,,,,,,,,,
31,32,0.05,0.05,True,,-0.06350024827959713,30.52369885137275,-0.06570892701739738,30.524623612577894,0.002208678737800243,11.61718874110216,6.294541160512024e-19,0.001041094452811344,False
31,33,0.05,0.05,True,,-0.06559552779321212,30.520400163697516,-0.06570892701739738,30.520424615420342,0.00011339922418525383,11.437188741102164,5.916211759690799e-19,0.000724890559051866,False
31,34,0.05,0.05,True,,-0.06577623764202993,30.518224538794012,-0.06570892701739738,30.51816822399824,-6.7310624632555e-05,10.197188741102156,2.1890720837786445e-19,0.00048655424439879573,False
31,35,0.05,0.05,True,,-0.06550022589987899,30.52086950139997,-0.06570892701739738,30.5208833706639,0.0002087011175183895,11.617188741102163,5.023325961721744e-19,0.0008341208526073856,False
31,36,0.05,0.05,False,local corrector failed,,,,,,,,,
31,37,0.05,0.05,False,local corrector failed,,,,,,,,,
31,38,0.05,0.05,True,,-0.06553465887933979,30.52602602577153,-0.06570892701739738,30.52623335523811,0.00017426813805758445,13.417188741102164,5.30479403375218e-19,0.001257500009433676,False
31,39,0.05,0.05,True,,-0.06717552030840629,30.508345244848332,-0.06570892701739738,30.507772114495882,-0.0014665932910089136,7.827610899788465,6.748419009125682e-19,0.0020506640096879824,False
32,33,0.05,0.05,True,,-0.06555966252397098,30.52006662381057,-0.06570892701739738,30.520082301926767,0.00014926449342639314,12.82,3.444634419132534e-19,0.0006649540539136713,False
32,34,0.05,0.05,True,,-0.06581797335662151,30.51783710162254,-0.06570892701739738,30.517825910504666,-0.00010904633922413642,11.579999999999997,8.814037357585152e-19,0.0004516734315872511,False
32,35,0.05,0.05,True,,-0.06539530134844407,30.520544330299536,-0.06570892701739738,30.520541057170323,0.00031362566895330735,13.0,7.885742605199264e-19,0.0008233431778468831,False
32,36,0.05,0.05,False,local corrector failed,,,,,,,,,
32,37,0.05,0.05,False,local corrector failed,,,,,,,,,
32,38,0.05,0.05,True,,-0.06549777829282903,30.525747385415922,-0.06570892701739738,30.525891041744533,0.0002111487245683441,14.8,3.6974076233900245e-19,0.0012469291712719481,False
32,39,0.05,0.05,True,,-0.06680585656387368,30.50774931597063,-0.06570892701739738,30.507429801002306,-0.0010969295464763051,9.2104221586863,6.336178215819679e-15,0.002073013176120011,False
33,34,0.05,0.05,True,,-0.06580146607476177,30.51198226748217,-0.06570892701739738,30.513626913347114,-9.25390573643936e-05,11.4,1.6104688551505645e-19,0.0009246849535068488,False
33,35,0.05,0.05,True,,-0.06540214017733328,30.51637403244585,-0.06570892701739738,30.516342060012764,0.00030678684006409107,12.820000000000006,2.4456734023780856e-19,0.0004371182895538707,False
33,36,0.05,0.05,False,local corrector failed,,,,,,,,,
33,37,0.05,0.05,False,local corrector failed,,,,,,,,,
33,38,0.05,0.05,True,,-0.06560235261430555,30.521719137305457,-0.06570892701739738,30.521692044586974,0.00010657440309182198,14.620000000000005,4.950266587521752e-19,0.000861943613837023,False
33,39,0.05,0.05,True,,-0.06576678593052754,30.50321762093536,-0.06570892701739738,30.503230803844747,-5.785891313016267e-05,9.030422158686306,1.0321761715234611e-19,0.0024738877175193748,False
34,35,0.05,0.05,True,,-0.06600180315230003,30.513871196681173,-0.06570892701739738,30.51408566859067,-0.00029287613490265596,11.58,9.146212792138596e-20,0.00042841476550087846,False
34,36,0.05,0.05,False,local corrector failed,,,,,,,,,
34,37,0.05,0.05,False,local corrector failed,,,,,,,,,
34,38,0.05,0.05,True,,-0.06570921563169226,30.5194661515907,-0.06570892701739738,30.51943565316488,-2.8861429487991863e-07,13.38,2.9957907216269896e-19,0.0007594110816749565,False
34,39,0.05,0.05,True,,-0.06572358116303545,30.500953279273872,-0.06570892701739738,30.500974412422654,-1.4654145638073879e-05,7.790422158686302,1.8855340241629547e-19,0.0025741453312505885,False
35,36,0.05,0.05,False,local corrector failed,,,,,,,,,
35,37,0.05,0.05,False,local corrector failed,,,,,,,,,
35,38,0.05,0.05,True,,-0.06545742222041721,30.52226146436318,-0.06570892701739738,30.52215079983053,0.00025150479698016204,14.800000000000004,4.41055844194578e-19,0.0011720434629127763,False
35,39,0.05,0.05,True,,-0.06578601151618728,30.503547621308673,-0.06570892701739738,30.503689559088304,-7.708449878990331e-05,9.210422158686306,2.3861134239404495e-19,0.0022244168637400646,False
36,37,0.05,0.05,False,local corrector failed,,,,,,,,,
36,38,0.05,0.05,False,local corrector failed,,,,,,,,,
36,39,0.05,0.05,False,local corrector failed,,,,,,,,,
37,38,0.05,0.05,False,local corrector failed,,,,,,,,,
37,39,0.05,0.05,False,local corrector failed,,,,,,,,,
38,39,0.05,0.05,True,,-0.06589432327942549,30.50911691819806,-0.06570892701739738,30.509039543662514,-0.00018539626202811188,11.010422158686307,1.1009664903256994e-14,0.0018048531161242811,False
30,31,-0.05,-0.05,False,local corrector failed,,,,,,,,,
30,32,-0.05,-0.05,False,local corrector failed,,,,,,,,,
30,33,-0.05,-0.05,False,local corrector failed,,,,,,,,,
30,34,-0.05,-0.05,False,local corrector failed,,,,,,,,,
30,35,-0.05,-0.05,False,local corrector failed,,,,,,,,,
30,36,-0.05,-0.05,False,local corrector failed,,,,,,,,,
30,37,-0.05,-0.05,True,,-0.03104001983323524,29.43097199780946,-0.06570892701739738,29.400786277026103,0.03466890718416214,7.900000000000006,4.0114570329044102e-19,0.10945632407403472,True
30,38,-0.05,-0.05,False,local corrector failed,,,,,,,,,
30,39,-0.05,-0.05,False,local corrector failed,,,,,,,,,
31,32,-0.05,-0.05,False,local corrector failed,,,,,,,,,
31,33,-0.05,-0.05,False,local corrector failed,,,,,,,,,
31,34,-0.05,-0.05,False,local corrector failed,,,,,,,,,
31,35,-0.05,-0.05,False,local corrector failed,,,,,,,,,
31,36,-0.05,-0.05,False,local corrector failed,,,,,,,,,
31,37,-0.05,-0.05,False,local corrector failed,,,,,,,,,
31,38,-0.05,-0.05,False,local corrector failed,,,,,,,,,
31,39,-0.05,-0.05,False,local corrector failed,,,,,,,,,
32,33,-0.05,-0.05,False,local corrector failed,,,,,,,,,
32,34,-0.05,-0.05,False,local corrector failed,,,,,,,,,
32,35,-0.05,-0.05,False,local corrector failed,,,,,,,,,
32,36,-0.05,-0.05,False,local corrector failed,,,,,,,,,
32,37,-0.05,-0.05,False,local corrector failed,,,,,,,,,
32,38,-0.05,-0.05,False,local corrector failed,,,,,,,,,
32,39,-0.05,-0.05,False,local corrector failed,,,,,,,,,
33,34,-0.05,-0.05,False,local corrector failed,,,,,,,,,
33,35,-0.05,-0.05,False,local corrector failed,,,,,,,,,
33,36,-0.05,-0.05,False,local corrector failed,,,,,,,,,
33,37,-0.05,-0.05,False,local corrector failed,,,,,,,,,
33,38,-0.05,-0.05,False,local corrector failed,,,,,,,,,
33,39,-0.05,-0.05,False,local corrector failed,,,,,,,,,
34,35,-0.05,-0.05,False,local corrector failed,,,,,,,,,
34,36,-0.05,-0.05,False,local corrector failed,,,,,,,,,
34,37,-0.05,-0.05,False,local corrector failed,,,,,,,,,
34,38,-0.05,-0.05,False,local corrector failed,,,,,,,,,
34,39,-0.05,-0.05,False,local corrector failed,,,,,,,,,
35,36,-0.05,-0.05,False,local corrector failed,,,,,,,,,
35,37,-0.05,-0.05,False,local corrector failed,,,,,,,,,
35,38,-0.05,-0.05,False,local corrector failed,,,,,,,,,
35,39,-0.05,-0.05,False,local corrector failed,,,,,,,,,
36,37,-0.05,-0.05,False,local corrector failed,,,,,,,,,
36,38,-0.05,-0.05,False,local corrector failed,,,,,,,,,
36,39,-0.05,-0.05,False,local corrector failed,,,,,,,,,
37,38,-0.05,-0.05,False,local corrector failed,,,,,,,,,
37,39,-0.05,-0.05,False,local corrector failed,,,,,,,,,
38,39,-0.05,-0.05,False,local corrector failed,,,,,,,,,
30,31,0.05,-0.05,False,singular matrix: resolution failed at diagonal 1,,,,,,,,,
30,32,0.05,-0.05,False,singular matrix: resolution failed at diagonal 1,,,,,,,,,
30,33,0.05,-0.05,False,singular matrix: resolution failed at diagonal 1,,,,,,,,,
30,34,0.05,-0.05,False,singular matrix: resolution failed at diagonal 1,,,,,,,,,
30,35,0.05,-0.05,False,singular matrix: resolution failed at diagonal 1,,,,,,,,,
30,36,0.05,-0.05,False,singular matrix: resolution failed at diagonal 1,,,,,,,,,
30,37,0.05,-0.05,False,singular matrix: resolution failed at diagonal 1,,,,,,,,,
30,38,0.05,-0.05,False,singular matrix: resolution failed at diagonal 1,,,,,,,,,
30,39,0.05,-0.05,False,singular matrix: resolution failed at diagonal 1,,,,,,,,,
31,32,0.05,-0.05,False,local corrector failed,,,,,,,,,
31,33,0.05,-0.05,False,local corrector failed,,,,,,,,,
31,34,0.05,-0.05,False,local corrector failed,,,,,,,,,
31,35,0.05,-0.05,False,local corrector failed,,,,,,,,,
31,36,0.05,-0.05,False,local corrector failed,,,,,,,,,
31,37,0.05,-0.05,True,,-0.06828266412151161,30.478722031053955,-0.06570892701739738,30.478096373374616,-0.0025737371041142376,10.517188741102165,4.609556016448745e-18,0.0056922774640842085,False
31,38,0.05,-0.05,False,local corrector failed,,,,,,,,,
31,39,0.05,-0.05,False,local corrector failed,,,,,,,,,
32,33,0.05,-0.05,False,local corrector failed,,,,,,,,,
32,34,0.05,-0.05,False,local corrector failed,,,,,,,,,
32,35,0.05,-0.05,False,local corrector failed,,,,,,,,,
32,36,0.05,-0.05,False,local corrector failed,,,,,,,,,
32,37,0.05,-0.05,True,,-0.06820827497092885,30.47811621217622,-0.06570892701739738,30.47775405988104,-0.002499347953531475,11.900000000000004,5.205176574928505e-18,0.005688265890824941,False
32,38,0.05,-0.05,False,local corrector failed,,,,,,,,,
32,39,0.05,-0.05,False,local corrector failed,,,,,,,,,
33,34,0.05,-0.05,False,local corrector failed,,,,,,,,,
33,35,0.05,-0.05,False,local corrector failed,,,,,,,,,
33,36,0.05,-0.05,False,local corrector failed,,,,,,,,,
33,37,0.05,-0.05,True,,-0.06616278901363846,30.473435075312334,-0.06570892701739738,30.473555062723488,-0.00045386199624108947,11.72000000000001,6.076724943936478e-18,0.005934621725283743,False
33,38,0.05,-0.05,False,local corrector failed,,,,,,,,,
33,39,0.05,-0.05,False,local corrector failed,,,,,,,,,
34,35,0.05,-0.05,False,local corrector failed,,,,,,,,,
34,36,0.05,-0.05,False,local corrector failed,,,,,,,,,
34,37,0.05,-0.05,True,,-0.06555271613093228,30.471470222017345,-0.06570892701739738,30.471298671301387,0.00015621088646509962,10.480000000000002,6.61557026075641e-18,0.006009677835432501,False
34,38,0.05,-0.05,False,local corrector failed,,,,,,,,,
34,39,0.05,-0.05,False,local corrector failed,,,,,,,,,
35,36,0.05,-0.05,False,local corrector failed,,,,,,,,,
35,37,0.05,-0.05,True,,-0.06659233809712617,30.473307724863382,-0.06570892701739738,30.47401381796705,-0.0008834110797287936,11.90000000000001,3.6682432162441684e-18,0.00567754606173782,False
35,38,0.05,-0.05,False,local corrector failed,,,,,,,,,
35,39,0.05,-0.05,False,local corrector failed,,,,,,,,,
36,37,0.05,-0.05,False,local corrector failed,,,,,,,,,
36,38,0.05,-0.05,False,local corrector failed,,,,,,,,,
36,39,0.05,-0.05,False,local corrector failed,,,,,,,,,
37,38,0.05,-0.05,False,local corrector failed,,,,,,,,,
37,39,0.05,-0.05,False,local corrector failed,,,,,,,,,
38,39,0.05,-0.05,False,local corrector failed,,,,,,,,,
30,31,0.1,0.1,False,singular matrix: resolution failed at diagonal 1,,,,,,,,,
30,32,0.1,0.1,False,singular matrix: resolution failed at diagonal 1,,,,,,,,,
30,33,0.1,0.1,False,singular matrix: resolution failed at diagonal 1,,,,,,,,,
30,34,0.1,0.1,False,singular matrix: resolution failed at diagonal 1,,,,,,,,,
30,35,0.1,0.1,False,singular matrix: resolution failed at diagonal 1,,,,,,,,,
30,36,0.1,0.1,False,singular matrix: resolution failed at diagonal 1,,,,,,,,,
30,37,0.1,0.1,False,singular matrix: resolution failed at diagonal 1,,,,,,,,,
30,38,0.1,0.1,False,singular matrix: resolution failed at diagonal 1,,,,,,,,,
30,39,0.1,0.1,False,singular matrix: resolution failed at diagonal 1,,,,,,,,,
31,32,0.1,0.1,True,,-0.05575775396223657,30.532442025610585,-0.06570892701739738,30.54041834429442,0.009951173055160814,11.61718874110216,1.769192663704361e-18,0.0028646108317606244,False
31,33,0.1,0.1,False,local corrector failed,,,,,,,,,
31,34,0.1,0.1,True,,-0.06546080460033206,30.53057888250014,-0.06570892701739738,30.53063269899876,0.00024812241706531624,10.197188741102156,6.822598258523133e-18,0.004288827019255704,False
31,35,0.1,0.1,True,,-0.06507459315721381,30.52978125689194,-0.06570892701739738,30.52987365955919,0.0006343338601835641,11.617188741102163,1.7436737019510646e-18,0.0026918976961249667,False
31,36,0.1,0.1,False,local corrector failed,,,,,,,,,
31,37,0.1,0.1,False,local corrector failed,,,,,,,,,
31,38,0.1,0.1,True,,-0.06500343369524968,30.537693538791117,-0.06570892701739738,30.53845448728139,0.0007054933221476989,13.417188741102164,2.6054746501029152e-18,0.0032820022887698162,False
31,39,0.1,0.1,False,local corrector failed,,,,,,,,,
32,33,0.1,0.1,False,local corrector failed,,,,,,,,,
32,34,0.1,0.1,True,,-0.06531194346706841,30.528610156098594,-0.06570892701739738,30.52850458495458,0.0003969835503289665,11.579999999999997,5.432911890109086e-18,0.0038194626832701215,False
32,35,0.1,0.1,True,,-0.06484692465113935,30.527672095303668,-0.06570892701739738,30.527745545515007,0.0008620023662580245,13.0,3.0320636134748045e-19,0.0019787140134645046,False
32,36,0.1,0.1,False,local corrector failed,,,,,,,,,
32,37,0.1,0.1,False,local corrector failed,,,,,,,,,
32,38,0.1,0.1,True,,-0.0649393415084553,30.53584774462596,-0.06570892701739738,30.5363263732372,0.0007695855089420722,14.8,1.5663701619032222e-18,0.0026871068022787455,False
32,39,0.1,0.1,False,local corrector failed,,,,,,,,,
33,34,0.1,0.1,False,local corrector failed,,,,,,,,,
33,35,0.1,0.1,False,local corrector failed,,,,,,,,,
33,36,0.1,0.1,False,local corrector failed,,,,,,,,,
33,37,0.1,0.1,False,local corrector failed,,,,,,,,,
33,38,0.1,0.1,False,local corrector failed,,,,,,,,,
33,39,0.1,0.1,False,local corrector failed,,,,,,,,,
34,35,0.1,0.1,True,,-0.06503290682096485,30.518305692822786,-0.06570892701739738,30.51795990021935,0.0006760201964325224,11.58,5.251869956983531e-19,0.002401141117667094,False
34,36,0.1,0.1,False,local corrector failed,,,,,,,,,
34,37,0.1,0.1,False,local corrector failed,,,,,,,,,
34,38,0.1,0.1,True,,-0.065754616731125,30.526592167217537,-0.06570892701739738,30.52654072794154,-4.568971372762021e-05,13.38,1.764791867738065e-19,0.0031246551173202772,False
34,39,0.1,0.1,False,local corrector failed,,,,,,,,,
35,36,0.1,0.1,False,local corrector failed,,,,,,,,,
35,37,0.1,0.1,False,local corrector failed,,,,,,,,,
35,38,0.1,0.1,True,,-0.06526427618715411,30.525958653717243,-0.06570892701739738,30.52578168850197,0.0004446508302432678,14.800000000000004,3.1629275416473436e-19,0.0018586571106151816,False
35,39,0.1,0.1,False,local corrector failed,,,,,,,,,
36,37,0.1,0.1,False,local corrector failed,,,,,,,,,
36,38,0.1,0.1,False,local corrector failed,,,,,,,,,
36,39,0.1,0.1,False,local corrector failed,,,,,,,,,
37,38,0.1,0.1,False,local corrector failed,,,,,,,,,
37,39,0.1,0.1,False,local corrector failed,,,,,,,,,
38,39,0.1,0.1,False,local corrector failed,,,,,,,,,
30,31,-0.1,-0.1,False,frequency excursion >2,,,,,,,,,
30,32,-0.1,-0.1,False,frequency excursion >2,,,,,,,,,
30,33,-0.1,-0.1,False,frequency excursion >2,,,,,,,,,
30,34,-0.1,-0.1,False,frequency excursion >2,,,,,,,,,
30,35,-0.1,-0.1,False,frequency excursion >2,,,,,,,,,
30,36,-0.1,-0.1,False,frequency excursion >2,,,,,,,,,
30,37,-0.1,-0.1,False,frequency excursion >2,,,,,,,,,
30,38,-0.1,-0.1,False,frequency excursion >2,,,,,,,,,
30,39,-0.1,-0.1,False,frequency excursion >2,,,,,,,,,
31,32,-0.1,-0.1,False,local corrector failed,,,,,,,,,
31,33,-0.1,-0.1,False,local corrector failed,,,,,,,,,
31,34,-0.1,-0.1,False,local corrector failed,,,,,,,,,
31,35,-0.1,-0.1,False,local corrector failed,,,,,,,,,
31,36,-0.1,-0.1,False,local corrector failed,,,,,,,,,
31,37,-0.1,-0.1,False,local corrector failed,,,,,,,,,
31,38,-0.1,-0.1,False,local corrector failed,,,,,,,,,
31,39,-0.1,-0.1,False,local corrector failed,,,,,,,,,
32,33,-0.1,-0.1,False,local corrector failed,,,,,,,,,
32,34,-0.1,-0.1,False,local corrector failed,,,,,,,,,
32,35,-0.1,-0.1,False,local corrector failed,,,,,,,,,
32,36,-0.1,-0.1,False,local corrector failed,,,,,,,,,
32,37,-0.1,-0.1,False,local corrector failed,,,,,,,,,
32,38,-0.1,-0.1,False,local corrector failed,,,,,,,,,
32,39,-0.1,-0.1,False,local corrector failed,,,,,,,,,
33,34,-0.1,-0.1,False,local corrector failed,,,,,,,,,
33,35,-0.1,-0.1,False,local corrector failed,,,,,,,,,
33,36,-0.1,-0.1,False,local corrector failed,,,,,,,,,
33,37,-0.1,-0.1,False,local corrector failed,,,,,,,,,
33,38,-0.1,-0.1,False,local corrector failed,,,,,,,,,
33,39,-0.1,-0.1,False,local corrector failed,,,,,,,,,
34,35,-0.1,-0.1,False,local corrector failed,,,,,,,,,
34,36,-0.1,-0.1,False,local corrector failed,,,,,,,,,
34,37,-0.1,-0.1,False,local corrector failed,,,,,,,,,
34,38,-0.1,-0.1,False,local corrector failed,,,,,,,,,
34,39,-0.1,-0.1,False,local corrector failed,,,,,,,,,
35,36,-0.1,-0.1,False,local corrector failed,,,,,,,,,
35,37,-0.1,-0.1,False,local corrector failed,,,,,,,,,
35,38,-0.1,-0.1,False,local corrector failed,,,,,,,,,
35,39,-0.1,-0.1,False,local corrector failed,,,,,,,,,
36,37,-0.1,-0.1,False,local corrector failed,,,,,,,,,
36,38,-0.1,-0.1,False,local corrector failed,,,,,,,,,
36,39,-0.1,-0.1,False,local corrector failed,,,,,,,,,
37,38,-0.1,-0.1,False,local corrector failed,,,,,,,,,
37,39,-0.1,-0.1,False,local corrector failed,,,,,,,,,
38,39,-0.1,-0.1,False,local corrector failed,,,,,,,,,
30,31,0.1,-0.1,False,singular matrix: resolution failed at diagonal 1,,,,,,,,,
30,32,0.1,-0.1,False,singular matrix: resolution failed at diagonal 1,,,,,,,,,
30,33,0.1,-0.1,False,singular matrix: resolution failed at diagonal 1,,,,,,,,,
30,34,0.1,-0.1,False,singular matrix: resolution failed at diagonal 1,,,,,,,,,
30,35,0.1,-0.1,False,singular matrix: resolution failed at diagonal 1,,,,,,,,,
30,36,0.1,-0.1,False,singular matrix: resolution failed at diagonal 1,,,,,,,,,
30,37,0.1,-0.1,False,singular matrix: resolution failed at diagonal 1,,,,,,,,,
30,38,0.1,-0.1,False,singular matrix: resolution failed at diagonal 1,,,,,,,,,
30,39,0.1,-0.1,False,singular matrix: resolution failed at diagonal 1,,,,,,,,,
31,32,0.1,-0.1,False,local corrector failed,,,,,,,,,
31,33,0.1,-0.1,False,local corrector failed,,,,,,,,,
31,34,0.1,-0.1,False,local corrector failed,,,,,,,,,
31,35,0.1,-0.1,False,local corrector failed,,,,,,,,,
31,36,0.1,-0.1,False,local corrector failed,,,,,,,,,
31,37,0.1,-0.1,False,local corrector failed,,,,,,,,,
31,38,0.1,-0.1,False,local corrector failed,,,,,,,,,
31,39,0.1,-0.1,False,local corrector failed,,,,,,,,,
32,33,0.1,-0.1,False,local corrector failed,,,,,,,,,
32,34,0.1,-0.1,False,local corrector failed,,,,,,,,,
32,35,0.1,-0.1,False,local corrector failed,,,,,,,,,
32,36,0.1,-0.1,False,local corrector failed,,,,,,,,,
32,37,0.1,-0.1,False,local corrector failed,,,,,,,,,
32,38,0.1,-0.1,False,local corrector failed,,,,,,,,,
32,39,0.1,-0.1,False,local corrector failed,,,,,,,,,
33,34,0.1,-0.1,False,local corrector failed,,,,,,,,,
33,35,0.1,-0.1,False,local corrector failed,,,,,,,,,
33,36,0.1,-0.1,False,local corrector failed,,,,,,,,,
33,37,0.1,-0.1,False,local corrector failed,,,,,,,,,
33,38,0.1,-0.1,False,local corrector failed,,,,,,,,,
33,39,0.1,-0.1,False,local corrector failed,,,,,,,,,
34,35,0.1,-0.1,False,local corrector failed,,,,,,,,,
34,36,0.1,-0.1,False,local corrector failed,,,,,,,,,
34,37,0.1,-0.1,False,local corrector failed,,,,,,,,,
34,38,0.1,-0.1,False,local corrector failed,,,,,,,,,
34,39,0.1,-0.1,False,local corrector failed,,,,,,,,,
35,36,0.1,-0.1,False,local corrector failed,,,,,,,,,
35,37,0.1,-0.1,False,local corrector failed,,,,,,,,,
35,38,0.1,-0.1,False,local corrector failed,,,,,,,,,
35,39,0.1,-0.1,False,local corrector failed,,,,,,,,,
36,37,0.1,-0.1,False,local corrector failed,,,,,,,,,
36,38,0.1,-0.1,False,local corrector failed,,,,,,,,,
36,39,0.1,-0.1,False,local corrector failed,,,,,,,,,
37,38,0.1,-0.1,False,local corrector failed,,,,,,,,,
37,39,0.1,-0.1,False,local corrector failed,,,,,,,,,
38,39,0.1,-0.1,False,local corrector failed,,,,,,,,,
