h,added_MW,alpha,imag,interaction,valid,error
0.0,0.0,-0.06570892701739738,30.514182860214117,0.0,True,
0.001,0.79,-0.06552246776342557,30.558111960981194,0.00018645925397180185,True,
0.002,1.58,-0.06493005946377035,30.602287644108543,0.0007788675536270218,True,
0.003,2.37,-0.06388926567090962,30.646711222634025,0.0018196613464877553,True,
0.004,3.16,-0.062394911347044814,30.69134264512108,0.0033140156703525686,True,
0.005,3.95,-0.06054915386486512,30.736018128789926,0.005159773152532257,True,
0.006,4.74,-0.057903451320351344,30.78062581121942,0.007805475697046024,True,
0.007,5.53,-0.05427883199326252,30.825250209884988,0.011430095024134848,True,
0.008,6.32,-0.05033910661917513,30.869844553180776,0.015369820398222253,True,
0.009000000000000001,7.110000000000001,-0.046070751036537336,30.91413951166968,0.01963817598086004,True,
0.01,7.9,-0.04139960565434079,30.95790050720371,0.024309321363056594,True,
0.011,8.69,-0.03620406130621405,31.000906464738904,0.029504865711183326,True,
0.012,9.48,-0.03030782193952719,31.042931047056957,0.035401105077870185,True,
