pattern,method,mode,real,imag,residual
uniform_0.1ms,unchanged,0,-0.12042884301499739,0.30941335555923616,1.5421424711883204e-16
uniform_0.1ms,unchanged,1,-0.28619233112225634,0.36281089586491416,5.535579977551238e-17
uniform_0.1ms,unchanged,2,-0.011100294369439198,30.919898111161842,5.353731045096637e-15
uniform_0.1ms,unchanged,3,-0.07477222605410004,30.701798682249773,4.889775560392627e-18
uniform_0.1ms,unchanged,4,-0.35935911790320463,30.921723992670273,2.084634867936401e-15
uniform_0.1ms,unchanged,5,-0.7691270241422995,29.86018974530336,3.526703910594587e-17
uniform_0.1ms,unchanged,6,-1.0618339617044126,29.21054499975262,2.4444410786458892e-17
uniform_0.1ms,unchanged,7,-0.8730006024317732,30.610347334262784,4.468284023616023e-17
uniform_0.1ms,unchanged,8,-2.4281771884369214,28.082171892351553,4.119751908965747e-18
uniform_0.1ms,unchanged,9,-4.17424489538748,28.56357683068154,1.4552933919720018e-17
uniform_0.1ms,unchanged,10,-17.27215698699273,7.38152968228527,1.2427911394058118e-16
uniform_0.1ms,sitewise,0,-0.12042866064498683,0.30941355244979435,2.6351965441704643e-17
uniform_0.1ms,sitewise,1,-0.28618720966441447,0.36281076490214653,4.4439837616814374e-17
uniform_0.1ms,sitewise,2,-0.0033543245703972877,30.93727109906085,4.710646619686149e-15
uniform_0.1ms,sitewise,3,-0.06703790239758263,30.720206647349933,4.010543936232657e-18
uniform_0.1ms,sitewise,4,-0.3511133157354939,30.940430272550163,1.7161261073203612e-15
uniform_0.1ms,sitewise,5,-0.7621346943421313,29.879154929835572,3.133739108733692e-17
uniform_0.1ms,sitewise,6,-1.0555597503677245,29.229674804755305,2.2019563453705338e-17
uniform_0.1ms,sitewise,7,-0.8649090022477415,30.62956994628232,3.8575439430890436e-17
uniform_0.1ms,sitewise,8,-2.4229207897198055,28.102634226619305,2.645102800090867e-17
uniform_0.1ms,sitewise,9,-4.167120022104676,28.586918471812385,2.6506679196462854e-17
uniform_0.1ms,sitewise,10,-17.262549921826057,7.3654865457859255,9.810572223286944e-17
uniform_0.1ms,collective,0,-0.12042926935656059,0.30941317134187335,1.1928418083303408e-16
uniform_0.1ms,collective,1,-0.28619254959290213,0.3628121136793578,1.748542391178483e-16
uniform_0.1ms,collective,2,-0.06000010038295831,30.839910113532877,2.544004901626414e-19
uniform_0.1ms,collective,3,-0.0755515050369293,30.70065918842952,1.123553622259303e-16
uniform_0.1ms,collective,4,-0.34642486348307583,30.939699645056763,4.2068033567878854e-19
uniform_0.1ms,collective,5,-0.7692925318948794,29.857990028333447,3.645024997477237e-17
uniform_0.1ms,collective,6,-1.0598164684319913,29.217175731218976,2.2139434413567676e-17
uniform_0.1ms,collective,7,-0.8687161175046818,30.601646420668672,2.2085544887644983e-16
uniform_0.1ms,collective,8,-2.4273958411882544,28.08696038405957,1.1440065272681662e-17
uniform_0.1ms,collective,9,-4.172803883363785,28.56715219841333,6.09630568494601e-18
uniform_0.1ms,collective,10,-17.270625165455364,7.3788644576748394,6.386484648006743e-17
uniform_0.5ms,unchanged,0,-0.1204295385705604,0.30941255443134463,1.829925789381772e-16
uniform_0.5ms,unchanged,1,-0.28621224787685384,0.3628106488397244,1.708419856784021e-17
uniform_0.5ms,unchanged,2,0.1811070705537253,30.749008002769827,4.0572747681084966e-18
uniform_0.5ms,unchanged,3,0.11922499958098716,30.53381959071696,5.0273113850115945e-15
uniform_0.5ms,unchanged,4,-0.161197121169173,30.748275401693768,4.088645182641539e-20
uniform_0.5ms,unchanged,5,-0.5698098050497136,29.706615945413883,3.578962828358099e-19
uniform_0.5ms,unchanged,6,-0.8621203718687978,29.068704299061682,1.3396098027176698e-18
uniform_0.5ms,unchanged,7,-0.6685984688202576,30.442059215460063,3.094163383529544e-18
uniform_0.5ms,unchanged,8,-2.215670909712515,27.96083782270197,4.969458566698883e-15
uniform_0.5ms,unchanged,9,-3.9260296617012496,28.427909821398647,1.1979254042091283e-15
uniform_0.5ms,unchanged,10,-17.29092644237595,7.306129911125513,2.026397716377277e-17
uniform_0.5ms,sitewise,0,-0.12042862681040513,0.3094135388551297,1.7805335636581969e-16
uniform_0.5ms,sitewise,1,-0.28618663889314483,0.3628099985016436,2.1245368448761148e-16
uniform_0.5ms,sitewise,2,0.21967709016228093,30.834195124496173,5.504044027438127e-18
uniform_0.5ms,sitewise,3,0.1577761490312118,30.624046188977562,3.180979686472884e-15
uniform_0.5ms,sitewise,4,-0.12018385369023635,30.839947990024573,2.0090758907565009e-19
uniform_0.5ms,sitewise,5,-0.5348453005533435,29.79954593593035,2.026370177354427e-19
uniform_0.5ms,sitewise,6,-0.830618680043685,29.16244232133497,5.567469647495525e-18
uniform_0.5ms,sitewise,7,-0.6283405484540641,30.536219897098608,3.2496505488209544e-18
uniform_0.5ms,sitewise,8,-2.18906935952927,28.061018137542167,4.258814608942027e-15
uniform_0.5ms,sitewise,9,-3.890591800635485,28.541844137105638,1.1525699707664996e-15
uniform_0.5ms,sitewise,10,-17.243752304350934,7.226968484652059,6.801868478046992e-16
uniform_0.5ms,collective,0,-0.12042957479734154,0.3094126818068197,1.2036568201243982e-16
uniform_0.5ms,collective,1,-0.28620915486176207,0.3628114957040539,4.6081130336671014e-17
uniform_0.5ms,collective,2,0.1770134320398718,30.74333330472726,3.798320875441829e-17
uniform_0.5ms,collective,3,0.1141264330645785,30.529482805673933,7.984335804756279e-15
uniform_0.5ms,collective,4,-0.14947528081402772,30.770574313708117,2.2656114083061574e-19
uniform_0.5ms,collective,5,-0.5710499846692583,29.690715371126604,1.644779082900131e-19
uniform_0.5ms,collective,6,-0.845255619742404,29.12282839653671,5.273035027764427e-18
uniform_0.5ms,collective,7,-0.6713887225983235,30.43352877701475,2.4160385493719935e-18
uniform_0.5ms,collective,8,-2.207790853480298,28.00183887496133,4.787609789631815e-15
uniform_0.5ms,collective,9,-3.9138038589781643,28.46031651618323,1.2277852054439177e-15
uniform_0.5ms,collective,10,-17.27685772564028,7.282468079947181,1.552098557822324e-16
