core,gfl,sc25,sc50,min
32+33+34+35+36,118.62914999476534,-0.2330419372194667,-0.23738061373754354,-0.13107187937785136
31+32+33+34+37+38,138.22213467237435,,-0.23747656686362456,-0.20693008292713555
30+31+32+33+34+36,147.2889816744423,,-0.23737640648379688,-0.13628885701297802
31+33+34+35+36,176.10418000762692,,-0.23734881085317291,-0.13519109269111843
30+31+32+34+35+38,185.09829804595785,,-0.23737853287128938,-0.19125377948746974
33+34+35+36+37,196.11128201723065,-0.23739493030583714,-0.2373957742640331,-0.13795288077527562
31+34+35+36+37+38,222.9188670850986,,-0.23744254137760576,-0.23650006593174616
30+31+32+33+34+37,233.45515853205586,,-0.22886043994087987,-0.133998734864984
32+33+34+35+38,241.1669231266426,-0.23738587234275701,-0.23738565787929453,-0.23743184019557081
33+34+35+37+38,278.03109972022975,-0.23739675016158693,-0.23739696500767057,-0.21978770870648245
