t,pll_err_deg,pll_omega_dev,busfreq_dev_Hz
0.0,3.065996194020005e-12,0.0,0.0
0.05,0.08983527875042586,0.008465884040963788,0.0
0.1,0.07543711338535705,0.05841305706503866,0.0
0.15,0.20507989326720572,0.035010213627877304,0.0
0.2,0.07281215314485988,0.12159943242195848,0.0
0.25,0.3128361785562393,0.021630980176376473,0.0
0.3,0.0194189369330831,0.17348503441548985,0.0
0.35,0.3782266223032686,0.025171697009963287,0.0
0.4,0.10223771351791199,0.19946388026906353,0.0
0.45,0.40057656052858365,0.08239111475049576,0.0
0.5,0.21864917110166007,0.20126792355449405,0.00021202118332210813
0.55,0.3724587103377184,0.1443776027835621,0.00024633883925972327
0.6,0.3274672361041805,0.17755691781829253,0.0002573772773640419
0.65,0.3159577807607187,0.19726898243267127,0.000290555076045278
0.7,0.4223197350173194,0.14062749353954862,0.00023192017672654045
0.75,0.2202918940809064,0.24216767516781362,0.0002051377803594303
0.8,0.48932401440318163,0.0826718573776288,0.00023883391620878726
0.85,0.11017797297542618,0.2692691346825338,0.0001921435143700462
0.9,0.526945800555544,0.04316052114534992,0.00015177103123161808
0.95,0.06515882485297285,0.2798328661225696,0.00018119865376145286
1.0,0.5315984505225854,0.044228221471195345,0.0002213224379797047
1.05,0.13696000117044912,0.27509505975462517,0.00013817635265887376
1.1,0.5092701121784883,0.10828362113371792,0.00012849255550202008
1.15,0.2551894111494893,0.25234505022860215,8.861399315244273e-5
1.2,0.4503277440912285,0.16729626456130256,0.00020538013541521115
1.25,0.35918425796145415,0.21574592390030958,0.00012157372167741959
1.3,0.37755962970367424,0.217609121567351,0.00017325186541865503
1.35,0.4470679857349096,0.16958124428411603,9.496500870462958e-5
1.4,0.28782128008532654,0.25667545402010056,0.00014685457354838186
1.45,0.5096527300131742,0.1394380714536217,0.00018719030410609195
1.5,0.23934106647358536,0.2832693066551649,0.00015955984333454758
1.55,0.5490332194580735,0.10732323733657172,0.0001460590592026297
1.6,0.17141056958121825,0.29390748172920894,0.00011151857765365481
1.65,0.5582371606735801,0.06497853610601802,0.00024544940769712195
1.7,0.1402091161756652,0.29283199720498254,0.00012489240410030935
1.75,0.5451329023248356,0.08055483432034127,0.00017102140934916886
1.8,0.2008853592512391,0.274484905450258,7.569796464735034e-5
1.85,0.5098434436497186,0.14113565428879535,0.0002045687859460257
1.9,0.31049303184379007,0.27300168621502696,0.00010015405210488488
1.95,0.505474537143656,0.19552971280250908,0.00023795631117279312
2.0,0.40688579776491757,0.262848604544423,0.00016643265371585813
2.05,0.47374411622991963,0.2395610282233691,0.0002448539570846807
2.1,0.482617585459026,0.23529755132056507,0.00016002513428664433
2.15,0.4072922714352683,0.27430634479864435,0.00024139695059433657
2.2,0.5378018335300515,0.19147449847472423,0.00021534937633572985
2.25,0.31409330247447104,0.30141319186017523,0.0002625773435754796
2.3,0.600084081674398,0.13185674017866816,0.00022128477232421785
2.35,0.18923001713042129,0.34567034965894194,0.00018375607264560224
2.4,0.6710245845206779,0.07344581391625911,0.00023273944789753526
2.45,0.14107897191866006,0.37643871876311225,0.00019779788292311476
2.5,0.7136769393359097,0.10145563025859457,0.0003452746884039388
2.55,0.2390003359380373,0.38637011128548726,9.118053711243247e-5
2.6,0.7147390746268033,0.16167017284533175,0.0003313872209467092
2.65,0.3478612714257684,0.37727204579793716,0.00018336609400568322
2.7,0.6808473363003165,0.21324755293777528,0.0004250979121082995
2.75,0.46050993080363767,0.3437477930061097,0.00011514202110318406
2.8,0.5980367168050738,0.29719758251591966,0.00035116623025663513
2.85,0.6179182233908668,0.2890030936948562,0.0002469940742113152
2.9,0.481581804149546,0.3776439637336714,0.00043187102039961484
2.95,0.7546950473093783,0.2126511963518043,0.00032119997702557637
3.0,0.3212069541079644,0.43994175684098746,0.00027618977227755254
3.05,0.8558644311143874,0.11783093509940139,0.0002992703660639548
3.1,0.1357339963408132,0.48574105790387856,0.0003343318956527617
3.15,0.9215751307749506,0.056796990654179064,0.000497014875363757
3.2,0.15741544366156404,0.503416899924342,0.0001278599391881682
3.25,0.9319528819261352,0.1222527215436168,0.0004427756861648954
3.3,0.29524344581260564,0.49764184196671496,0.0001798459076311357
3.35,0.900014538878676,0.22803793654525242,0.0006055216337725906
3.4,0.5148604884840233,0.45981430728807826,0.00014519348038896258
3.45,0.8033608130668998,0.3418409025365335,0.00048013416141054585
3.5,0.7192584941110898,0.39572996878451966,0.000263201745029436
3.55,0.6667380715259233,0.4472560013596937,0.0006135639637147369
3.6,0.8984843029516272,0.3036918967630865,0.000411298392935791
3.65,0.47211831700001217,0.5295361022770023,0.00038362453517650587
3.7,1.0337559532171294,0.18869411889758236,0.00035608710422189283
3.75,0.24817508975777372,0.592818722157223,0.0004927212511005224
3.8,1.126621345982,0.056322758525810014,0.0006521553648825475
3.85,0.0699460568521948,0.6201032383221765,0.00016996697334228442
3.9,1.1501308865542326,0.08763691996921233,0.0005450499874712861
3.95,0.27928470707684855,0.6202708753041954,0.0002497614873480007
4.0,1.1246381594691366,0.23559347221292593,0.0008012674517810314
4.05,0.550071055202659,0.5798993404716315,0.00019332222422689392
4.1,1.0172681416909624,0.37653904443071695,0.0006017883833412736
4.15,0.8031901248331662,0.5086923789915719,0.0002881947212085732
4.2,0.8646539493556361,0.5082188491300946,0.0008173158487264757
4.25,1.027448775949107,0.4025220896905622,0.0005039511350078339
4.3,0.6379954823893255,0.6119788060297694,0.0004891878072237128
4.35,1.1998898427993907,0.2688039753928956,0.0003909461004482058
4.4,0.3785058212986355,0.6947853442076838,0.0006746861646701709
4.45,1.323527144598289,0.11345838054512991,0.0008108304074871218
4.5,0.07354273180810142,0.7334681419268684,0.00021877447939535664
4.55,1.3638800352652907,0.05659624975514265,0.0006331869086632858
4.6,0.24315065722200455,0.7421139722402452,0.00038281674468793183
4.65,1.349209318744215,0.2320944123720618,0.001005305848854712
4.7,0.5652474463011431,0.7010633582449146,0.0002448029513856008
4.75,1.234706157533273,0.4004415210976203,0.000713726136410421
4.8,0.8678184818360967,0.6252539278838198,0.0003220819758714889
4.85,1.0706318203913534,0.5591486216349993,0.001037150729240928
4.9,1.1386745313855604,0.5067359067877313,0.0005973624119452709
4.95,0.8148941364358607,0.6853973180350192,0.0005883177610377362
5.0,1.350643492419644,0.3563079099843492,0.000412527814636879
5.05,0.523639641346605,0.789422478981467,0.0008792260477855077
5.1,1.508017722517574,0.17941749114751737,0.0009733465003579538
5.15,0.17427612316614843,0.8410424717147322,0.0002763149973487266
5.2,1.5685951524244166,0.05919562757619434,0.0007000410522862352
5.25,0.1879471515705946,0.8605321487700603,0.0005422339341300921
5.3,1.5688676813426228,0.2178177058355278,0.0012164944568449673
5.35,0.5605800855711474,0.820671594802622,0.0003014171542301633
5.4,1.4508875404554529,0.41332997465215765,0.0008114433668239431
5.45,0.9122304725793221,0.7428013986097778,0.0003645418510619817
5.5,1.2800192667031614,0.5991679747002852,0.0012675781210065768
5.55,1.2303026689736878,0.6139425541446708,0.0006881301202189832
5.6,0.998584230394795,0.7485356116195004,0.0006814392846737079
5.65,1.4832473186589774,0.44903138410045335,0.00047369304608176933
5.7,0.6798968134479685,0.8748443377143335,0.0010972203936393506
5.75,1.6764241643459066,0.2524597260241126,0.001131447390826655
5.8,0.2888978321764936,0.9406931514455287,0.0003773453542203296
5.85,1.7600608157741284,0.09868147333596017,0.0007501558909078725
5.9,0.24202565380981073,0.9729471319854176,0.0007179333738226023
5.95,1.778729611341877,0.19349268028299857,0.0014242200117414849
6.0,0.537018627804315,0.9360544095362024,0.0003557466084936698
6.05,1.6608825756302978,0.41540106454404596,0.0008989155164555509
6.1,0.9362577224798566,0.8585521079307779,0.00040883071211067387
6.15,1.487710795405868,0.6277813007251828,0.0014982835834260477
6.2,1.3010084645277873,0.7214777941163963,0.0007699699262848725
6.25,1.1844026666978298,0.8003786070861375,0.0007709334230255702
6.3,1.5953325469877548,0.5445420469753294,0.0005340888363509741
6.35,0.8430716327406054,0.9493750496364751,0.0013198215871486395
6.4,1.8253605860110471,0.3305340274259126,0.001278867714010021
6.45,0.4140149259643125,1.0304023658390915,0.00048582433772579025
6.5,1.9342139401904637,0.13935612053400143,0.0007861789117250523
6.55,0.32571613800553395,1.0768413236085463,0.0009016505331021785
6.6,1.9740376326663571,0.1996592998783256,0.0016203913434529585
6.65,0.49593180948173815,1.0446063297626562,0.00040283949921104424
6.7,1.8598055892066334,0.40708602120137105,0.000979112985546171
6.75,0.940076450596419,0.9696894433404112,0.00045943935758973535
6.8,1.6885901969097985,0.6446631763205085,0.0017184077179272514
6.85,1.3498176082515536,0.8266886494494183,0.0008356066845494445
6.9,1.367657499750415,0.8401139520284118,0.0008611324247259352
6.95,1.6848433193327297,0.6403235609207222,0.0005851285792111104
7.0,1.008804608871229,1.0114698077744912,0.0015346880220782765
7.05,1.951701709780009,0.41151948888389506,0.001406027036997443
7.1,0.5461180670059592,1.108297320764944,0.0005861565555667134
7.15,2.087253187089334,0.180063858625095,0.0008144354230041203
7.2,0.4090129218099303,1.1698047147946717,0.001081702714543603
7.25,2.150214366950389,0.24579496808078755,0.0017944102233399134
7.3,0.5364888932766011,1.14381589003857,0.0005002790838012496
7.35,2.042983229086865,0.3889302598864762,0.0010563892554691391
7.4,0.9241363917883944,1.073494394536919,0.0005506636416351729
7.45,1.8776904914206882,0.6496683074627567,0.001917166728892331
7.5,1.37606075875477,0.9269937825530451,0.0008784438953467643
7.55,1.543835678183758,0.8670909429829726,0.0009552291822966191
7.6,1.7500734117950594,0.7339420929452262,0.0006205890242436611
7.65,1.1728525430065946,1.0598114868632968,0.0017313080091870174
7.7,2.0527664075590004,0.4933350185147054,0.0015053923146151544
7.75,0.6817785560299525,1.1727485159749238,0.0006713058621815893
7.8,2.2158475561642788,0.21993192046291224,0.0008395875022263632
7.85,0.4903029735815352,1.2496974918821564,0.0012481096127476467
7.9,2.303221179966894,0.29068906329501626,0.0019373693067433538
7.95,0.6256941384315585,1.231464950054938,0.0005816683611350382
8.0,2.2062583520463575,0.36159278995018623,0.001134418270304656
8.05,0.8891587084966455,1.1675040884622752,0.0006250517047956326
8.1,2.0505140615364748,0.642836909930485,0.0020843076333507604
8.15,1.3794735769210251,1.0200550014338507,0.0008919015720533044
8.2,1.7088174258530635,0.8809051822386741,0.0010568393442250742
8.25,1.7898249837179063,0.8231273543121733,0.0006880020686957304
8.3,1.3312022254678046,1.0933860941386344,0.0018990206936101278
8.35,2.126461213127704,0.5739941350038562,0.0015691485447347422
8.4,0.8176949458270495,1.2224473563945069,0.0007336615627347005
8.45,2.317286972295034,0.2869636780988298,0.0008668015732917296
8.5,0.5680575252348071,1.3147299215275325,0.0013911492208525417
8.55,2.429646378739409,0.3335378651291588,0.0020410157090821443
8.6,0.7099933210069826,1.3056551772703928,0.0006401229261516619
8.65,2.3460582209829792,0.4039822079363128,0.0012163202956675817
8.7,0.8362267601143705,1.2495673159113212,0.000676220018339266
8.75,2.2030859791453987,0.6244675279504167,0.0022115387634615512
8.8,1.3602837467458921,1.1037815968947418,0.0008712036182731936
8.85,1.858898698626656,0.8814337003091139,0.0011680202918384727
8.9,1.8034850245201486,0.9058048711711598,0.0007308573066687644
8.95,1.4801253886495391,1.1115507115100947,0.002029686406387586
9.0,2.171388643922601,0.6516167442402563,0.0015918417725564913
9.05,0.9506999788910572,1.2564572401712124,0.0007677102539124793
9.1,2.389556950428499,0.35530644777800496,0.0008997499990331695
9.15,0.6407304369618105,1.3635145301059224,0.001503211029655856
9.2,2.5268104168713164,0.373519103009994,0.0020992790448860358
9.25,0.7877180953418033,1.3648586504551488,0.0006702922712212143
9.3,2.459450153147872,0.44536178711590085,0.0013042239037176068
9.35,0.8923946495980851,1.3178687767258297,0.0007159778623280907
9.4,2.3320020103280283,0.5951213894817947,0.002292432933026592
9.45,1.31922885680721,1.1763494276670805,0.0008418840500741283
9.5,1.9907977418446983,0.868848133355259,0.0012899481988924415
9.55,1.7910464845942633,0.9800920550178981,0.0007440007371569946
9.6,1.616162076852068,1.1140377794908687,0.0021170029654575557
9.65,2.186832342685598,0.7244161873380708,0.0015697939670093455
9.7,1.0777399582176825,1.2741967693076184,0.0008616453988975991
9.75,2.431316562516291,0.42244515687326056,0.0009409549227054646
9.8,0.706821494541691,1.3950589429673046,0.0015787538246857186
9.85,2.592725890982817,0.4098319374511313,0.0021084738744748983
9.9,0.8573094883321911,1.4078847854438494,0.000669133265302499
9.95,2.544100278066521,0.48201668901627537,0.0013986242468822842
10.0,0.9621187945009806,1.3709237535428984,0.0007617188148174549
10.05,2.43441657717397,0.5556155938255344,0.0023234542345818123
10.1,1.2575210582727447,1.2361873013875566,0.000781172337186496
10.15,2.1016467960169023,0.8435899960524956,0.0014217164633324817
10.2,1.7530611736295878,1.0443101042307363,0.0007254776293873375
10.25,1.7361629010428672,1.1009376997535891,0.0021576358066125734
10.3,2.1727246402704403,0.7907201334670029,0.0015021802487350552
10.35,1.1959119978348984,1.2754226825033916,0.0010106017453063484
10.4,2.4418662689761526,0.4868070090075214,0.0009910346226389896
10.45,0.7650026362029273,1.408754405506953,0.0016148621686655003
10.5,2.6260895100775583,0.44176576222213926,0.0020676555242558656
10.55,0.9174378005021936,1.4338771630569795,0.0006358777024252769
10.6,2.5982663253777583,0.5132505774412606,0.0014983484911139282
10.65,1.021364041468179,1.4075774572441464,0.0007784580823686544
10.7,2.5080528092559407,0.5433706574690854,0.002303679641160933
10.75,1.1767821265896676,1.2819824366448254,0.0006850858829374718
10.8,2.1890030726140477,0.8063389354013875,0.0015606818628962889
10.85,1.690586992813296,1.0969947404163145,0.0006755853883766652
10.9,1.837315086056452,1.072668172901362,0.0021508648700386272
10.95,2.12958781648205,0.8489851159528679,0.0013907236115876939
11.0,1.302495862505054,1.2601993137235794,0.00117329394076373
11.05,2.4211058715718954,0.5468865020727729,0.0010487588222060612
11.1,0.8141973016640089,1.4043593607586395,0.0016112536064756473
11.15,2.6262508707234287,0.4687354703382997,0.0019786487273599804
11.2,0.9670588271073228,1.442297366384425,0.0005722996836264267
11.25,2.620782589599055,0.538536820509896,0.0016003115021536935
11.3,1.0691239695940322,1.427008461957686,0.00076666504974997
11.35,2.5512185403230414,0.5678374043454985,0.0022350441606779963
11.4,1.1016251528391097,1.312690033937384,0.0005571655182704063
11.45,2.2508715210820665,0.7579848923422665,0.0017022159413966765
11.5,1.6051363449774751,1.1369173585365848,0.0005971116256232405
11.55,1.9171973887480402,1.0299473468852118,0.0020987118102206684
11.6,2.0584962559328313,0.8978275670222777,0.0012397373909821263
11.65,1.395001942013348,1.2288851216597352,0.001344060420997959
11.7,2.369511774972573,0.6012731090675097,0.0011111106487304838
11.75,0.8658648285348078,1.3819882299860697,0.0015701036077096983
11.8,2.5932018630249996,0.49029037959466226,0.0018457427197012175
11.85,1.0054114268459051,1.4329243983010516,0.000638023166296158
11.9,2.611059700786715,0.5575099046238533,0.0016999043836417353
11.95,1.1046707776565705,1.4287301504410768,0.0007289103331191334
12.0,2.562814778754414,0.5860181252613145,0.002121839093148513
12.05,1.1313176671772336,1.327540037648996,0.0004030222315308096
12.1,2.2857161758145885,0.6996082102082958,0.0018402103380751153
12.15,1.4986397903547477,1.1630941058773678,0.0004948661204375261
12.2,1.9738021726903288,0.9737706338240288,0.0020054821768359424
12.25,1.9610379776867835,0.9360369982037934,0.0010556822661378056
12.3,1.4711925833358404,1.1821173899818695,0.001515633893628275
12.35,2.288111878630531,0.6486656633949391,0.001173596165816795
12.4,0.9607209510893818,1.3420978307177385,0.001495742839244267
12.45,2.5275534696922275,0.5061044397638946,0.0016753791689482862
12.5,1.0319904551787737,1.4058470037935182,0.0008336809029251142
12.55,2.5690731636388597,0.569948573788827,0.0017912470741006073
12.6,1.127527070307534,1.4125871152896547,0.0006696414143449834
12.65,2.542334305551611,0.5976378056856602,0.001970428320121006
12.7,1.1483471770907043,1.326039986861191,0.00027996051571748727
12.75,2.292463992701938,0.6324643186289494,0.0019674037316317564
12.8,1.373410465244179,1.174790317734627,0.00037532308853709074
12.85,2.005552953178639,0.9053864503200102,0.0018773773109675106
12.9,1.8392786235348775,0.962588432133551,0.0008467476269713191
12.95,1.5290982603641508,1.1208001015868256,0.001679621894972499
13.0,2.1784590017360457,0.6878814298617606,0.0012306995443638574
13.05,1.0430676124281182,1.2854682216675848,0.001394135836455748
13.1,2.4305049704329513,0.5159683150597549,0.0014755961617088486
13.15,1.0465251819498986,1.3614538258570466,0.0010289258119543531
13.2,2.4953438894660493,0.575761150443981,0.001867759443405809
13.25,1.1374478399321875,1.378742246474171,0.00059460780733244
13.3,2.4898405148312897,0.6025298048825031,0.0017886371075844683
13.35,1.152537185321571,1.3079686564319217,0.0004320627449718645
13.4,2.270493981145325,0.592453571265857,0.002075972681686449
13.45,1.2321065568266707,1.1715153740129196,0.0004527433024744804
13.5,2.011300974514822,0.8262690436549861,0.001721917272386441
13.55,1.6957160283671335,0.976644560898137,0.0006223031876720139
13.6,1.5670221984090016,1.0460859086849095,0.001827057653580829
13.65,2.042593857343434,0.7178606755557777,0.0012763630260482798
13.7,1.1107081843463726,1.21317751567876,0.001272361826914439
13.75,2.303800916741374,0.5197870525451616,0.0012555207306265968
13.8,1.0489702167475998,1.3004180192978718,0.001214004646718364
13.85,2.3909102871038344,0.5749785897534094,0.0019226358849220254
13.9,1.1344172290461765,1.3276593971758197,0.0005103626024103812
13.95,2.4059401871118267,0.6006385437071493,0.0015852222810511948
14.0,1.1439173225312058,1.2733686353251368,0.0005792046226993316
14.05,2.2196259243399514,0.5859733921455661,0.0021580641312006366
14.1,1.0947360035722813,1.1530168832465242,0.0005404815318970112
14.15,1.9903224176528813,0.7380858825006423,0.0015473501778367985
14.2,1.5332280927182687,0.9775601657418889,0.00059893945856599
14.25,1.5835496674028497,0.9593556134431265,0.0019490080322547194
14.3,1.883002294078258,0.7376729507608666,0.001304548537881244
14.35,1.1616640558127775,1.126571825026652,0.0011379829747752922
14.4,2.1496814758243143,0.5175827827559533,0.0010247407640789814
14.45,1.0395040199123655,1.2236798230382773,0.0013791737469084112
14.5,2.2572975071089045,0.5677501620805395,0.0019494298062845991
14.55,1.1186480665517606,1.2600830214419898,0.0006176202210324631
14.6,2.291750247813639,0.5920232898847506,0.0013692396110783214
14.65,1.1227235076087378,1.2225371505661875,0.0007131757748630043
14.7,2.1401089810318976,0.5731370140690748,0.002206380866346553
14.75,1.0692436927297708,1.1192747475487872,0.0006151152282938576
14.8,1.9423137926638347,0.6426621047448325,0.0013620454362146892
14.85,1.3550147654115503,0.9648864095133581,0.000723266592179051
14.9,1.57756116905774,0.8621942739469297,0.0020371530262668592
14.95,1.702567718663967,0.7465265374269032,0.00130974578333111
15.0,1.1942021427029983,1.0272333530728632,0.0009984736313211492
15.05,1.9708304879096759,0.5135616072783886,0.0007927428849136387
15.1,1.0185250394213488,1.1324287961962414,0.0015152778653360003
15.15,2.09648742178535,0.554337814515252,0.0019425528360319311
15.2,1.0905771246636229,1.1770185386955967,0.0007381591460166417
15.25,2.148867001046263,0.5768592348270531,0.0011494820647232763
15.3,1.0893919563165435,1.1560195808777909,0.0008264441873563845
15.35,2.032616244857952,0.5542107135073044,0.002214710094256953
15.4,1.0322361123066706,1.0704981894278545,0.0006757047141217969
15.45,1.8673920931667096,0.5419425662207102,0.001173923980869284
15.5,1.164537116619079,0.9383786231611266,0.0008254041878145411
15.55,1.548252957491499,0.7563658278570219,0.0020843486553489138
15.6,1.5045214888027112,0.743781648493214,0.00128746308322313
15.65,1.2068668774440234,0.9169475914654621,0.0008606654957300794
15.7,1.7703227359779834,0.5352977019938245,0.0007450146087819543
15.75,0.9866405558018753,1.0280858896598184,0.001614320450509802
15.8,1.9108895457416017,0.5351066983102514,0.001897744731439163
15.85,1.0508514227901833,1.0797131591127482,0.0008312397090343592
15.9,1.9793356036092544,0.5554335283123666,0.0009339628791024888
15.95,1.044545694276556,1.0746035301943662,0.0009426191514403024
16.0,1.89824222967207,0.5295449290439305,0.0021783826755478047
16.05,0.9842989365031486,1.0071246291879772,0.0007782918939243004
16.1,1.7660964060994127,0.4861372168586799,0.00098998222672441
16.15,0.9654543090243264,0.8980051578326679,0.0008994477495592404
16.2,1.4951618613020519,0.6437855997076679,0.0020850855689243026
16.25,1.2923904494248206,0.7289666299524975,0.0012346047150101336
16.3,1.1985153196577478,0.7976702223679277,0.0008739674577341155
16.35,1.5515709131574453,0.5467413440251422,0.0008086972053645789
16.4,0.9446476399585221,0.9122850000005817,0.0016699199437930493
16.45,1.7033116772481967,0.5105124682813711,0.0018124218387289303
16.5,1.000307887374249,0.9696371154593797,0.0008917150615686064
16.55,1.7856202689762002,0.5281377304147257,0.0007295146793009923
16.6,0.9889764489842275,0.9793134892194157,0.0010560951997283063
16.65,1.738502256622972,0.49956295894044644,0.002094621220348466
16.7,0.9261661087421119,0.9298196547340686,0.0008478420539669031
16.75,1.6393901918988014,0.45675238550692676,0.0008159229937676252
16.8,0.8035330232462066,0.8439568648013663,0.0009411159930184708
16.85,1.4181927993906902,0.5264902704383744,0.002035845932544239
16.9,1.0699406248875218,0.7017959017899947,0.001149748308045599
16.95,1.168352834423488,0.6714930307508694,0.0008928407563554004
17.0,1.3182703846871213,0.5471722535040622,0.0008403974282941373
17.05,0.8935088046485744,0.7868523814690362,0.0016776615348409749
17.1,1.4769273529539215,0.4810868991558272,0.0016859116628318337
17.15,0.9399488535876851,0.8484638127641668,0.0009162709249602756
17.2,1.5705720630317568,0.4954577411411637,0.000695435501667208
17.25,0.9236246725273661,0.871403840050703,0.0011275879590477089
17.3,1.5553300519609372,0.4647500171983078,0.0019627533866208658
17.35,0.8587030690335351,0.8394764662977295,0.0008811657043295737
17.4,1.4886614672899374,0.4225415940314978,0.0007989944014389802
17.45,0.7390968441332999,0.7766555472652973,0.0009479626529477489
17.5,1.3176462548145782,0.40660440770936807,0.001935314061809321
17.55,0.841115263497427,0.6621885092707537,0.0010332816866152187
17.6,1.1159678809580957,0.5406082457997446,0.0008758543405319368
17.65,1.0743406139889682,0.5360667907851103,0.0008381712106945826
17.7,0.8396407599651906,0.6537829060795688,0.0016353076194806822
17.75,1.235237828727643,0.4474231930365731,0.0015195465117245587
17.8,0.8709160941602845,0.7180478728989114,0.0009035670096220852
17.85,1.3373929610397335,0.4579625063358393,0.0006877051493333018
17.9,0.8495593561869421,0.7523492460540316,0.0011541062315537762
17.95,1.3510711559611575,0.42564328508541666,0.0017842882145991882
18.0,0.7828908139964006,0.7372133962882541,0.0008770752651616643
18.05,1.3157188557946438,0.38395742723102966,0.0007510823071444658
18.1,0.6671524610804641,0.6967602178858164,0.0009194629854724525
18.15,1.1942431991794018,0.30530365489395944,0.001784453442220449
18.2,0.6099666537436856,0.6102856674294657,0.0009235262042365883
18.25,1.0413632503143413,0.407270909406741,0.0008233382683549062
18.3,0.8238621397378217,0.513119591131851,0.0008019648233127679
18.35,0.82465610269507,0.5152121804405397,0.0015428760458987075
18.4,0.982026557491431,0.4101616370191649,0.001316626696153137
18.45,0.7944641471839899,0.5804000814220444,0.0008542452978540641
18.5,1.08959428155946,0.4162916819970332,0.0006477883920234374
18.55,0.7679577339467335,0.6238310930583705,0.0011347739180926142
18.6,1.1284692512795278,0.3828228681093772,0.001562854490795965
18.65,0.6998103174475632,0.624368044004673,0.0008363676914307097
18.7,1.122781396876708,0.34151355834401664,0.0006709952296689388
18.75,0.5885721272766367,0.6051699228615617,0.0008569724022782077
18.8,1.049144597946906,0.2669170245414742,0.001586444392878935
18.85,0.45441396453397587,0.546465719987435,0.0007947074363022339
18.9,0.9449815210219162,0.2737592533784627,0.0007374816126285921
18.95,0.5710089054725306,0.47826233511785576,0.0007335437063833557
19.0,0.78848102777262,0.37338410912464043,0.0014025883389163637
19.05,0.7213049328020724,0.3776572502441317,0.0010822627655010175
19.1,0.7119331801471078,0.4376585818510007,0.0007708189001724518
19.15,0.8309484472408363,0.37114235204778695,0.0005778320975385514
19.2,0.6800844307675173,0.4877189606865893,0.0010707790214316713
19.25,0.8906431016547595,0.3369032252514028,0.0013040196310878686
19.3,0.6106265460525219,0.5024866529793545,0.0007616934637028491
19.35,0.9124599751096386,0.29577769792116204,0.0005620964267611477
19.4,0.52978878330836,0.5030217315358727,0.0007635786041928159
19.45,0.8839623640848128,0.272284988062099,0.0013465038425079362
19.5,0.4911323702522131,0.471354573182597,0.00070814474318121
19.55,0.8277216828688135,0.24104086710180422,0.0006221464886038094
19.6,0.43828630067986557,0.4316781563039733,0.0006363195371203441
19.65,0.7309144413550547,0.23061386425376268,0.0012187032230495693
19.7,0.4572487451478621,0.3654414492281035,0.000823116269608179
19.75,0.6247213620543723,0.2920559681741711,0.0006574575007316353
19.8,0.5654332639005409,0.3232547805032778,0.00048153746205013116
19.85,0.5872698068821597,0.3460464765899417,0.0009652180089788632
19.9,0.641051982899499,0.2885247471036584,0.0010150051510674945
19.95,0.5186633619848359,0.3733075777398342,0.0006573252968668823
20.0,0.687728578110019,0.2779753248717245,0.00042920604291160294
20.05,0.5319965643794912,0.39168271287777723,0.0006496427217950427
20.1,0.7007588046304339,0.2799003003438747,0.001071601643455978
20.15,0.5167022477836266,0.3858297980434192,0.0006165453499579336
20.2,0.6909443899793059,0.26204682325286144,0.0004825973505264338
20.25,0.48483150423248816,0.3738102697616049,0.0005150934116345134
20.3,0.6522345104556899,0.2403075447564456,0.0009972538060932614
20.35,0.42418202799643884,0.3415915002145913,0.0005844621670061136
20.4,0.5987149850129112,0.1995931546246427,0.0005196940869664483
20.45,0.35221130458619826,0.30791355341853227,0.00036388589946625407
20.5,0.5249910946131026,0.20098104718115775,0.000822855711516465
20.55,0.41625201074077905,0.25882663985109905,0.0007043252566494982
20.6,0.4875357814142339,0.23873800029685238,0.0005288529335264784
20.65,0.49469104136265263,0.26892462168885345,0.0002950952668293368
20.7,0.5224005221890886,0.27273485395914837,0.0005932795555974307
20.75,0.5429103191484806,0.2812297262636023,0.0007700991475495575
20.8,0.5306139842907762,0.291016882121202,0.0005021470517332309
20.85,0.5592035655646105,0.27710442353453085,0.00032516996855575176
20.9,0.5202407265561576,0.30536353782742365,0.0003757383789348665
20.95,0.5532171746305928,0.2645436697137216,0.0007457086019617272
21.0,0.4800369312330097,0.3062166814566949,0.00043717488271993927
21.05,0.5574188538739528,0.2357330917410324,0.0003640752012745819
21.1,0.4255344920482967,0.30382364434667264,0.00023827413965860496
21.15,0.5456110111800812,0.20113821323966688,0.0006498183758429497
21.2,0.35206047281054526,0.29001651355108854,0.00040721731256812565
21.25,0.5234980672230554,0.1934426332478801,0.00038282568136552395
21.3,0.42383197806184697,0.2735008219249211,0.00017524714810489959
21.35,0.5011802333718163,0.22315139242790552,0.0005092182302718171
21.4,0.4687498978245734,0.27627655601578777,0.00045133324430798183
21.45,0.5325866596381665,0.24262743954292268,0.00037131108671797436
21.5,0.4861713989710176,0.2858990567647103,0.00015690367548302012
21.55,0.5438883957881798,0.245137462600401,0.00034943206256436574
21.6,0.47631628117798386,0.28279575910577215,0.0004725796300854323
21.65,0.5250920233475896,0.2597106270402058,0.0003234677111589676
21.7,0.49531625322158745,0.26656990117716833,0.0002336312153501051
21.75,0.4892409134978668,0.28789477562998683,0.0001882841215579837
21.8,0.5439697254897913,0.23879975394572903,0.00045324098577074654
21.85,0.42279670419760895,0.3088790590090803,0.0002392820398824779
21.9,0.5809170047932797,0.19848296802302048,0.00027936075873239254
21.95,0.35014444277322376,0.32213927207488574,5.229160169417965e-5
22.0,0.600628009559794,0.1859167731609241,0.0004030641139114117
22.05,0.39066777637707795,0.3267995855706594,0.0001778949026689343
22.1,0.6046321791451509,0.20235213253748677,0.00029874154103557245
22.15,0.4081755991157337,0.32028691621751976,0.000128285539862974
22.2,0.5855555212724267,0.2072136484630478,0.00032792369294371346
22.25,0.40222714928490205,0.3034967315414841,0.0001869999506819914
22.3,0.5585571356398157,0.20274995072076912,0.0002939117786972621
22.35,0.4133789133392701,0.2915201026002898,0.0002491072472774471
22.4,0.5422065393813724,0.26038393408265736,0.0002277072828975969
22.45,0.5200336612975899,0.2712676308437632,0.00024088800130181844
22.5,0.4926266696765477,0.31505678997624215,0.0002620369040403645
22.55,0.6149967856188239,0.24098519688707867,0.000375071843487758
22.6,0.42827521121071027,0.3580019177386922,0.00021311113867634952
22.65,0.6908072127068443,0.1970767960397022,0.0002809316318899725
22.7,0.3342585899025517,0.3939037965035138,0.00019843719486265245
22.75,0.7458889058598014,0.16056605808606514,0.0004799998933730138
22.8,0.32646092713871144,0.4109250696857337,0.00024283869110822807
22.85,0.7691393852665196,0.16722029241922473,0.00031932795911407733
22.9,0.32366197890959264,0.4168143607200928,0.00011786387908731513
22.95,0.765119873295593,0.16058553971602404,0.00054858758513173
23.0,0.3130659372045574,0.399052888736852,0.0002825201507595535
23.05,0.7201241853523825,0.22182181774710674,0.0003609973704793479
23.1,0.4743021396220039,0.36736146475136694,0.00022152683556693386
23.15,0.6455261157093888,0.3084979224993693,0.0005632703668833352
23.2,0.6253829863961997,0.3112636611141773,0.00045062527143661994
23.25,0.5286035051474083,0.3806517749228717,0.0003659996942315929
23.3,0.7562731940738994,0.24145877533419283,0.00034159226389657326
23.35,0.42004259313035697,0.4473859305424978,0.0005098960807081591
23.4,0.8625591944407452,0.19370754024846124,0.0006366160572191205
23.45,0.32533769639223675,0.48858298244167764,0.00034852436709990973
23.5,0.9295251170738159,0.1337874155234432,0.0004338059916215073
23.55,0.2418209765214047,0.5181766859773697,0.00038444627098476776
23.6,0.9622280260621638,0.11970358863064726,0.0007766790650870553
23.65,0.22927126830709166,0.5146786783152302,0.00037364900620438936
23.7,0.9405807330776327,0.17299890954119487,0.0004882522312522801
23.75,0.40779541847717254,0.49501833488478386,0.0002983882163131621
23.8,0.8815431680225166,0.2894572312445995,0.0008391378717470811
23.85,0.6122675605446467,0.44072406466910413,0.0005008468023957863
23.9,0.7634819792149146,0.3899407903747285,0.0005024393197621655
23.95,0.7963014180986105,0.36918780923244904,0.0004255743214886647
24.0,0.6116746904748209,0.48651504984190574,0.0008003556963184517
24.05,0.9530675375990395,0.2679636697088798,0.0007625743306478728
24.1,0.4134528746557168,0.5522170097026252,0.0004802262994577599
24.15,1.0644365700819671,0.18137896626970168,0.0005288347473864997
24.2,0.29730158764399844,0.6060279047103472,0.0006527383124020619
24.25,1.135610196670891,0.12058490385986305,0.0009713822650988242
24.3,0.17421627394293382,0.6183138185807427,0.0004488977895176675
24.35,1.14032052700687,0.11494413876050426,0.0005945004765959543
24.4,0.32202713457084997,0.6126030549653118,0.0004117736405204563
24.45,1.1010473746756981,0.2584872124584027,0.001082195173144249
24.5,0.5763740466280435,0.5626709990355904,0.0005336699121884167
24.55,0.9865008269657514,0.38600682522806185,0.0006170302488396564
24.6,0.8107160082932935,0.4922702955197334,0.00048800511934407506
24.65,0.8324545486161183,0.5108766441645342,0.0010620571522395724
24.7,1.0164001280053527,0.38367475815913815,0.0008531085342550893
24.75,0.612399532290496,0.6010677743151359,0.0005984106692092954
24.8,1.1721081472115789,0.25835497996617535,0.0005998666423006785
24.85,0.3846293914678975,0.6790872541510202,0.0008990593875442356
24.9,1.2827090726504917,0.16890853700869368,0.0011272484955099854
24.95,0.2660407372663279,0.7084510065924673,0.0005459102067798971
25.0,1.31636284340732,0.09484325246442397,0.0006752851771541357
25.05,0.21896263071750058,0.7182390939563109,0.0006102098238645183
25.1,1.3004492381978818,0.21642022740854655,0.001286404111885073
25.15,0.5189280738056754,0.6751333207254915,0.00057643262395171
25.2,1.1940336022325897,0.36926351558153014,0.0007055131272613659
25.25,0.7998838314241634,0.6086066326563736,0.0005255450089409227
25.3,1.043483564947408,0.5203774990865033,0.001288608299082984
25.35,1.0521156187328136,0.4959639195076541,0.0009049004443222825
25.4,0.8103400562548713,0.6346690320978213,0.0006904994773011924
25.45,1.2513128891861027,0.36249188042014385,0.0006436138140632138
25.5,0.5457924823772262,0.7363747551141152,0.0011171191149481781
25.55,1.4014963427032956,0.21455384674016562,0.0012403732262853304
25.6,0.35405973993639733,0.7838404743310168,0.000636483800386258
25.65,1.4661696294060977,0.14168251234346735,0.0007274346174549254
25.7,0.2466741565074928,0.8102748892507757,0.0007890132999368778
25.75,1.4765356141086459,0.16434279632891902,0.0014473226228264935
25.8,0.4416153197937651,0.776310685422533,0.0005877843521434822
25.85,1.3827232325761503,0.3403838952412455,0.0007649348156672252
25.9,0.7646952425056414,0.7162078833537119,0.0005609769300568237
25.95,1.2410069070858254,0.5152416636369974,0.0014751833017118598
26.0,1.060340494793234,0.6028178648630506,0.0009162098991624254
26.05,1.0007048856814857,0.6528495075606593,0.0007538290360098377
26.1,1.3013773181375006,0.46452552323021884,0.0006581885763429288
26.15,0.7263006759006935,0.7772286253386769,0.0013020651571102257
26.2,1.4905081903649422,0.28979292888109065,0.001308511842341143
26.25,0.4365856936333024,0.8435101163840413,0.0006992062044378848
26.3,1.5876898000677029,0.18658667133503734,0.000749185344377537
26.35,0.31673168584987016,0.8873178909000011,0.0009438771031252663
26.4,1.6265385748589627,0.18746312804554724,0.0015622154055920923
26.45,0.4089699552634684,0.8646093239465127,0.0006106387212443285
26.5,1.5495477766199142,0.30027889874583086,0.0007937467588019547
26.55,0.7065330673234163,0.8132388910606468,0.0006066797481402695
26.6,1.4215034520937755,0.4959982027894841,0.0016186393184360658
26.65,1.0417503900975824,0.7023137640768713,0.0008869330513990584
26.7,1.1800557876420827,0.6557282442138544,0.0007871415824492653
26.75,1.3221834648082755,0.5625313270700987,0.0006488949098929784
26.8,0.9024232721632721,0.8013141244473028,0.0014506067181585085
26.85,1.5488650476546584,0.3818004619768736,0.0013311199751407708
26.9,0.5433731172810348,0.8867784111465559,0.0007331365999730326
26.95,1.6793910113786474,0.22869759854325397,0.0007402334471058003
27.0,0.3797439692601558,0.9482611091939863,0.0010718479763619508
27.05,1.7481901810135003,0.22129871518943356,0.001630083653206944
27.1,0.474114362317732,0.9386711411946052,0.0006406340851619685
27.15,1.691875487661175,0.27069109854224455,0.0007918325949440722
27.2,0.6272318772332078,0.8980559674028161,0.0006248066231543627
27.25,1.5817633778481932,0.46346179241850216,0.0017175477449913326
27.3,0.9975394380160815,0.79266002873084,0.00081858712913141
27.35,1.345144727132256,0.6437043441466637,0.0007905858956157282
27.4,1.314159015324012,0.6546500053253764,0.0006559255392873238
27.45,1.0706389755753305,0.8086240899013372,0.0015610532351208435
27.5,1.5762761186058565,0.47172498989709866,0.0013093192026471154
27.55,0.7010743626257924,0.913260544061392,0.0007387214633959041
27.6,1.7402789777297867,0.2672070194446302,0.0007017122432588047
27.65,0.4554705527014365,0.9923017328764666,0.0011713635579534995
27.7,1.8397621022812591,0.2507630588887717,0.0016516155581773877
27.75,0.5305840777521916,0.9973958002932114,0.0006443674696559272
27.8,1.807508382583155,0.3005247275003836,0.0007939346701034399
27.85,0.6005820145323381,0.9692383022031646,0.0006165361961116437
27.9,1.7189541318984212,0.4187074388801334,0.0017721420331084175
27.95,0.9293799315437843,0.872231367380523,0.0007403110925506177
28.0,1.4929742855343797,0.6174419699165848,0.0007944126079211264
28.05,1.2782570559612336,0.7391247843244777,0.0006377881250255245
28.1,1.2275639562877592,0.7994717642250568,0.0016332690942957085
28.15,1.5730300221647961,0.5577072364139256,0.0012457915672558484
28.2,0.8544637797438224,0.9228682616190679,0.0007177008688427508
28.25,1.7699050305839517,0.34737407163601614,0.000636098198575488
28.3,0.523917853704073,1.018951812282162,0.0012422111080008936
28.35,1.9000900654921182,0.2755668497807342,0.0016290634789071859
28.4,0.5778309156629434,1.039955868045761,0.0006238291175110138
28.45,1.8947143575069245,0.325500804101664,0.0008972897178676107
28.5,0.6486617871539927,1.0256126045227785,0.0006591681474571472
28.55,1.830673496771629,0.3630407025954161,0.0017841882576748117
28.6,0.8393747828172492,0.9395976730743796,0.000650956881334752
28.65,1.620848686671507,0.5778517237141368,0.0009431125689113223
28.7,1.2159270053798636,0.8143340406300928,0.0005971937600031365
28.75,1.37002113920552,0.7744768746133166,0.0016685503090560457
28.8,1.539973382458909,0.6379622589059707,0.0011446099411201195
28.85,1.0003548245036686,0.915804356864141,0.0006870249342782424
28.9,1.768363167036202,0.4278972707858184,0.0006020365773062695
28.95,0.6106811538562706,1.0280415214076049,0.0012854125051414364
29.0,1.9285840162644428,0.29548969823908716,0.0015660564572315015
29.05,0.6154481496197785,1.0658056174466788,0.0005820837775719763
29.1,1.9522484756408307,0.34539540771618527,0.00099472920075852
29.15,0.6873660180072363,1.0662710733158507,0.0006923739260621487
29.2,1.914989551366494,0.36625904580076135,0.0017567889674795648
29.25,0.7300049908005377,0.9935467413587302,0.0005370391164312577
29.3,1.7264154085101835,0.5260692452494451,0.001087754116200089
29.35,1.1290783633911097,0.8788191096765644,0.0005378174887580036
29.4,1.4951006928573731,0.7345459699863284,0.0016694329372405749
29.45,1.478479455846351,0.7108130449861183,0.0010110140205375792
29.5,1.1356968021170377,0.8925526506538889,0.0008632108518685322
29.55,1.7362779281329073,0.5047726881751279,0.0006393148980909199
29.6,0.7547276971911735,1.0197156627893982,0.0013030455178148135
29.65,1.9252254575707257,0.3103839907219537,0.0014673607970304005
29.7,0.6431756240765226,1.0746842197723707,0.0005230443403907419
29.75,1.9793647536379404,0.3600639355370741,0.001081768462169468
29.8,0.71631975872215,1.0905831250392943,0.0007115641574738756
29.85,1.9704681289461214,0.3821183251796145,0.001694134400728552
29.9,0.7448547259977248,1.0331012617453779,0.00040408825647573565
29.95,1.8076982054422088,0.4634317548354027,0.0012225205063644052
30.0,1.0200387623791656,0.9313073723513466,0.0004640583357720322
