candidate_id,mode_rank,local_crossing_ms,bus,d_margin_ms_d_logKp,d_margin_ms_d_logKi,alpha_tau_s_inv_per_s,normalized_root_residual,status
full20_step14_tiny,1,43.74140371617378,30,-0.2583707099131642,-0.10576170624838059,412.27695685512003,4.293471504504613e-17,EXACT_SIMPLE_ROOT_LOCAL_GRADIENT
full20_step14_tiny,1,43.74140371617378,31,-0.4869533983780077,-2.312130848188692,412.27695685512003,4.293471504504613e-17,EXACT_SIMPLE_ROOT_LOCAL_GRADIENT
full20_step14_tiny,1,43.74140371617378,32,13.81762773077414,-9.395431452924766,412.27695685512003,4.293471504504613e-17,EXACT_SIMPLE_ROOT_LOCAL_GRADIENT
full20_step14_tiny,1,43.74140371617378,33,-0.9386252170210713,0.4472741618670704,412.27695685512003,4.293471504504613e-17,EXACT_SIMPLE_ROOT_LOCAL_GRADIENT
full20_step14_tiny,1,43.74140371617378,34,0.05533755537635754,-0.046612268106609726,412.27695685512003,4.293471504504613e-17,EXACT_SIMPLE_ROOT_LOCAL_GRADIENT
full20_step14_tiny,1,43.74140371617378,35,-0.8789715856487268,2.078693374890535,412.27695685512003,4.293471504504613e-17,EXACT_SIMPLE_ROOT_LOCAL_GRADIENT
full20_step14_tiny,1,43.74140371617378,36,-30.19881501319198,-1.9395891169451054,412.27695685512003,4.293471504504613e-17,EXACT_SIMPLE_ROOT_LOCAL_GRADIENT
full20_step14_tiny,1,43.74140371617378,37,-0.8607180811025114,-0.24695939037724843,412.27695685512003,4.293471504504613e-17,EXACT_SIMPLE_ROOT_LOCAL_GRADIENT
full20_step14_tiny,1,43.74140371617378,38,-0.021554396739559098,0.05474037059210598,412.27695685512003,4.293471504504613e-17,EXACT_SIMPLE_ROOT_LOCAL_GRADIENT
full20_step14_tiny,1,43.74140371617378,39,-1.019774574651652,-0.2878739598605569,412.27695685512003,4.293471504504613e-17,EXACT_SIMPLE_ROOT_LOCAL_GRADIENT
full20_step14_tiny,2,43.74141355047755,30,-0.1437487319620369,0.04303345228056067,413.9045520191077,4.218793368771513e-17,EXACT_SIMPLE_ROOT_LOCAL_GRADIENT
full20_step14_tiny,2,43.74141355047755,31,-0.1294254508200282,-0.18911440418655215,413.9045520191077,4.218793368771513e-17,EXACT_SIMPLE_ROOT_LOCAL_GRADIENT
full20_step14_tiny,2,43.74141355047755,32,-0.3015400531751755,-0.1453863211026517,413.9045520191077,4.218793368771513e-17,EXACT_SIMPLE_ROOT_LOCAL_GRADIENT
full20_step14_tiny,2,43.74141355047755,33,-7.818853591321302,-5.553351365115503,413.9045520191077,4.218793368771513e-17,EXACT_SIMPLE_ROOT_LOCAL_GRADIENT
full20_step14_tiny,2,43.74141355047755,34,-7.968399269621376,-5.2296212098401655,413.9045520191077,4.218793368771513e-17,EXACT_SIMPLE_ROOT_LOCAL_GRADIENT
full20_step14_tiny,2,43.74141355047755,35,-1.6385084251878914,-0.7578208569889145,413.9045520191077,4.218793368771513e-17,EXACT_SIMPLE_ROOT_LOCAL_GRADIENT
full20_step14_tiny,2,43.74141355047755,36,1.1628692952622088,-0.7188728713980285,413.9045520191077,4.218793368771513e-17,EXACT_SIMPLE_ROOT_LOCAL_GRADIENT
full20_step14_tiny,2,43.74141355047755,37,-0.22445144777010007,0.04490883660662494,413.9045520191077,4.218793368771513e-17,EXACT_SIMPLE_ROOT_LOCAL_GRADIENT
full20_step14_tiny,2,43.74141355047755,38,0.09124651144823401,0.06845905835991946,413.9045520191077,4.218793368771513e-17,EXACT_SIMPLE_ROOT_LOCAL_GRADIENT
full20_step14_tiny,2,43.74141355047755,39,-0.8406897261671319,-0.564490531316295,413.9045520191077,4.218793368771513e-17,EXACT_SIMPLE_ROOT_LOCAL_GRADIENT
full20_step14_tiny,3,43.74143602614399,30,-0.17116109039607083,0.25596611081045195,420.7056920101571,5.230588311957581e-17,EXACT_SIMPLE_ROOT_LOCAL_GRADIENT
full20_step14_tiny,3,43.74143602614399,31,-6.970293551390439,0.2554216227283764,420.7056920101571,5.230588311957581e-17,EXACT_SIMPLE_ROOT_LOCAL_GRADIENT
full20_step14_tiny,3,43.74143602614399,32,-21.127859016506328,-0.6671210551228091,420.7056920101571,5.230588311957581e-17,EXACT_SIMPLE_ROOT_LOCAL_GRADIENT
full20_step14_tiny,3,43.74143602614399,33,0.26719738595009296,-2.8418226141884873,420.7056920101571,5.230588311957581e-17,EXACT_SIMPLE_ROOT_LOCAL_GRADIENT
full20_step14_tiny,3,43.74143602614399,34,-0.6363106195588198,0.16380667020384843,420.7056920101571,5.230588311957581e-17,EXACT_SIMPLE_ROOT_LOCAL_GRADIENT
full20_step14_tiny,3,43.74143602614399,35,-7.700672167322878,-2.5552265592095296,420.7056920101571,5.230588311957581e-17,EXACT_SIMPLE_ROOT_LOCAL_GRADIENT
full20_step14_tiny,3,43.74143602614399,36,19.422460919159494,-8.425505946977921,420.7056920101571,5.230588311957581e-17,EXACT_SIMPLE_ROOT_LOCAL_GRADIENT
full20_step14_tiny,3,43.74143602614399,37,-0.5510359438644227,0.6829711616330512,420.7056920101571,5.230588311957581e-17,EXACT_SIMPLE_ROOT_LOCAL_GRADIENT
full20_step14_tiny,3,43.74143602614399,38,0.8990631431574723,0.007625627284607453,420.7056920101571,5.230588311957581e-17,EXACT_SIMPLE_ROOT_LOCAL_GRADIENT
full20_step14_tiny,3,43.74143602614399,39,-1.5474765762908875,0.5577870155247096,420.7056920101571,5.230588311957581e-17,EXACT_SIMPLE_ROOT_LOCAL_GRADIENT
full20_step14_tiny,4,43.74153507431351,30,-13.962540540979793,-14.567133234645842,409.95272865835636,1.426220372108787e-16,EXACT_SIMPLE_ROOT_LOCAL_GRADIENT
full20_step14_tiny,4,43.74153507431351,31,-2.378060754282927,-0.23481791829542095,409.95272865835636,1.426220372108787e-16,EXACT_SIMPLE_ROOT_LOCAL_GRADIENT
full20_step14_tiny,4,43.74153507431351,32,0.08489878674178497,-0.009201627916304831,409.95272865835636,1.426220372108787e-16,EXACT_SIMPLE_ROOT_LOCAL_GRADIENT
full20_step14_tiny,4,43.74153507431351,33,-0.024381550306951234,-0.01757986896161499,409.95272865835636,1.426220372108787e-16,EXACT_SIMPLE_ROOT_LOCAL_GRADIENT
full20_step14_tiny,4,43.74153507431351,34,-0.21478606569146488,-0.011825159251282039,409.95272865835636,1.426220372108787e-16,EXACT_SIMPLE_ROOT_LOCAL_GRADIENT
full20_step14_tiny,4,43.74153507431351,35,-0.2805843811849741,0.3078854547996116,409.95272865835636,1.426220372108787e-16,EXACT_SIMPLE_ROOT_LOCAL_GRADIENT
full20_step14_tiny,4,43.74153507431351,36,-0.02597803238715212,-0.003799974577463113,409.95272865835636,1.426220372108787e-16,EXACT_SIMPLE_ROOT_LOCAL_GRADIENT
full20_step14_tiny,4,43.74153507431351,37,0.7391695195722204,0.2629340109932019,409.95272865835636,1.426220372108787e-16,EXACT_SIMPLE_ROOT_LOCAL_GRADIENT
full20_step14_tiny,4,43.74153507431351,38,1.0194829309908415,-0.17815183980266,409.95272865835636,1.426220372108787e-16,EXACT_SIMPLE_ROOT_LOCAL_GRADIENT
full20_step14_tiny,4,43.74153507431351,39,0.1820968068409608,0.16777608312910416,409.95272865835636,1.426220372108787e-16,EXACT_SIMPLE_ROOT_LOCAL_GRADIENT
full20_step14_tiny,5,43.74159719611928,30,0.08958949779298522,0.12413346482543652,423.89623953926775,1.3553952786827016e-17,EXACT_SIMPLE_ROOT_LOCAL_GRADIENT
full20_step14_tiny,5,43.74159719611928,31,-0.047723954142035244,-0.020101632479881382,423.89623953926775,1.3553952786827016e-17,EXACT_SIMPLE_ROOT_LOCAL_GRADIENT
full20_step14_tiny,5,43.74159719611928,32,-1.0618367315027981,0.3319281918509452,423.89623953926775,1.3553952786827016e-17,EXACT_SIMPLE_ROOT_LOCAL_GRADIENT
full20_step14_tiny,5,43.74159719611928,33,-0.04647709084227986,0.0029333265211834796,423.89623953926775,1.3553952786827016e-17,EXACT_SIMPLE_ROOT_LOCAL_GRADIENT
full20_step14_tiny,5,43.74159719611928,34,-0.017223965661233954,-0.005226647853170236,423.89623953926775,1.3553952786827016e-17,EXACT_SIMPLE_ROOT_LOCAL_GRADIENT
full20_step14_tiny,5,43.74159719611928,35,-0.012165928394995085,-0.006197538794109946,423.89623953926775,1.3553952786827016e-17,EXACT_SIMPLE_ROOT_LOCAL_GRADIENT
full20_step14_tiny,5,43.74159719611928,36,-0.18679092078486156,0.08780546398699313,423.89623953926775,1.3553952786827016e-17,EXACT_SIMPLE_ROOT_LOCAL_GRADIENT
full20_step14_tiny,5,43.74159719611928,37,-23.703365927930474,-9.600304394497266,423.89623953926775,1.3553952786827016e-17,EXACT_SIMPLE_ROOT_LOCAL_GRADIENT
full20_step14_tiny,5,43.74159719611928,38,3.5473776864242264,-2.540759913984232,423.89623953926775,1.3553952786827016e-17,EXACT_SIMPLE_ROOT_LOCAL_GRADIENT
full20_step14_tiny,5,43.74159719611928,39,0.08910896614801747,0.00045295726221997916,423.89623953926775,1.3553952786827016e-17,EXACT_SIMPLE_ROOT_LOCAL_GRADIENT
