mode,K_exc,T_exc,effective_K,stabilizer,K_in_documented_range,T_in_documented_range,design_product_ok,base_abscissa,base_gamma_count,base_stable,flagship_gamma_count,flagship_abscissa,flagship_alpha_IA,flagship_freq_IA,kappa_gamma,kappa_is_infinite,m_cl,freq_port_hz,status
absolute,5.0,0.02,5.0,pss on,False,True,True,-0.1536271988359248,0,True,0.0,-0.21256459017253265,-0.26667544213866695,0.7149243019382421,-1.0,True,0.3875459788550648,1.32,OK
absolute,5.0,0.05,5.0,pss on,False,True,True,-0.15057041323346657,0,True,0.0,-0.2095336184482716,-0.2707266347473296,0.712215183715402,-1.0,True,0.3846805902764753,1.32,OK
absolute,5.0,0.1,5.0,pss on,False,True,True,-0.148641221917721,0,True,0.0,-0.21315079100662196,-0.28908401147877066,0.7083316185038702,-1.0,True,0.3781481800645841,0.3,OK
absolute,5.0,0.25,5.0,pss on,False,True,True,-0.15921124352130697,0,True,0.0,-0.23732408380066614,-0.36011246945668224,0.7081942298786087,-1.0,True,0.3349349953117049,0.3,OK
absolute,5.0,0.4,5.0,pss on,False,True,True,-0.16962602968081641,0,True,0.0,-0.23732940109588052,-0.38017937296665355,0.713068228337139,-1.0,True,0.3077410239390112,0.3,OK
absolute,5.0,0.5,5.0,pss on,False,True,True,-0.17360243503314368,0,True,0.0,-0.23733287181835716,-0.3818634867891091,0.7151178395724038,-1.0,True,0.31026874119242137,0.3,OK
absolute,5.0,1.0,5.0,pss on,False,False,True,-0.18083604143942483,0,True,0.0,-0.024730050636390555,-0.3769124941813383,0.7189523863962568,-1.0,True,0.3869795111152507,0.3,OK
absolute,8.0,0.02,8.0,pss on,False,True,True,-0.13648490117146342,0,True,0.0,-0.17595666728309492,-0.19168584716364817,0.7171175150006804,-1.0,True,0.3821466408744696,1.32,OK
absolute,8.0,0.05,8.0,pss on,False,True,True,-0.12898460876896287,0,True,0.0,-0.16924278719574834,-0.1853285787023046,0.7125254719210063,-1.0,True,0.3640880104110358,0.7,OK
absolute,8.0,0.1,8.0,pss on,False,True,True,-0.1212592676583391,0,True,0.0,-0.17206810309056286,-0.195039309316469,0.7038699044732984,-1.0,True,0.3373516764180293,0.6799999999999999,OK
absolute,8.0,0.25,8.0,pss on,False,True,True,-0.13639978706667397,0,True,0.0,-0.21626655256279184,-0.3368677626620199,0.6945699274636695,-1.0,True,0.32757368143579807,0.48,OK
absolute,8.0,0.4,8.0,pss on,False,True,True,-0.15760181091596953,0,True,0.0,-0.23737420991815475,-0.39435584336007623,0.7051972732100671,-1.0,True,0.2744131300607754,0.36,OK
absolute,8.0,0.5,8.0,pss on,False,True,True,-0.1652884989041969,0,True,0.0,-0.23737596213044634,-0.39770881612197007,0.7096879016202265,-1.0,True,0.2335230475341524,0.32,OK
absolute,8.0,1.0,8.0,pss on,False,False,True,-0.1779609449963418,0,True,0.0,0.00178002054083648,-0.38612378764413063,0.7170735344527678,-1.0,True,0.3078121662873623,0.3,OK
absolute,10.1,0.02,10.1,pss on,False,True,True,-0.12551591275349258,0,True,0.0,-0.14651041179292193,-0.14651041179292315,0.7215434063553819,-1.0,True,0.367444604891553,0.72,OK
absolute,10.1,0.05,10.1,pss on,False,True,True,-0.1157809019310048,0,True,0.0,-0.12900876473393885,-0.12900876473393885,0.7164683897782983,-1.0,True,0.3360777324465223,0.72,OK
absolute,10.1,0.1,10.1,pss on,False,True,True,-0.1021947185141869,0,True,0.0,-0.11966012623730922,-0.11966012623731093,0.7054386383492983,-1.0,True,0.2861597083119275,0.7,OK
absolute,10.1,0.25,10.1,pss on,False,True,True,-0.11571282541069715,0,True,0.0,-0.19730151606231383,-0.28846130434056355,0.6819145909879079,-1.0,True,0.2925507278580552,0.6,OK
absolute,10.1,0.4,10.1,pss on,False,True,True,-0.1473789845177086,0,True,0.0,-0.2322911973469039,-0.40767414321908735,0.697539365061413,-1.0,True,0.2603018435789487,0.42,OK
absolute,10.1,0.5,10.1,pss on,False,True,True,-0.15871849303482316,0,True,0.0,-0.23738900604384847,-0.3873573623864728,0.353454722725997,-1.0,True,0.22160113137713644,0.36,OK
absolute,10.1,1.0,10.1,pss on,False,False,True,-0.17596481725833726,0,True,0.0,0.01772818065458015,-0.39364139969583845,0.715668276121732,-1.0,True,0.2141268215492586,0.3,OK
absolute,15.0,0.02,15.0,pss on,False,True,True,-0.0933401882670058,0,True,0.0,-0.08369574829809773,-0.08369574829810329,0.7360067231034957,-1.0,True,0.259552088886772,0.7400000000000001,OK
absolute,15.0,0.05,15.0,pss on,False,True,True,-0.07595216952492832,0,True,0.0,-0.04380053652001058,-0.04380053652001058,0.7322305522128429,-1.0,True,0.18676645219681418,0.7400000000000001,OK
absolute,15.0,0.1,15.0,pss on,False,True,True,-0.06450567827792364,0,True,1.0,0.01558907828485435,0.015589078284851522,0.7211973552996996,3.0,False,0.06709399672387104,0.72,OK
absolute,15.0,0.25,15.0,pss on,False,True,True,-0.05053693091934186,0,True,0.0,-0.011140414101531299,-0.011140414101531299,0.669129913832951,-1.0,True,0.09380746018985361,0.6599999999999999,OK
absolute,15.0,0.4,15.0,pss on,False,True,True,-0.11300166180929642,0,True,0.0,-0.20490830732549317,-0.4607473086269665,0.6599268194182644,-1.0,True,0.18881594509495986,0.56,OK
absolute,15.0,0.5,15.0,pss on,False,True,True,-0.13919127876559736,0,True,0.0,-0.22465908812394422,-0.33357130349600617,0.46436835253680225,-1.0,True,0.17041951914749306,0.48,OK
absolute,15.0,1.0,15.0,pss on,False,False,True,-0.17140294834352635,0,True,1.0,0.05389586464874142,0.05389586464874053,0.3292663480870793,4.0,False,0.09585707065115774,0.33999999999999997,OK
absolute,20.0,0.02,20.0,pss on,True,True,False,-0.06853560938537641,0,True,0.0,-0.04448835003180947,-0.07032834778727577,0.750590641446949,-1.0,True,0.19013362658529942,0.7599999999999999,OK
absolute,20.0,0.05,20.0,pss on,True,True,False,-0.042908124928168874,0,True,0.0,-0.017784218490494212,-0.01948282797385526,0.7494933498084302,-1.0,True,0.13962269891954895,0.7599999999999999,OK
absolute,20.0,0.1,20.0,pss on,True,True,False,-0.020025769746202276,0,True,1.0,0.07314196486476077,0.0731419648647577,0.7424995648457717,2.0,False,0.20390984700507825,0.94,OK
absolute,20.0,0.25,20.0,pss on,True,True,False,0.024465874697517504,1,False,,,,,,,,,BASE_UNSTABLE
absolute,20.0,0.4,20.0,pss on,True,True,False,-0.04905554184748629,0,True,1.0,0.07162889937443986,0.07162889937443519,0.6273741467044871,4.0,False,0.09724797204763624,0.62,OK
absolute,20.0,0.5,20.0,pss on,True,True,False,-0.10592736884095705,0,True,0.0,-0.09413842668133006,-0.09413842668133297,0.5690230869020849,-1.0,True,0.062014373832932325,0.56,OK
absolute,20.0,1.0,20.0,pss on,True,False,False,-0.16698620212694046,0,True,1.0,0.09575157884972096,0.09575157884972096,0.387057937517724,4.0,False,0.12678987985970552,0.4,OK
absolute,25.0,0.02,25.0,pss on,True,True,False,-0.05101823253518535,0,True,1.0,0.005513296753997032,-0.08566029494906718,0.7622965394290182,4.0,False,0.18406955298469016,0.7599999999999999,OK
absolute,25.0,0.05,25.0,pss on,True,True,False,-0.014920865249652786,0,True,2.0,0.04684354426812162,-0.0332358125128466,0.7638474752633629,1.0,False,0.09074243531387448,0.7599999999999999,OK
absolute,25.0,0.1,25.0,pss on,True,True,False,0.01817679550460313,1,False,,,,,,,,,BASE_UNSTABLE
absolute,25.0,0.25,25.0,pss on,True,True,False,0.08001529511429781,1,False,,,,,,,,,BASE_UNSTABLE
absolute,25.0,0.4,25.0,pss on,True,True,False,0.047065320645276035,1,False,,,,,,,,,BASE_UNSTABLE
absolute,25.0,0.5,25.0,pss on,True,True,False,-0.03826015590361107,0,True,1.0,0.23077178675782198,0.23077178675782198,0.6169659759257412,2.0,False,0.3528503811268659,0.6,OK
absolute,25.0,1.0,25.0,pss on,True,False,False,-0.1629884553952599,0,True,1.0,0.1490280528457999,0.14902805284579923,0.43823663385525025,3.0,False,0.163278788033303,0.44,OK
absolute,30.0,0.02,30.0,pss on,True,True,False,-0.014208945100854818,0,True,1.0,0.04705905833491597,-0.11429952679586246,0.7709513125309531,1.0,False,0.20083916969324203,1.34,OK
absolute,30.0,0.05,30.0,pss on,True,True,False,0.03798150604217322,2,False,,,,,,,,,BASE_UNSTABLE
absolute,30.0,0.1,30.0,pss on,True,True,False,0.0495450098318002,2,False,,,,,,,,,BASE_UNSTABLE
absolute,30.0,0.25,30.0,pss on,True,True,False,0.10674050933131798,2,False,,,,,,,,,BASE_UNSTABLE
absolute,30.0,0.4,30.0,pss on,True,True,False,0.1382559828454146,1,False,,,,,,,,,BASE_UNSTABLE
absolute,30.0,0.5,30.0,pss on,True,True,False,0.07051907231848105,1,False,,,,,,,,,BASE_UNSTABLE
absolute,30.0,1.0,30.0,pss on,True,False,False,-0.15969063320315657,0,True,1.0,0.21975041300184867,0.21975041300184595,0.484105965545718,3.0,False,0.22344926533178983,0.5,OK
absolute,40.0,0.02,40.0,pss on,True,True,False,0.050414460460555456,1,False,,,,,,,,,BASE_UNSTABLE
absolute,40.0,0.05,40.0,pss on,True,True,False,0.132279884231729,2,False,,,,,,,,,BASE_UNSTABLE
absolute,40.0,0.1,40.0,pss on,True,True,False,0.16722205508285182,3,False,,,,,,,,,BASE_UNSTABLE
absolute,40.0,0.25,40.0,pss on,True,True,False,0.1150684485252669,2,False,,,,,,,,,BASE_UNSTABLE
absolute,40.0,0.4,40.0,pss on,True,True,False,0.2446285806208203,2,False,,,,,,,,,BASE_UNSTABLE
absolute,40.0,0.5,40.0,pss on,True,True,False,0.24430984583915702,1,False,,,,,,,,,BASE_UNSTABLE
absolute,40.0,1.0,40.0,pss on,True,False,False,-0.15523706826929087,0,True,1.0,0.40786231009304136,0.4078623100930405,0.5571065846404696,2.0,False,0.3766967205869522,1.32,OK
absolute,50.0,0.02,50.0,pss on,True,True,False,0.09727604333341885,1,False,,,,,,,,,BASE_UNSTABLE
absolute,50.0,0.05,50.0,pss on,True,True,False,0.2106058806113552,4,False,,,,,,,,,BASE_UNSTABLE
absolute,50.0,0.1,50.0,pss on,True,True,False,0.27855701826680157,4,False,,,,,,,,,BASE_UNSTABLE
absolute,50.0,0.25,50.0,pss on,True,True,False,0.19033543809495904,3,False,,,,,,,,,BASE_UNSTABLE
absolute,50.0,0.4,50.0,pss on,True,True,False,0.27280424493983996,2,False,,,,,,,,,BASE_UNSTABLE
absolute,50.0,0.5,50.0,pss on,True,True,False,0.3272698388637401,2,False,,,,,,,,,BASE_UNSTABLE
absolute,50.0,1.0,50.0,pss on,True,False,False,-0.05882680413594426,0,True,1.0,0.5808180010101278,0.5808180010101278,0.6064028709056101,1.0,False,0.37298299531072066,1.32,OK
absolute,60.0,0.02,60.0,pss on,True,True,False,0.12896902473695065,2,False,,,,,,,,,BASE_UNSTABLE
absolute,60.0,0.05,60.0,pss on,True,True,False,0.2734019959222947,4,False,,,,,,,,,BASE_UNSTABLE
absolute,60.0,0.1,60.0,pss on,True,True,False,0.37905944240847833,4,False,,,,,,,,,BASE_UNSTABLE
absolute,60.0,0.25,60.0,pss on,True,True,False,0.2465349911744192,3,False,,,,,,,,,BASE_UNSTABLE
absolute,60.0,0.4,60.0,pss on,True,True,False,0.248791344637534,2,False,,,,,,,,,BASE_UNSTABLE
absolute,60.0,0.5,60.0,pss on,True,True,False,0.35571303125663595,2,False,,,,,,,,,BASE_UNSTABLE
absolute,60.0,1.0,60.0,pss on,True,False,False,0.24652309905752234,1,False,,,,,,,,,BASE_UNSTABLE
absolute,80.0,0.02,80.0,pss on,True,True,False,0.16025143944254203,2,False,,,,,,,,,BASE_UNSTABLE
absolute,80.0,0.05,80.0,pss on,True,True,False,0.3579294966413838,3,False,,,,,,,,,BASE_UNSTABLE
absolute,80.0,0.1,80.0,pss on,True,True,False,0.5428545066301707,4,False,,,,,,,,,BASE_UNSTABLE
absolute,80.0,0.25,80.0,pss on,True,True,False,0.37845293736493035,5,False,,,,,,,,,BASE_UNSTABLE
absolute,80.0,0.4,80.0,pss on,True,True,False,0.3028436204929621,4,False,,,,,,,,,BASE_UNSTABLE
absolute,80.0,0.5,80.0,pss on,True,True,False,0.31450257702588164,2,False,,,,,,,,,BASE_UNSTABLE
absolute,80.0,1.0,80.0,pss on,True,False,False,0.4575669947926599,1,False,,,,,,,,,BASE_UNSTABLE
absolute,100.0,0.02,100.0,pss on,True,True,False,0.1689794556035511,1,False,,,,,,,,,BASE_UNSTABLE
absolute,100.0,0.05,100.0,pss on,True,True,False,0.398590631315616,3,False,,,,,,,,,BASE_UNSTABLE
absolute,100.0,0.1,100.0,pss on,True,True,False,0.6565639078781653,5,False,,,,,,,,,BASE_UNSTABLE
absolute,100.0,0.25,100.0,pss on,True,True,False,0.5730764808382455,5,False,,,,,,,,,BASE_UNSTABLE
absolute,100.0,0.4,100.0,pss on,True,True,False,0.37254192443979556,3,False,,,,,,,,,BASE_UNSTABLE
absolute,100.0,0.5,100.0,pss on,True,True,False,0.35128049145230744,4,False,,,,,,,,,BASE_UNSTABLE
absolute,100.0,1.0,100.0,pss on,True,False,False,0.5446600520686851,2,False,,,,,,,,,BASE_UNSTABLE
absolute,5.0,0.02,5.0,pss off,False,True,True,-0.14458123616287313,0,True,0.0,-0.20540439637545285,-0.25233258251048896,0.7117735620422989,-1.0,True,0.38613547787895597,1.32,OK
absolute,5.0,0.05,5.0,pss off,False,True,True,-0.14451299178731944,0,True,0.0,-0.207284171680314,-0.258549815877629,0.7088943526410181,-1.0,True,0.3859488158199717,1.32,OK
absolute,5.0,0.1,5.0,pss off,False,True,True,-0.14732967541426306,0,True,0.0,-0.2179236387060901,-0.2803295173458662,0.7048483522761325,-1.0,True,0.385997491757794,0.6,OK
absolute,5.0,0.25,5.0,pss off,False,True,True,-0.16582383876729556,0,True,0.0,-0.2380952380942982,-0.3615084830375923,0.70491326806207,-1.0,True,0.34370826910008057,0.3,OK
absolute,5.0,0.4,5.0,pss off,False,True,True,-0.17767719493768566,0,True,0.0,-0.2380952380942982,-0.38604277214013005,0.7107698588383571,-1.0,True,0.30809589029392676,0.3,OK
absolute,5.0,0.5,5.0,pss off,False,True,True,-0.1813824750798284,0,True,0.0,-0.2380952380942982,-0.3881935345626385,0.7133204729242105,-1.0,True,0.3045466596010928,0.3,OK
absolute,5.0,1.0,5.0,pss off,False,False,True,-0.18603527876879028,0,True,0.0,-0.047452478303832986,-0.38155319080172234,0.7181913188409916,-1.0,True,0.37657968363203503,0.3,OK
absolute,8.0,0.02,8.0,pss off,False,True,True,-0.12104212440638956,0,True,0.0,-0.16211620881940705,-0.17263387735223257,0.7124645575886206,-1.0,True,0.3821264716892961,1.32,OK
absolute,8.0,0.05,8.0,pss off,False,True,True,-0.11851237552617029,0,True,0.0,-0.16292497869483305,-0.16991301091243227,0.7078610174847026,-1.0,True,0.36288829086132957,0.7,OK
absolute,8.0,0.1,8.0,pss off,False,True,True,-0.11878152115278316,0,True,0.0,-0.17721088124232362,-0.18323861726110013,0.6994679650794036,-1.0,True,0.33387769959444874,0.6799999999999999,OK
absolute,8.0,0.25,8.0,pss off,False,True,True,-0.14626980756928915,0,True,0.0,-0.23392276496345527,-0.33174269028142717,0.6894662248582664,-1.0,True,0.3245187965450752,0.54,OK
absolute,8.0,0.4,8.0,pss off,False,True,True,-0.16993057261559083,0,True,0.0,-0.2380952380942982,-0.4018207773848541,0.7011558510287148,-1.0,True,0.2817972924758201,0.37999999999999995,OK
absolute,8.0,0.5,8.0,pss off,False,True,True,-0.1774152907059707,0,True,0.0,-0.23809523809429822,-0.4071482504225128,0.7065565436594053,-1.0,True,0.24629678164726426,0.32,OK
absolute,8.0,1.0,8.0,pss off,False,False,True,-0.1862776587097766,0,True,0.0,-0.02331059394584664,-0.3935787963735838,0.7158008725777933,-1.0,True,0.2855091219116219,0.3,OK
absolute,10.1,0.02,10.1,pss off,False,True,True,-0.10317037917625652,0,True,0.0,-0.12557001995683398,-0.12557001995683398,0.7156099986824315,-1.0,True,0.36673414479807315,0.72,OK
absolute,10.1,0.05,10.1,pss off,False,True,True,-0.10222693123224601,0,True,0.0,-0.11391692827152318,-0.11391692827152658,0.7106361047011779,-1.0,True,0.3378132678613116,0.72,OK
absolute,10.1,0.1,10.1,pss off,False,True,True,-0.0987603478941816,0,True,0.0,-0.11057222490744212,-0.1105722249074484,0.7004509765634341,-1.0,True,0.2838039280369245,0.7,OK
absolute,10.1,0.25,10.1,pss off,False,True,True,-0.1279831069614606,0,True,0.0,-0.21926969689551706,-0.27270178334151873,0.676579478104944,-1.0,True,0.28192397805300606,0.64,OK
absolute,10.1,0.4,10.1,pss off,False,True,True,-0.16240290431822332,0,True,0.0,-0.2380952380942982,-0.4144591864710607,0.6919372625497652,-1.0,True,0.2636752619505659,0.44,OK
absolute,10.1,0.5,10.1,pss off,False,True,True,-0.17366938756205832,0,True,0.0,-0.2380952380942982,-0.42411112048700933,0.7006391795028207,-1.0,True,0.22915407678018745,0.37999999999999995,OK
absolute,10.1,1.0,10.1,pss off,False,False,True,-0.1864519977815403,0,True,0.0,-0.008652676512601355,-0.40309432170056514,0.7140081649956137,-1.0,True,0.17812099156801975,0.3,OK
absolute,15.0,0.02,15.0,pss off,False,True,True,-0.054634170906811476,0,True,0.0,-0.055930736133562885,-0.055930736133562885,0.7261913865387387,-1.0,True,0.2239856994228154,0.72,OK
absolute,15.0,0.05,15.0,pss off,False,True,True,-0.04927731597523484,0,True,0.0,-0.028884864909225427,-0.028884864909225427,0.7222499220255024,-1.0,True,0.10577890936944559,0.72,OK
absolute,15.0,0.1,15.0,pss off,False,True,True,-0.05925547798449125,0,True,1.0,0.011235043373894239,0.011235043373894239,0.7127885133707466,4.0,False,0.12802736360566136,0.72,OK
absolute,15.0,0.25,15.0,pss off,False,True,True,-0.07113374880538934,0,True,0.0,-0.005942955680303655,-0.005942955680306817,0.668404905845806,-1.0,True,0.09856255590405036,0.6599999999999999,OK
absolute,15.0,0.4,15.0,pss off,False,True,True,-0.13370292222689972,0,True,0.0,-0.23500888927272598,-0.4262104289314713,0.644306328699618,-1.0,True,0.1799615382631324,0.5800000000000001,OK
absolute,15.0,0.5,15.0,pss off,False,True,True,-0.1597887076205572,0,True,0.0,-0.2380952380942982,-0.3774643944135601,0.4787324999116973,-1.0,True,0.17397632775605382,0.5,OK
absolute,15.0,1.0,15.0,pss off,False,False,True,-0.18687004316715325,0,True,1.0,0.024958403910679494,0.024958403910676052,0.3373356335881385,4.0,False,0.032887678910432955,0.33999999999999997,OK
absolute,20.0,0.02,20.0,pss off,True,True,False,-0.011848298955550014,0,True,0.0,-0.010504774874335559,-0.02704816035622944,0.7364940404519928,-1.0,True,0.06483643362494244,1.1,OK
absolute,20.0,0.05,20.0,pss off,True,True,False,0.0001411800279212738,1,False,,,,,,,,,BASE_UNSTABLE
absolute,20.0,0.1,20.0,pss off,True,True,False,-0.002911817346177218,0,True,1.0,0.06239108542110088,0.06239108542110088,0.7279907689948725,1.0,False,0.1962617429151846,0.7400000000000001,OK
absolute,20.0,0.25,20.0,pss off,True,True,False,-0.009001218141891969,0,True,1.0,0.17300352115989445,0.17300352115989445,0.6883893607848057,1.0,False,0.20399443121520558,0.64,OK
absolute,20.0,0.4,20.0,pss off,True,True,False,-0.07820014658941804,0,True,1.0,0.08046663419042153,0.08046663419042042,0.633589550417222,4.0,False,0.13669619908542377,0.64,OK
absolute,20.0,0.5,20.0,pss off,True,True,False,-0.13110041911450918,0,True,0.0,-0.07966967486236952,-0.07966967486236998,0.5852165458343839,-1.0,True,0.04950075891285002,0.5800000000000001,OK
absolute,20.0,1.0,20.0,pss off,True,False,False,-0.18729992902665538,0,True,1.0,0.06475969992785077,0.06475969992785077,0.39677645567650205,4.0,False,0.06695610026091688,0.4,OK
absolute,25.0,0.02,25.0,pss off,True,True,False,0.023682139832631028,1,False,,,,,,,,,BASE_UNSTABLE
absolute,25.0,0.05,25.0,pss off,True,True,False,0.04276222864594448,1,False,,,,,,,,,BASE_UNSTABLE
absolute,25.0,0.1,25.0,pss off,True,True,False,0.0499580729255262,1,False,,,,,,,,,BASE_UNSTABLE
absolute,25.0,0.25,25.0,pss off,True,True,False,0.034038485950276455,1,False,,,,,,,,,BASE_UNSTABLE
absolute,25.0,0.4,25.0,pss off,True,True,False,0.0011352378812935233,1,False,,,,,,,,,BASE_UNSTABLE
absolute,25.0,0.5,25.0,pss off,True,True,False,-0.07163555404965642,0,True,1.0,0.2190895087600428,0.2190895087600428,0.6253049805676252,3.0,False,0.3768901803743051,0.6,OK
absolute,25.0,1.0,25.0,pss off,True,False,False,-0.18769864285378174,0,True,1.0,0.1173089618426877,0.11730896184268624,0.44946566826498197,4.0,False,0.11439689768865871,0.45999999999999996,OK
absolute,30.0,0.02,30.0,pss off,True,True,False,0.05242834407926107,2,False,,,,,,,,,BASE_UNSTABLE
absolute,30.0,0.05,30.0,pss off,True,True,False,0.07820165763112065,2,False,,,,,,,,,BASE_UNSTABLE
absolute,30.0,0.1,30.0,pss off,True,True,False,0.09693959855423986,2,False,,,,,,,,,BASE_UNSTABLE
absolute,30.0,0.25,30.0,pss off,True,True,False,0.05272329175494483,1,False,,,,,,,,,BASE_UNSTABLE
absolute,30.0,0.4,30.0,pss off,True,True,False,0.07197908440106951,1,False,,,,,,,,,BASE_UNSTABLE
absolute,30.0,0.5,30.0,pss off,True,True,False,0.018060583002404686,1,False,,,,,,,,,BASE_UNSTABLE
absolute,30.0,1.0,30.0,pss off,True,False,False,-0.1879825766022892,0,True,1.0,0.18997935314160552,0.18997935314160194,0.49653774887753604,3.0,False,0.1710545957456186,0.5,OK
absolute,40.0,0.02,40.0,pss off,True,True,False,0.14445667134825627,3,False,,,,,,,,,BASE_UNSTABLE
absolute,40.0,0.05,40.0,pss off,True,True,False,0.17480713353837174,3,False,,,,,,,,,BASE_UNSTABLE
absolute,40.0,0.1,40.0,pss off,True,True,False,0.17008912775303217,3,False,,,,,,,,,BASE_UNSTABLE
absolute,40.0,0.25,40.0,pss off,True,True,False,0.10532373618403945,2,False,,,,,,,,,BASE_UNSTABLE
absolute,40.0,0.4,40.0,pss off,True,True,False,0.13720065912247187,1,False,,,,,,,,,BASE_UNSTABLE
absolute,40.0,0.5,40.0,pss off,True,True,False,0.15027790095877805,1,False,,,,,,,,,BASE_UNSTABLE
absolute,40.0,1.0,40.0,pss off,True,False,False,-0.18683557028053915,0,True,1.0,0.38178902695429706,0.38178902695429706,0.5693064511656651,3.0,False,0.3836205291081891,1.32,OK
absolute,50.0,0.02,50.0,pss off,True,True,False,0.22845086840286014,4,False,,,,,,,,,BASE_UNSTABLE
absolute,50.0,0.05,50.0,pss off,True,True,False,0.2789227806936714,4,False,,,,,,,,,BASE_UNSTABLE
absolute,50.0,0.1,50.0,pss off,True,True,False,0.26304912821278953,3,False,,,,,,,,,BASE_UNSTABLE
absolute,50.0,0.25,50.0,pss off,True,True,False,0.21138015438193156,2,False,,,,,,,,,BASE_UNSTABLE
absolute,50.0,0.4,50.0,pss off,True,True,False,0.12706753520642064,2,False,,,,,,,,,BASE_UNSTABLE
absolute,50.0,0.5,50.0,pss off,True,True,False,0.188663454533071,1,False,,,,,,,,,BASE_UNSTABLE
absolute,50.0,1.0,50.0,pss off,True,False,False,-0.10633592156003537,0,True,1.0,0.5400185090833317,0.5400185090833317,0.6172641646250121,1.0,False,0.3812395862943959,1.32,OK
absolute,60.0,0.02,60.0,pss off,True,True,False,0.2986335114079997,4,False,,,,,,,,,BASE_UNSTABLE
absolute,60.0,0.05,60.0,pss off,True,True,False,0.37023587807639985,4,False,,,,,,,,,BASE_UNSTABLE
absolute,60.0,0.1,60.0,pss off,True,True,False,0.376479221786333,4,False,,,,,,,,,BASE_UNSTABLE
absolute,60.0,0.25,60.0,pss off,True,True,False,0.2947576471882313,3,False,,,,,,,,,BASE_UNSTABLE
absolute,60.0,0.4,60.0,pss off,True,True,False,0.1422030013814034,2,False,,,,,,,,,BASE_UNSTABLE
absolute,60.0,0.5,60.0,pss off,True,True,False,0.16829677764833614,2,False,,,,,,,,,BASE_UNSTABLE
absolute,60.0,1.0,60.0,pss off,True,False,False,0.1631533336159329,1,False,,,,,,,,,BASE_UNSTABLE
absolute,80.0,0.02,80.0,pss off,True,True,False,0.4026788483460281,4,False,,,,,,,,,BASE_UNSTABLE
absolute,80.0,0.05,80.0,pss off,True,True,False,0.5149173745386818,4,False,,,,,,,,,BASE_UNSTABLE
absolute,80.0,0.1,80.0,pss off,True,True,False,0.5760977529406837,4,False,,,,,,,,,BASE_UNSTABLE
absolute,80.0,0.25,80.0,pss off,True,True,False,0.38780766987560433,3,False,,,,,,,,,BASE_UNSTABLE
absolute,80.0,0.4,80.0,pss off,True,True,False,0.3405451973402579,1,False,,,,,,,,,BASE_UNSTABLE
absolute,80.0,0.5,80.0,pss off,True,True,False,0.2226070002687993,2,False,,,,,,,,,BASE_UNSTABLE
absolute,80.0,1.0,80.0,pss off,True,False,False,0.323391781539495,1,False,,,,,,,,,BASE_UNSTABLE
absolute,100.0,0.02,100.0,pss off,True,True,False,0.46809199907147175,4,False,,,,,,,,,BASE_UNSTABLE
absolute,100.0,0.05,100.0,pss off,True,True,False,0.6146956264533218,4,False,,,,,,,,,BASE_UNSTABLE
absolute,100.0,0.1,100.0,pss off,True,True,False,0.7332760930659432,5,False,,,,,,,,,BASE_UNSTABLE
absolute,100.0,0.25,100.0,pss off,True,True,False,0.4684765880548,4,False,,,,,,,,,BASE_UNSTABLE
absolute,100.0,0.4,100.0,pss off,True,True,False,0.4551993759451514,3,False,,,,,,,,,BASE_UNSTABLE
absolute,100.0,0.5,100.0,pss off,True,True,False,0.40175812074000805,1,False,,,,,,,,,BASE_UNSTABLE
absolute,100.0,1.0,100.0,pss off,True,False,False,0.337090341903289,1,False,,,,,,,,,BASE_UNSTABLE
scaled,0.5,0.25,5.05,pss on,False,True,True,-0.06699784672164029,0,True,1.0,0.03945852489543359,0.03945852489543139,0.6989645710858897,4.0,False,0.1282525218638131,0.7,OK
scaled,0.5,0.5,5.05,pss on,False,True,True,-0.12238389370316377,0,True,0.0,-0.1856702127802416,-0.26310651058461876,0.6571266206355159,-1.0,True,0.1737231436452274,0.62,OK
scaled,0.5,0.75,5.05,pss on,False,True,True,-0.15284944903903044,0,True,0.0,-0.22614096936963415,-0.35050684127512977,0.43710092505766135,-1.0,True,0.16627237431599357,0.45999999999999996,OK
scaled,0.5,1.0,5.05,pss on,False,True,True,-0.1659994117010579,0,True,0.0,-0.154469240582231,-0.15446924058223263,0.37849132378993244,-1.0,True,0.10403077772559015,0.37999999999999995,OK
scaled,0.5,1.25,5.05,pss on,False,False,True,-0.17234067577312898,0,True,0.0,-0.04499291077524489,-0.04499291077524489,0.33953954203364134,-1.0,True,0.038186265223978846,0.33999999999999997,OK
scaled,0.5,1.5,5.05,pss on,False,False,True,-0.17585647730392612,0,True,1.0,0.025537872470780876,0.02553787247078043,0.31085382059537076,4.0,False,0.05796353768714741,0.32,OK
scaled,0.5,2.0,5.05,pss on,False,False,True,-0.1794613238976746,0,True,0.0,0.11082770783831453,-0.39408760033118234,0.7143343478165435,-1.0,True,0.1951828924866361,0.3,OK
scaled,0.5,3.0,5.05,pss on,False,False,True,-0.15209466549776063,0,True,0.0,0.1919438800908264,-0.3841711136154943,0.7172157816067981,-1.0,True,0.34043703618871357,0.3,OK
scaled,0.75,0.25,7.574999999999999,pss on,False,True,True,0.019279387625163215,1,False,,,,,,,,,BASE_UNSTABLE
scaled,0.75,0.5,7.574999999999999,pss on,False,True,True,-0.058782652888789,0,True,1.0,0.19323132741300106,0.19323132741299967,0.6652624829660491,2.0,False,0.3472852523468219,0.62,OK
scaled,0.75,0.75,7.574999999999999,pss on,False,True,True,-0.12123163463644271,0,True,0.0,-0.0967792352740519,-0.09677923527405234,0.5865885707571795,-1.0,True,0.044371819178452516,0.5800000000000001,OK
scaled,0.75,1.0,7.574999999999999,pss on,False,True,True,-0.15053095031286448,0,True,0.0,-0.08105157421868903,-0.0810515742186931,0.48543553419081337,-1.0,True,0.050056442604220354,0.48,OK
scaled,0.75,1.25,7.574999999999999,pss on,False,False,True,-0.16327365286721818,0,True,1.0,0.004562212497030926,0.0045622124970304545,0.4293789615715032,4.0,False,0.04414727067391663,0.44,OK
scaled,0.75,1.5,7.574999999999999,pss on,False,False,True,-0.16978080108942054,0,True,1.0,0.06564431854546537,0.06564431854546537,0.390617531824365,4.0,False,0.06925107828308116,0.4,OK
scaled,0.75,2.0,7.574999999999999,pss on,False,False,True,-0.17600073209220887,0,True,1.0,0.14278519471138248,0.14278519471138248,0.33782218869980135,3.0,False,0.15294017521902734,0.33999999999999997,OK
scaled,0.75,3.0,7.574999999999999,pss on,False,False,True,-0.14661547328761326,0,True,0.0,0.2177275739894451,-0.39673590348998616,0.7146495147391085,-1.0,True,0.2705302404885197,0.3,OK
scaled,1.0,0.25,10.1,pss on,False,True,True,0.09855233431218562,1,False,,,,,,,,,BASE_UNSTABLE
scaled,1.0,0.5,10.1,pss on,False,True,True,0.011750342688782639,1,False,,,,,,,,,BASE_UNSTABLE
scaled,1.0,0.75,10.1,pss on,False,True,True,-0.06613807363395197,0,True,1.0,0.2994640940401501,0.299464094040148,0.6398769950644331,3.0,False,0.3618920595873293,0.8999999999999999,OK
scaled,1.0,1.0,10.1,pss on,False,True,True,-0.12647823618208578,0,True,1.0,0.14467022043327096,0.14467022043327096,0.5746810861612759,4.0,False,0.08983084372431055,0.5800000000000001,OK
scaled,1.0,1.25,10.1,pss on,False,False,True,-0.15112814064924754,0,True,1.0,0.10027424696205191,0.10027424696205191,0.5080612192275925,4.0,False,0.07250019613362114,0.52,OK
scaled,1.0,1.5,10.1,pss on,False,False,True,-0.1623985234325353,0,True,1.0,0.12385765936131055,0.12385765936131055,0.4594367925522753,4.0,False,0.09158110676686516,0.45999999999999996,OK
scaled,1.0,2.0,10.1,pss on,False,False,True,-0.17220426553105397,0,True,1.0,0.17787801325520775,0.17787801325520247,0.39500952584228,3.0,False,0.16282060675179427,0.4,OK
scaled,1.0,3.0,10.1,pss on,False,False,True,-0.1428924486955675,0,True,1.0,0.2409932273162783,0.2409932273162783,0.32156527987731137,3.0,False,0.26292222945170585,0.33999999999999997,OK
scaled,1.25,0.25,12.625,pss on,False,True,True,0.16138266317628777,1,False,,,,,,,,,BASE_UNSTABLE
scaled,1.25,0.5,12.625,pss on,False,True,True,0.05733962330608572,2,False,,,,,,,,,BASE_UNSTABLE
scaled,1.25,0.75,12.625,pss on,False,True,True,0.013751838686704277,1,False,,,,,,,,,BASE_UNSTABLE
scaled,1.25,1.0,12.625,pss on,False,True,True,-0.08408601202507761,0,True,1.0,0.37854990106008646,0.37854990106008646,0.6230867558373676,3.0,False,0.3736874872029133,0.8999999999999999,OK
scaled,1.25,1.25,12.625,pss on,False,False,True,-0.1331689273949004,0,True,1.0,0.27311372157447095,0.27311372157447095,0.5705954345803101,3.0,False,0.2033784265102016,0.5800000000000001,OK
scaled,1.25,1.5,12.625,pss on,False,False,True,-0.152894910699227,0,True,1.0,0.22107600242961803,0.2210760024296141,0.520095838851113,3.0,False,0.15462925050515713,0.52,OK
scaled,1.25,2.0,12.625,pss on,False,False,True,-0.1679583431280559,0,True,1.0,0.22298340815648743,0.22298340815648743,0.4459940511573874,3.0,False,0.17803503751209612,0.45999999999999996,OK
scaled,1.25,3.0,12.625,pss on,False,False,True,-0.14013608551706014,0,True,1.0,0.2647260682811656,0.2647260682811627,0.36176855579327294,2.0,False,0.259086631760229,0.37999999999999995,OK
scaled,1.5,0.25,15.149999999999999,pss on,False,True,False,0.20899039137173497,2,False,,,,,,,,,BASE_UNSTABLE
scaled,1.5,0.5,15.149999999999999,pss on,False,True,False,0.10163661612976771,2,False,,,,,,,,,BASE_UNSTABLE
scaled,1.5,0.75,15.149999999999999,pss on,False,True,False,0.08557373748946093,1,False,,,,,,,,,BASE_UNSTABLE
scaled,1.5,1.0,15.149999999999999,pss on,False,True,False,-0.009910329412336261,0,True,1.0,0.514783141571159,0.514783141571159,0.6567178687948722,1.0,False,0.33833803604247376,0.8999999999999999,OK
scaled,1.5,1.25,15.149999999999999,pss on,False,False,False,-0.10258400393909234,0,True,1.0,0.4370103437576601,0.4370103437576586,0.6118197682143482,3.0,False,0.38171088578008366,0.8999999999999999,OK
scaled,1.5,1.5,15.149999999999999,pss on,False,False,False,-0.1395556138045761,0,True,1.0,0.355446283719223,0.35544628371922143,0.5684151861248615,3.0,False,0.2942288705603273,0.5800000000000001,OK
scaled,1.5,2.0,15.149999999999999,pss on,False,False,False,-0.1630801360681452,0,True,1.0,0.28483141894002095,0.28483141894002095,0.492033564510374,3.0,False,0.21126821747781868,0.52,OK
scaled,1.5,3.0,15.149999999999999,pss on,False,False,False,-0.13801116475210676,0,True,1.0,0.2909237172301027,0.29092371723010135,0.39828280487340073,2.0,False,0.2572703765995338,0.42,OK
scaled,2.0,0.25,20.2,pss on,True,True,False,0.28414559978050197,2,False,,,,,,,,,BASE_UNSTABLE
scaled,2.0,0.5,20.2,pss on,True,True,False,0.23168043111865097,2,False,,,,,,,,,BASE_UNSTABLE
scaled,2.0,0.75,20.2,pss on,True,True,False,0.1472784266231511,2,False,,,,,,,,,BASE_UNSTABLE
scaled,2.0,1.0,20.2,pss on,True,True,False,0.14229008608266708,1,False,,,,,,,,,BASE_UNSTABLE
scaled,2.0,1.25,20.2,pss on,True,False,False,0.04834061984339683,1,False,,,,,,,,,BASE_UNSTABLE
scaled,2.0,1.5,20.2,pss on,True,False,False,-0.07634387131580116,0,True,1.0,0.5767460637377259,0.5767460637377259,0.6317307601789,2.0,False,0.36945308142211236,0.8999999999999999,OK
scaled,2.0,2.0,20.2,pss on,True,False,False,-0.14986439652352965,0,True,1.0,0.4561049935058337,0.4561049935058337,0.5660297814421534,3.0,False,0.38555496077393847,1.32,OK
scaled,2.0,3.0,20.2,pss on,True,False,False,-0.13500762838899005,0,True,1.0,0.35738173367987436,0.3573817336798717,0.46332778240602635,2.0,False,0.2703963941468726,0.5,OK
scaled,2.5,0.25,25.25,pss on,True,True,False,0.34602683281503505,3,False,,,,,,,,,BASE_UNSTABLE
scaled,2.5,0.5,25.25,pss on,True,True,False,0.31433188792455014,3,False,,,,,,,,,BASE_UNSTABLE
scaled,2.5,0.75,25.25,pss on,True,True,False,0.18971519241986357,2,False,,,,,,,,,BASE_UNSTABLE
scaled,2.5,1.0,25.25,pss on,True,True,False,0.20133153952488855,2,False,,,,,,,,,BASE_UNSTABLE
scaled,2.5,1.25,25.25,pss on,True,False,False,0.1861359122578439,1,False,,,,,,,,,BASE_UNSTABLE
scaled,2.5,1.5,25.25,pss on,True,False,False,0.1029785737823491,1,False,,,,,,,,,BASE_UNSTABLE
scaled,2.5,2.0,25.25,pss on,True,False,False,-0.12249189049864655,0,True,1.0,0.6125221342890339,0.6125221342890339,0.6165876736132306,2.0,False,0.38261585712502943,0.8999999999999999,OK
scaled,2.5,3.0,25.25,pss on,True,False,False,-0.13312045733784145,0,True,1.0,0.4489735465857728,0.4489735465857707,0.5188310845966192,2.0,False,0.3323629560252936,0.56,OK
scaled,3.0,0.25,30.299999999999997,pss on,True,True,False,0.38988285663412087,4,False,,,,,,,,,BASE_UNSTABLE
scaled,3.0,0.5,30.299999999999997,pss on,True,True,False,0.37956297089344804,3,False,,,,,,,,,BASE_UNSTABLE
scaled,3.0,0.75,30.299999999999997,pss on,True,True,False,0.2890045644933558,2,False,,,,,,,,,BASE_UNSTABLE
scaled,3.0,1.0,30.299999999999997,pss on,True,True,False,0.20027232804663814,2,False,,,,,,,,,BASE_UNSTABLE
scaled,3.0,1.25,30.299999999999997,pss on,True,False,False,0.24120244875602326,2,False,,,,,,,,,BASE_UNSTABLE
scaled,3.0,1.5,30.299999999999997,pss on,True,False,False,0.22050624554622741,1,False,,,,,,,,,BASE_UNSTABLE
scaled,3.0,2.0,30.299999999999997,pss on,True,False,False,0.018419254809419045,1,False,,,,,,,,,BASE_UNSTABLE
scaled,3.0,3.0,30.299999999999997,pss on,True,False,False,-0.13201383482108414,0,True,1.0,0.5552109727115501,0.5552109727115496,0.5638296842211137,2.0,False,0.38557795586882854,1.32,OK
scaled,4.0,0.25,40.4,pss on,True,True,False,0.4214602683491878,3,False,,,,,,,,,BASE_UNSTABLE
scaled,4.0,0.5,40.4,pss on,True,True,False,0.5254654492940766,4,False,,,,,,,,,BASE_UNSTABLE
scaled,4.0,0.75,40.4,pss on,True,True,False,0.3896397685998496,3,False,,,,,,,,,BASE_UNSTABLE
scaled,4.0,1.0,40.4,pss on,True,True,False,0.3199560090592046,2,False,,,,,,,,,BASE_UNSTABLE
scaled,4.0,1.25,40.4,pss on,True,False,False,0.22632441846932536,2,False,,,,,,,,,BASE_UNSTABLE
scaled,4.0,1.5,40.4,pss on,True,False,False,0.2833948373960958,2,False,,,,,,,,,BASE_UNSTABLE
scaled,4.0,2.0,40.4,pss on,True,False,False,0.2701440302250202,1,False,,,,,,,,,BASE_UNSTABLE
scaled,4.0,3.0,40.4,pss on,True,False,False,-0.13102192073497587,0,True,1.0,0.7312857506344782,0.7312857506344775,0.6288834585814757,1.0,False,0.38044983626375484,0.8999999999999999,OK
scaled,0.5,0.25,5.05,pss off,False,True,True,-0.07601203420167973,0,True,1.0,0.06729089511154923,0.06729089511154843,0.6891055858944738,3.0,False,0.23198663898828584,0.7,OK
scaled,0.5,0.5,5.05,pss off,False,True,True,-0.13639821856482706,0,True,0.0,-0.2223006055335093,-0.27579459710425014,0.6360520857724197,-1.0,True,0.14948368279946944,0.62,OK
scaled,0.5,0.75,5.05,pss off,False,True,True,-0.1698544607776324,0,True,0.0,-0.2380952380942982,-0.3132289172526528,0.44650316549916425,-1.0,True,0.14840811703491918,0.45999999999999996,OK
scaled,0.5,1.0,5.05,pss off,False,True,True,-0.18076833639838347,0,True,0.0,-0.1353660916244017,-0.1353660916244017,0.3847010015224735,-1.0,True,0.09648098591930408,0.37999999999999995,OK
scaled,0.5,1.25,5.05,pss off,False,False,True,-0.18480268998069557,0,True,0.0,-0.03349340392972788,-0.033493403929728216,0.3443892266967909,-1.0,True,0.03793075560784948,0.33999999999999997,OK
scaled,0.5,1.5,5.05,pss off,False,False,True,-0.18649410845551037,0,True,1.0,0.03298825576913234,0.0329882557691295,0.31489733938399905,4.0,False,0.043600817780005255,0.32,OK
scaled,0.5,2.0,5.05,pss off,False,False,True,-0.18759295021006017,0,True,0.0,0.11422240488717893,-0.40777720755850266,0.7139076693766148,-1.0,True,0.1857194397374426,0.3,OK
scaled,0.5,3.0,5.05,pss off,False,False,True,-0.1506965149967452,0,True,0.0,0.1923860123949026,-0.39283301782417956,0.7169885473660393,-1.0,True,0.3355398115016929,0.3,OK
scaled,0.75,0.25,7.574999999999999,pss off,False,True,True,-0.007117978683096509,0,True,2.0,0.20970529447557093,0.20970529447556416,0.720529613531463,1.0,False,0.21576889419750128,0.8999999999999999,OK
scaled,0.75,0.5,7.574999999999999,pss off,False,True,True,-0.06386024230387288,0,True,1.0,0.23406519009500476,0.23406519009500476,0.6557955674227626,2.0,False,0.3735061655510507,0.8999999999999999,OK
scaled,0.75,0.75,7.574999999999999,pss off,False,True,True,-0.14584240237708315,0,True,1.0,0.02317479723466483,0.023174797234654713,0.5806807083665059,4.0,False,0.013224003989170672,0.5800000000000001,OK
scaled,0.75,1.0,7.574999999999999,pss off,False,True,True,-0.1743351227306408,0,True,0.0,-0.021729534571603402,-0.021729534571605154,0.4919713067890826,-1.0,True,0.0302449442002572,0.5,OK
scaled,0.75,1.25,7.574999999999999,pss off,False,False,True,-0.1834055822675964,0,True,1.0,0.036991572874441964,0.03699157287444174,0.4351419436479331,4.0,False,0.03341931901997102,0.44,OK
scaled,0.75,1.5,7.574999999999999,pss off,False,False,True,-0.1868128967683832,0,True,1.0,0.08680469618284499,0.08680469618284059,0.3956001498264626,4.0,False,0.07476098836922591,0.4,OK
scaled,0.75,2.0,7.574999999999999,pss off,False,False,True,-0.18881445466767635,0,True,1.0,0.1538735508613024,0.15387355086128277,0.3417643218338599,3.0,False,0.1680333000191269,0.36,OK
scaled,0.75,3.0,7.574999999999999,pss off,False,False,True,-0.14374550874282277,0,True,0.0,0.22179583995472432,-0.4104683765953103,0.7143469140095717,-1.0,True,0.2697249151882345,0.3,OK
scaled,1.0,0.25,10.1,pss off,False,True,True,0.09138951305638457,2,False,,,,,,,,,BASE_UNSTABLE
scaled,1.0,0.5,10.1,pss off,False,True,True,0.025549931906394704,1,False,,,,,,,,,BASE_UNSTABLE
scaled,1.0,0.75,10.1,pss off,False,True,True,-0.08596072163443333,0,True,1.0,0.3491273771990693,0.3491273771990673,0.6324376222027023,2.0,False,0.3791768759717452,1.5,OK
scaled,1.0,1.0,10.1,pss off,False,True,True,-0.1598996692330232,0,True,1.0,0.2245373260560914,0.2245373260560914,0.5719368712211156,4.0,False,0.17503026169595554,0.5800000000000001,OK
scaled,1.0,1.25,10.1,pss off,False,False,True,-0.18038892363991604,0,True,1.0,0.16268003859249125,0.16268003859249125,0.5117666055528065,4.0,False,0.11051984112325693,0.52,OK
scaled,1.0,1.5,10.1,pss off,False,False,True,-0.18691832065323263,0,True,1.0,0.1645461082200396,0.1645461082200396,0.4642477365258487,3.0,False,0.12924833406075548,0.48,OK
scaled,1.0,2.0,10.1,pss off,False,False,True,-0.1902697222430048,0,True,1.0,0.1991578633702074,0.19915786337020644,0.3994187067344039,3.0,False,0.1823312861162526,0.42,OK
scaled,1.0,3.0,10.1,pss off,False,False,True,-0.1380482187529978,0,True,1.0,0.2497239440861224,0.2497239440861224,0.324931615310832,3.0,False,0.2675178374845811,0.36,OK
scaled,1.25,0.25,12.625,pss off,False,True,True,0.1787950252173385,2,False,,,,,,,,,BASE_UNSTABLE
scaled,1.25,0.5,12.625,pss off,False,True,True,0.08161879866416433,1,False,,,,,,,,,BASE_UNSTABLE
scaled,1.25,0.75,12.625,pss off,False,True,True,0.020176508052376613,1,False,,,,,,,,,BASE_UNSTABLE
scaled,1.25,1.0,12.625,pss off,False,True,True,-0.12027120940071766,0,True,1.0,0.43010676030656025,0.43010676030655753,0.6173698230000505,3.0,False,0.382400878208456,1.5,OK
scaled,1.25,1.25,12.625,pss off,False,False,True,-0.17338692460616634,0,True,1.0,0.339675002134269,0.3396750021342664,0.5685466609504488,3.0,False,0.3097455325027522,0.5800000000000001,OK
scaled,1.25,1.5,12.625,pss off,False,False,True,-0.18651136142774163,0,True,1.0,0.2806485176216635,0.2806485176216635,0.5222263254346348,3.0,False,0.20898431529515943,0.54,OK
scaled,1.25,2.0,12.625,pss off,False,False,True,-0.1920398491497176,0,True,1.0,0.2568511952372991,0.2568511952372991,0.4502317001125642,3.0,False,0.20836692209372887,0.45999999999999996,OK
scaled,1.25,3.0,12.625,pss off,False,False,True,-0.13286435197223867,0,True,1.0,0.27908187806149876,0.27908187806149876,0.3654980554444315,2.0,False,0.265052704631078,0.4,OK
scaled,1.5,0.25,15.149999999999999,pss off,False,True,False,0.2483831367606813,1,False,,,,,,,,,BASE_UNSTABLE
scaled,1.5,0.5,15.149999999999999,pss off,False,True,False,0.10268961938606481,2,False,,,,,,,,,BASE_UNSTABLE
scaled,1.5,0.75,15.149999999999999,pss off,False,True,False,0.10862563810320522,1,False,,,,,,,,,BASE_UNSTABLE
scaled,1.5,1.0,15.149999999999999,pss off,False,True,False,-0.015188179291287912,0,True,1.0,0.5527258150073437,0.5527258150073437,0.6505600661692641,1.0,False,0.37025974941012774,1.5,OK
scaled,1.5,1.25,15.149999999999999,pss off,False,False,False,-0.15323113894288348,0,True,1.0,0.4879435148138599,0.4879435148138538,0.6072455262662979,2.0,False,0.38447043519275975,1.5,OK
scaled,1.5,1.5,15.149999999999999,pss off,False,False,False,-0.18475157668969266,0,True,1.0,0.4151886673714675,0.4151886673714675,0.566677596994082,3.0,False,0.3931153529088393,1.32,OK
scaled,1.5,2.0,15.149999999999999,pss off,False,False,False,-0.19425398281635955,0,True,1.0,0.3314539786742775,0.33145397867427445,0.49504217996562305,3.0,False,0.2516881251778822,0.52,OK
scaled,1.5,3.0,15.149999999999999,pss off,False,False,False,-0.1278557613879041,0,True,1.0,0.31181669545946894,0.3118166954594682,0.4021713436158761,2.0,False,0.26905929935859035,0.44,OK
scaled,2.0,0.25,20.2,pss off,True,True,False,0.3545871426561894,2,False,,,,,,,,,BASE_UNSTABLE
scaled,2.0,0.5,20.2,pss off,True,True,False,0.21056895076289633,2,False,,,,,,,,,BASE_UNSTABLE
scaled,2.0,0.75,20.2,pss off,True,True,False,0.17791812552953096,1,False,,,,,,,,,BASE_UNSTABLE
scaled,2.0,1.0,20.2,pss off,True,True,False,0.17254331716459267,1,False,,,,,,,,,BASE_UNSTABLE
scaled,2.0,1.25,20.2,pss off,True,False,False,0.07043163329751219,1,False,,,,,,,,,BASE_UNSTABLE
scaled,2.0,1.5,20.2,pss off,True,False,False,-0.14116758975074117,0,True,1.0,0.6177562780997085,0.617756278099707,0.6270096039179275,1.0,False,0.3773025528426256,1.5,OK
scaled,2.0,2.0,20.2,pss off,True,False,False,-0.2011298825133481,0,True,1.0,0.5088410393559477,0.5088410393559477,0.5645907460272552,2.0,False,0.393082065701955,1.32,OK
scaled,2.0,3.0,20.2,pss off,True,False,False,-0.11751090362266811,0,True,1.0,0.39292730169577506,0.39292730169577417,0.46661964825678937,2.0,False,0.29947346468339864,0.5,OK
scaled,2.5,0.25,25.25,pss off,True,True,False,0.4422190944058873,3,False,,,,,,,,,BASE_UNSTABLE
scaled,2.5,0.5,25.25,pss off,True,True,False,0.33317305060902913,2,False,,,,,,,,,BASE_UNSTABLE
scaled,2.5,0.75,25.25,pss off,True,True,False,0.17173603349046698,2,False,,,,,,,,,BASE_UNSTABLE
scaled,2.5,1.0,25.25,pss off,True,True,False,0.23321035523769626,1,False,,,,,,,,,BASE_UNSTABLE
scaled,2.5,1.25,25.25,pss off,True,False,False,0.22104047532186968,1,False,,,,,,,,,BASE_UNSTABLE
scaled,2.5,1.5,25.25,pss off,True,False,False,0.14194233332687925,1,False,,,,,,,,,BASE_UNSTABLE
scaled,2.5,2.0,25.25,pss off,True,False,False,-0.19289345580074577,0,True,1.0,0.6543729412277133,0.6543729412277133,0.6127662107251008,1.0,False,0.38108025354435,1.5,OK
scaled,2.5,3.0,25.25,pss off,True,False,False,-0.10534966340489936,0,True,1.0,0.4953107033383625,0.4953107033383625,0.520057435172001,2.0,False,0.3873766124756014,0.56,OK
scaled,3.0,0.25,30.299999999999997,pss off,True,True,False,0.5142562082551951,3,False,,,,,,,,,BASE_UNSTABLE
scaled,3.0,0.5,30.299999999999997,pss off,True,True,False,0.41475650001288744,3,False,,,,,,,,,BASE_UNSTABLE
scaled,3.0,0.75,30.299999999999997,pss off,True,True,False,0.26834544936993654,2,False,,,,,,,,,BASE_UNSTABLE
scaled,3.0,1.0,30.299999999999997,pss off,True,True,False,0.2334529738925243,2,False,,,,,,,,,BASE_UNSTABLE
scaled,3.0,1.25,30.299999999999997,pss off,True,False,False,0.2740707829863784,1,False,,,,,,,,,BASE_UNSTABLE
scaled,3.0,1.5,30.299999999999997,pss off,True,False,False,0.2582990148780363,1,False,,,,,,,,,BASE_UNSTABLE
scaled,3.0,2.0,30.299999999999997,pss off,True,False,False,0.08233882528868926,1,False,,,,,,,,,BASE_UNSTABLE
scaled,3.0,3.0,30.299999999999997,pss off,True,False,False,-0.08860502403175483,0,True,1.0,0.6021633158569559,0.6021633158569559,0.5626296111837019,1.0,False,0.3930518978473282,1.32,OK
scaled,4.0,0.25,40.4,pss off,True,True,False,0.6084302280744319,4,False,,,,,,,,,BASE_UNSTABLE
scaled,4.0,0.5,40.4,pss off,True,True,False,0.5663287862360181,4,False,,,,,,,,,BASE_UNSTABLE
scaled,4.0,0.75,40.4,pss off,True,True,False,0.4257701472896908,3,False,,,,,,,,,BASE_UNSTABLE
scaled,4.0,1.0,40.4,pss off,True,True,False,0.3021737468346466,2,False,,,,,,,,,BASE_UNSTABLE
scaled,4.0,1.25,40.4,pss off,True,False,False,0.2626261166405659,2,False,,,,,,,,,BASE_UNSTABLE
scaled,4.0,1.5,40.4,pss off,True,False,False,0.31379510604589184,1,False,,,,,,,,,BASE_UNSTABLE
scaled,4.0,2.0,40.4,pss off,True,False,False,0.310923087653396,1,False,,,,,,,,,BASE_UNSTABLE
scaled,4.0,3.0,40.4,pss off,True,False,False,0.02026632113938297,1,False,,,,,,,,,BASE_UNSTABLE
