subset,cardinality,alpha_perp_at_P4,frequency_hz_at_P4,alpha_at_root_frequency,closure_sigma_min_at_H4_root,nearest_Q_eigenvalue_to_minus_one_real,nearest_Q_eigenvalue_to_minus_one_imag,stable
BASE,0,-0.1441317795065167,0.6372036865469022,-0.1441317795065167,1.0,0.0,0.0,True
30,1,-0.15424459288482723,0.911184906714646,-0.15424459288482723,0.9999999999999997,-1.1366288162831117e-16,-1.0308677677091178e-18,True
33,1,-0.169626703898759,0.6497693746757227,-0.169626703898759,1.0,0.0,0.0,True
35,1,-0.1733927816226325,0.6554842615633499,-0.1733927816226325,0.9999999999999999,-1.1102230246251565e-16,0.0,True
37,1,-0.14799847659342535,0.6404872096673768,-0.14799847659342535,1.0,0.0,0.0,True
30+33,2,-0.18206711955522514,0.9173872463687045,-0.18206711955522514,0.5658561866151558,-0.23594068131092305,0.1461664141430135,True
30+35,2,-0.172549058611718,0.9132963880146453,-0.172549058611718,0.612395201488623,-0.2006722493445264,0.09861376759063827,True
30+37,2,-0.15107057436254634,0.9126830602413444,-0.15107057436254634,0.6905637951852408,-0.17995010951856394,-0.04431011677491898,True
33+35,2,-0.21400329633288956,0.9167937657334616,-0.21400329633288956,0.497944475929362,-0.34282839883019395,0.08263748298872353,True
33+37,2,-0.1767607442132625,0.6509010341907598,-0.1767607442132625,0.6501980525762945,-0.18180952845390322,0.07575606798611341,True
35+37,2,-0.1720681335705648,0.9136635346270856,-0.1720681335705648,0.7202131884978332,-0.15533006400975294,0.03967903508540884,True
30+33+35,3,-0.20468769022510608,0.9160191931206767,-0.20468769022510608,0.2945460505423897,-0.522470891459606,0.21663285934761553,True
30+33+37,3,-0.17550838172681743,0.9184995546540937,-0.17550838172681743,0.4055493070793436,-0.4071675545183239,0.18731608918941714,True
30+35+37,3,-0.16785578505773469,0.9146388447489397,-0.16785578505773469,0.4501784730835572,-0.37950087681721995,0.14286173940004884,True
33+35+37,3,-0.2030092263789386,0.917627273656061,-0.2030092263789386,0.3507228963765641,-0.4641616864504523,0.1328003502426518,True
