cond,split,sign_disagree,kendall,material
D01|-|-1|H4,discovery,0.06060606060606061,0.7468599033816427,False
D01|-|-1|V9,discovery,0.14285714285714285,0.7797101449275363,True
D03|-|-1|H4,discovery,0.23076923076923078,0.4917874396135266,True
D03|-|-1|V9,discovery,0.13636363636363635,0.8164251207729469,True
D08|-|-1|H4,discovery,0.0,0.6367149758454107,False
D08|-|-1|V9,discovery,0.1111111111111111,0.8260869565217391,True
D11|-|-1|H4,discovery,0.15384615384615385,0.540096618357488,True
D11|-|-1|V9,discovery,0.13043478260869565,0.8222222222222223,True
D14|-|-1|H4,discovery,0.23076923076923078,0.5265700483091788,True
D14|-|-1|V9,discovery,0.13043478260869565,0.8222222222222223,True
H01|-|-1|H4,holdout,0.125,0.6579710144927536,True
H01|-|-1|V9,holdout,0.13043478260869565,0.8183574879227054,True
H02|-|-1|H4,holdout,0.0,0.44347826086956527,True
H02|-|-1|V9,holdout,0.1,0.7816425120772947,True
H03|-|-1|H4,holdout,0.25,0.5053140096618358,True
H03|-|-1|V9,holdout,0.21951219512195122,0.6483091787439614,True
H04|-|-1|H4,holdout,0.2727272727272727,0.46086956521739136,True
H04|-|-1|V9,holdout,0.13636363636363635,0.8183574879227054,True
H05|-|-1|H4,holdout,0.045454545454545456,0.799033816425121,False
H05|-|-1|V9,holdout,0.36363636363636365,0.39516908212560387,True
H06|-|-1|H4,holdout,0.0,0.5671497584541063,True
H06|-|-1|V9,holdout,0.10869565217391304,0.7932367149758455,True
H07|-|-1|H4,holdout,0.1111111111111111,0.5555555555555556,True
H07|-|-1|V9,holdout,0.17391304347826086,0.799033816425121,True
H08|-|-1|H4,holdout,0.2,0.46666666666666673,True
H08|-|-1|V9,holdout,0.15555555555555556,0.8183574879227054,True
H09|-|-1|H4,holdout,0.0,0.5169082125603864,True
H09|-|-1|V9,holdout,0.08695652173913043,0.7855072463768117,False
H10|-|-1|H4,holdout,0.0,0.49371980676328503,True
H10|-|-1|V9,holdout,0.13333333333333333,0.8028985507246378,True
H11|-|-1|H4,holdout,0.0,0.4782608695652174,True
H11|-|-1|V9,holdout,0.1111111111111111,0.7932367149758455,True
H12|-|-1|V9,holdout,0.13636363636363635,0.7835748792270532,True
