phase,state,wall_s,n_tasks,n_errors,raw_files,store,updated,prereg_commit,environment
H01,COMPLETE,65.3,384,0,384,raw/H_H01,2026-09-12T21:13:39,05b507e3,"{""python"": ""3.13.14 (tags/v3.13.14:fd17997, Jun 10 2026, 13:03:48) [MSC v.1944 64 bit (AMD64)]"", ""numpy"": ""2.5.2"", ""scipy"": ""1.18.1"", ""pandas"": ""3.0.5""}"
H01e,COMPLETE,23.2,40,0,40,raw/H_H01e,2026-09-12T21:14:02,05b507e3,"{""python"": ""3.13.14 (tags/v3.13.14:fd17997, Jun 10 2026, 13:03:48) [MSC v.1944 64 bit (AMD64)]"", ""numpy"": ""2.5.2"", ""scipy"": ""1.18.1"", ""pandas"": ""3.0.5""}"
H06,COMPLETE,1286.3,440,0,440,raw/H_H06,2026-09-12T21:58:18,05b507e3,"{""python"": ""3.13.14 (tags/v3.13.14:fd17997, Jun 10 2026, 13:03:48) [MSC v.1944 64 bit (AMD64)]"", ""numpy"": ""2.5.2"", ""scipy"": ""1.18.1"", ""pandas"": ""3.0.5""}"
H08n,COMPLETE,81.5,96,0,96,raw/H_H08n,2026-09-12T21:21:12,05b507e3,"{""python"": ""3.13.14 (tags/v3.13.14:fd17997, Jun 10 2026, 13:03:48) [MSC v.1944 64 bit (AMD64)]"", ""numpy"": ""2.5.2"", ""scipy"": ""1.18.1"", ""pandas"": ""3.0.5""}"
H09,COMPLETE,64.9,101,0,101,raw/H_H09,2026-09-12T21:22:17,05b507e3,"{""python"": ""3.13.14 (tags/v3.13.14:fd17997, Jun 10 2026, 13:03:48) [MSC v.1944 64 bit (AMD64)]"", ""numpy"": ""2.5.2"", ""scipy"": ""1.18.1"", ""pandas"": ""3.0.5""}"
H12,COMPLETE,5.4,63,0,63,raw/H_H12,2026-09-12T21:22:22,05b507e3,"{""python"": ""3.13.14 (tags/v3.13.14:fd17997, Jun 10 2026, 13:03:48) [MSC v.1944 64 bit (AMD64)]"", ""numpy"": ""2.5.2"", ""scipy"": ""1.18.1"", ""pandas"": ""3.0.5""}"
H12b,COMPLETE,1.3,1,0,1,raw/H_H12b,2026-09-12T21:22:23,05b507e3,"{""python"": ""3.13.14 (tags/v3.13.14:fd17997, Jun 10 2026, 13:03:48) [MSC v.1944 64 bit (AMD64)]"", ""numpy"": ""2.5.2"", ""scipy"": ""1.18.1"", ""pandas"": ""3.0.5""}"
H14,COMPLETE,647.5,1312,0,1312,raw/H_H14,2026-09-12T21:33:11,05b507e3,"{""python"": ""3.13.14 (tags/v3.13.14:fd17997, Jun 10 2026, 13:03:48) [MSC v.1944 64 bit (AMD64)]"", ""numpy"": ""2.5.2"", ""scipy"": ""1.18.1"", ""pandas"": ""3.0.5""}"
H18c,COMPLETE,4.7,56,0,56,raw/H_H18c,2026-09-12T21:33:16,05b507e3,"{""python"": ""3.13.14 (tags/v3.13.14:fd17997, Jun 10 2026, 13:03:48) [MSC v.1944 64 bit (AMD64)]"", ""numpy"": ""2.5.2"", ""scipy"": ""1.18.1"", ""pandas"": ""3.0.5""}"
H10,COMPLETE,11948.4,7968,0,7968,raw/H_H10,2026-09-13T00:52:24,05b507e3,"{""python"": ""3.13.14 (tags/v3.13.14:fd17997, Jun 10 2026, 13:03:48) [MSC v.1944 64 bit (AMD64)]"", ""numpy"": ""2.5.2"", ""scipy"": ""1.18.1"", ""pandas"": ""3.0.5""}"
H17/H18 ALT-WECC,COMPLETE,,488,0,488,results/hardening/alt/cases,,05b507e3,"{""python"": ""3.13.14 (tags/v3.13.14:fd17997, Jun 10 2026, 13:03:48) [MSC v.1944 64 bit (AMD64)]"", ""numpy"": ""2.5.2"", ""scipy"": ""1.18.1"", ""pandas"": ""3.0.5""}"
