citation,year,venue,doi,problem,method,static/dynamic,node/link/portfolio,equilibrium re-solved?,policy-dependent?,contextual sign reversal?,fixed-ranking issue?,topology?,uncertainty?,closest overlap with our work,exact remaining gap,verified_via,topic
"Nemhauser, Wolsey, Fisher (1978). An analysis of approximations for maximizing submodular set functions - I",1978,Mathematical Programming 14(1):265-294,10.1007/BF01588971,Cardinality-constrained maximization of monotone submodular set functions,Worst-case analysis of greedy and interchange heuristics; (1-1/e) approximation guarantee for greedy under monotone submodularity,static,system,no,no,no,no,abstract set functions,no,Canonical justification for greedy/fixed-ranking placement: greedy is near-optimal only when the objective is monotone submodular,Guarantee is void when the objective is neither submodular nor supermodular (our alpha(S) has discrete second differences of both signs); says nothing about small-signal stability margins,https://api.crossref.org/works/10.1007/BF01588971,9
Topkis (1978). Minimizing a submodular function on a lattice,1978,Operations Research 26(2):305-321,10.1287/opre.26.2.305,Conditions under which optimal solutions of parametric problems are monotone (isotone) in the parameter; submodular minimization on lattices,Lattice-theoretic analysis; increasing differences / submodularity implies monotone comparative statics,static,system,no,no,no,no,abstract lattices,no,Explains when a fixed (context-free) ordering of choices can be optimal (consistent-sign differences); our sign-mixed second differences violate this premise,No dynamic-system or stability application,https://api.crossref.org/works/10.1287/opre.26.2.305,9
Lovász (1983). Submodular functions and convexity,1983,"In: Mathematical Programming The State of the Art, Springer Berlin Heidelberg, pp. 235-257",10.1007/978-3-642-68874-4_10,Structural link between submodular set functions and convex functions,Lovász extension: a set function is submodular iff its extension is convex; polyhedral characterization,static,system,no,no,no,no,abstract set functions,no,Provides the formal definition/test (non-positive vs non-negative second differences) we apply to alpha(S),Pure theory; no power-system or eigenvalue objective,https://api.crossref.org/works/10.1007/978-3-642-68874-4_10,9
Smed (1993). Feasible eigenvalue sensitivity for large power systems,1993,IEEE Transactions on Power Systems,10.1109/59.260827,Eigenvalue sensitivity for large systems without forming the dense reduced state matrix,"First-order eigenvalue sensitivity derived on the sparse (augmented DAE) formulation; effect of control actions (e.g., P/Q modulation) from one eigen-solution; HVDC damping design example",dynamic,node,unclear,no,no,no,no,no,Foundational sparse eigenvalue sensitivity that underlies computing dlambda/da on the augmented (network-explicit) model,Sensitivity to control actions only; no branch-admittance total derivative with re-solved power flow; no ranking validation against finite interventions; synchronous-machine era,https://api.crossref.org/works/10.1109/59.260827,4
Topkis (1998). Supermodularity and complementarity,1998,Princeton University Press (Frontiers of Economic Research),ISBN 978-0-691-03244-3 (hardcover); ebook DOI 10.1515/9781400822539,"Theory of supermodularity, complementarity and monotone comparative statics","Book-length treatment of supermodular functions on lattices, increasing differences, and monotone optimal solutions",static,system,no,no,no,no,abstract lattices,no,Standard reference for complementarity (supermodular) vs substitutability (submodular) between elements; our SG->GFL replacements act as complements in some contexts and substitutes in others,No power-system content,https://press.princeton.edu/books/hardcover/9780691032443/supermodularity-and-complementarity ; https://api.crossref.org/works/10.1515/9781400822539,9
"Nam, Kim, Shim et al. (2000). A new eigen-sensitivity theory of augmented matrix and its applications to power system stability analysis",2000,IEEE Transactions on Power Systems,10.1109/59.852145,First- and second-order eigenvalue sensitivity/perturbation of the augmented matrix for small-signal and voltage stability,"Second-order eigen-sensitivity using only the dominant eigenpair; applied to New England 39-bus: sensitivities of the dominant electromechanical mode to line reactance, exciter, governor and PSS parameters; for voltage stability, line-reactance sensitivities computed assuming bus voltages unchanged (frozen operating point) and compared with exact recomputation after re-running load flow (RQI) and with branch participation factors",both,link,unclear,yes,no,yes,yes,no,Same IEEE 39-bus; computes eigenvalue sensitivity to line reactance and ranks lines; compares frozen-operating-point estimates with load-flow-re-solved recomputation (voltage-stability part) and reports that line rankings differ from branch participation factor and change between base and critical loading,"Oscillatory-mode line sensitivities are partial (re-solution not stated); no total IFT derivative; no GFL converters or replacement portfolios; no rank-correlation test against finite reinforcements or against graph metrics (Fiedler, Kirchhoff, gSCR)",https://api.crossref.org/works/10.1109/59.852145,4;5
"Chung, Wang, Howell et al. (2004). Generation rescheduling methods to improve power transfer capability constrained by small-signal stability",2004,IEEE Transactions on Power Systems,10.1109/TPWRS.2003.820700,Maximize power transfer limited by poorly damped modes via generation rescheduling under contingencies,Small-signal stability index for security status and contingency screening; two sensitivity-based dispatch methods to reschedule generation subject to small-signal constraint under selected contingencies,dynamic,node,unclear,yes,no,no,yes,no,"Operating-point (dispatch) sensitivity of critical modes used to rank control actions, with contingencies (topology) considered","Control variable is generation dispatch, not branch admittance; method details of equilibrium coupling not verified from abstract; no IBR portfolios; no ranking validation vs static metrics",https://api.crossref.org/works?query.bibliographic=Generation+rescheduling+methods+to+improve+power+transfer+capability+constrained+by+small-signal+stability,4
Fujishige (2005). Submodular functions and optimization (2nd ed.),2005,"Annals of Discrete Mathematics, Vol. 58, Elsevier",ISBN 978-0-444-52086-9,"Comprehensive theory of submodular systems, base polyhedra and submodular optimization",Monograph (2nd ed. adds submodular function minimization and discrete convex analysis chapters),static,system,no,no,no,no,abstract set functions,no,Standard reference for definitions and algorithms of submodular optimization,No power-system content,https://api.crossref.org/works/10.1016/s0167-5060(05)80002-0 ; https://www.abebooks.com/9780444520869/Submodular-Functions-Optimization-Volume-Annals-0444520864/plp,9
"Cho, Song, Jang (2009). A new methodology for identification of critical lines using damping sensitivity analysis",2009,Electric Power Systems Research,10.1016/j.epsr.2008.08.006,Select critical interface lines for small-signal (interarea) stability,Damping sensitivity of the interarea mode with respect to changes in active power flow on interface lines (eigenvalue-sensitivity based) to rank critical lines for compensation,dynamic,link,unclear,no,no,no,no,no,Line-level ranking by eigenvalue (damping) sensitivity for oscillatory stability,"Sensitivity to line flow, not admittance scaling with re-solved equilibrium; no IBRs; no validation of ranking against finite line reinforcement or static metrics",https://api.crossref.org/works?query.bibliographic=A+new+methodology+for+identification+of+critical+lines+using+damping+sensitivity+analysis,5
"Gautam, Vittal, Harbour (2009). Impact of increased penetration of DFIG-based wind turbine generators on transient and small signal stability of power systems",2009,IEEE Transactions on Power Systems 24(3):1426-1434,10.1109/TPWRS.2009.2021234,Effect of increased DFIG wind penetration (displacing synchronous generation) on small-signal and transient stability,DFIGs mapped to equivalent round-rotor machines; eigenvalue sensitivity w.r.t. inertia; identifies modes affected detrimentally and beneficially; time-domain checks,both,node,unclear,unclear,unclear,no,large Midwestern U.S. system model,no,Foundational evidence that IBR penetration can help or hurt oscillatory modes (sign depends on the mode),"Sign is mode-dependent via inertia sensitivity, not shown to depend on the existing portfolio; DFIG era; no nested portfolios, set-function analysis or ranking",https://api.crossref.org/works/10.1109/TPWRS.2009.2021234 ; https://asu.elsevierpure.com/en/publications/impact-of-dfig-based-wind-turbine-generators-on-transient-and-sma/,8;10
Bach (2013). Learning with submodular functions: a convex optimization perspective,2013,Foundations and Trends in Machine Learning 6(2-3):145-373,10.1561/2200000039,Submodular function theory and optimization from a convex-analysis viewpoint,"Lovász extension, polyhedra, submodular minimization/maximization algorithms; applications incl. sensor placement and subset selection",static,system,no,no,no,no,abstract set functions,no,Accessible modern reference for testing/exploiting submodularity in placement problems,No stability-margin objectives; no treatment of set functions with mixed-sign curvature arising from dynamics,https://api.crossref.org/works/10.1561/2200000039,9
"Robak, Gryszpanowicz (2015). Rotor angle small signal stability assessment in transmission network expansion planning",2015,Electric Power Systems Research,10.1016/j.epsr.2015.07.003,Small-signal (rotor angle) assessment methods within transmission expansion planning,"Review/comparison of four assessment methods (eigenvalue and waveform-based) for planning studies, Polish power system experience",dynamic,system,no,no,no,no,yes,no,Places small-signal assessment inside network expansion planning,No sensitivity-based ranking of reinforcements; no IBRs; no portfolio-conditioned analysis,https://api.crossref.org/works?query.bibliographic=Rotor+angle+small+signal+stability+assessment+in+transmission+network+expansion+planning,7
"Saric, Stankovic (2015). Rapid small-signal stability assessment and enhancement following changes in topology",2015,IEEE Transactions on Power Systems,10.1109/TPWRS.2014.2342494,Dynamic topology optimization (branch on/off) respecting small-signal stability constraints,Fast updates of descriptor-form system matrices without full inversions; only critical (rightmost / damping-range) eigenvalues computed; quadratic optimization for generation re-dispatch to meet SSS constraints; medium and large real-world systems,dynamic,link,unclear,no,no,no,yes,no,Branch switching assessed through eigenvalues of the updated dynamic model,"Synchronous-machine systems; no sensitivity-based ranking of branch reinforcements, no portfolio conditioning, no comparison with static topology scores",https://api.crossref.org/works?query.bibliographic=Rapid+Small-Signal+Stability+Assessment+and+Enhancement+Following+Changes+in+Topology,6
"Coletta, Jacquod (2016). Linear stability and the Braess paradox in coupled-oscillator networks and electric power grids",2016,Physical Review E,10.1103/PhysRevE.93.032222,Effect of adding a line/coupling on linear stability of the synchronous state,Perturbative analysis of the stability matrix of Kuramoto-like/swing networks; new line can enhance or reduce linear stability and increase or decrease flows depending on location,dynamic,link,yes,no,yes,no,yes,no,Shows that adding (strengthening) a line can decrease small-signal stability depending on location and flows - consistent with our finding that doublings can create incompatibilities,"Oscillator (swing) models without converters or controls; sign depends on location/flows, not on replacement portfolio; no sensitivity-vs-finite ranking evaluation; not a power engineering venue",https://api.crossref.org/works/10.1103/PhysRevE.93.032222,5;6; 8
"Mendoza-Armenta, Dobson (2016). Applying a formula for generator redispatch to damp interarea oscillations using synchrophasors",2016,IEEE Transactions on Power Systems,10.1109/TPWRS.2015.2485519,Rank generator pairs for redispatch to damp a poorly damped interarea mode,"Analytic first-order formula for d(lambda) under redispatch expressed through the induced changes of line angle differences and load voltages (i.e., through the change of equilibrium), line power flows and mode shape; terms estimated from state estimator and PMUs; New England 10-generator system",dynamic,mixed,yes,yes,no,no,no,no,Explicit operating-point-induced (re-equilibrated) eigenvalue sensitivity; the formula decomposes the effect line by line through angle changes across lines and ranks candidate actions,"Parameter is dispatch, not branch admittance; lossless lines and constant internal voltages (swing-equation generators); no converters, no nested portfolios, no comparison with frozen partial or static topology metrics",https://api.crossref.org/works?query.bibliographic=Applying+a+formula+for+generator+redispatch+to+damp+interarea+oscillations+using+synchrophasors,4
"Summers, Cortesi, Lygeros (2016). On submodularity and controllability in complex dynamical networks",2016,"IEEE Transactions on Control of Network Systems 3(1):91-101 (Corrections: TCNS 5(3):1503, 2018, doi 10.1109/TCNS.2017.2670506)",10.1109/TCNS.2015.2453711,Actuator/sensor placement maximizing Gramian-based controllability/observability metrics,Shows several Gramian metrics are modular or submodular set functions; greedy placement; example of power-electronic actuator placement in a European grid model. A published correction (2018) amends part of the submodularity claims (cf. Olshevsky 2018),dynamic,node,no,no,no,no,random networks; European grid model,no,Closest control-theory precedent for treating a placement set function on a linear dynamical network; power-grid example,"Metrics are Gramian energy measures of a fixed linear model, not the rightmost eigenvalue of a re-linearized system after re-solving equilibrium; no SG->GFL replacement, no sign reversal of marginal effects; the correction shows submodularity claims are fragile",https://api.crossref.org/works/10.1109/TCNS.2015.2453711 ; https://api.crossref.org/works/10.1109/TCNS.2017.2670506,9
"Khaji, Aghamohammadi (2017). Emergency transmission line switching to suppress power system inter-area oscillation",2017,International Journal of Electrical Power & Energy Systems,10.1016/j.ijepes.2016.10.011,Emergency damping control of interarea oscillations by line switching,Off-line sensitivity of interarea damping ratio with respect to each line switching used as a priority list; WAMS-based brittleness index for timing,dynamic,link,unclear,no,no,no,yes,no,Ranks lines by their effect on interarea damping (line switching as damping control),"Relies on a precomputed (fixed) priority list, which is exactly the type of fixed ranking we show can fail across contexts; no IBRs; no total sensitivity or static-metric comparison",https://api.crossref.org/works?query.bibliographic=Emergency+transmission+line+switching+to+suppress+power+system+inter-area+oscillation,6
"Li, Qi, Wang et al. (2017). An SQP method combined with gradient sampling for small-signal stability constrained OPF",2017,IEEE Transactions on Power Systems,10.1109/TPWRS.2016.2598266,Small-signal-stability-constrained OPF with nonsmooth spectral abscissa,"SQP with gradient sampling; closed-form first-order eigenvalue sensitivities d(lambda)/dx = psi (dA/dx) phi / psi phi with dA/dx via the DAE blocks (A~,B~,C~,D~); power-flow equations kept as OPF equality constraints so every iterate is a re-solved equilibrium",dynamic,system,yes,yes,no,no,no,no,Uses eigenvalue sensitivity through the DAE (algebraic network) blocks inside an optimization that re-solves the equilibrium; spectral abscissa is the rightmost-eigenvalue metric we also track,"Decision variables are dispatch/voltages, not network admittances; no topology, no IBRs; no assessment of how well sensitivities rank finite interventions",https://api.crossref.org/works/10.1109/TPWRS.2016.2598266,4;7
"Ebrahimzadeh, Blaabjerg, Wang, et al. (2018). Bus Participation Factor Analysis for Harmonic Instability in Power Electronics Based Power Systems",2018,IEEE Transactions on Power Electronics 33(12):10341-10351,10.1109/TPEL.2018.2803846,Locate which converters and buses are most sensitive to and contribute most to harmonic instability.,System cast as MIMO dynamic admittance matrix; bus participation factors from oscillatory-mode sensitivity to elements of the MIMO transfer matrix; PSCAD simulations of a 400-MW wind farm.,dynamic,node,no,no,no,no,yes,no,Node/bus criticality defined via mode sensitivity for converter-driven oscillations.,"Harmonic (high-frequency) instability inside a wind farm, not 0.1-2 Hz electromechanical modes; no replacement portfolios, sign reversal, or line ranking vs finite interventions.",https://api.crossref.org/works/10.1109/TPEL.2018.2803846,3
"Li, Chiang, Du (2018). Online line switching method for enhancing the small-signal stability margin of power systems",2018,IEEE Transactions on Smart Grid,10.1109/TSG.2017.2656885,Line switching to increase small-signal stability margin when injections shift,"Three-stage online method: screening, ranking, detailed evaluation of candidate line switchings; IEEE test systems",dynamic,link,unclear,yes,no,no,yes,no,Topology action ranked for small-signal margin with operating-point-dependent need,Synchronous-machine systems; ranking accuracy vs finite re-solved outcomes and static metrics not reported in abstract; no GFL portfolios,https://api.crossref.org/works?query.bibliographic=Online+Line+Switching+Method+for+Enhancing+the+Small-Signal+Stability+Margin+of+Power+Systems,6
Olshevsky (2018). On (non)supermodularity of average control energy,2018,IEEE Transactions on Control of Network Systems 5(3):1177-1181,10.1109/TCNS.2017.2691463,Whether average control energy (trace of inverse Gramian) is supermodular in the actuated set,"Proof that the function is not necessarily supermodular, correcting prior literature",dynamic,node,no,no,no,no,generic linear systems,no,Precedent that natural dynamic performance set functions can fail modularity assumptions; supports our non-sub/non-supermodularity finding,"Energy metric, not an eigenvalue stability margin; no power-system equilibrium re-solution, no IBR replacement, no quantification of greedy/fixed-ranking failure rates",https://api.crossref.org/works/10.1109/TCNS.2017.2691463,9
"Song, Hill, Liu (2018). Network-Based Analysis of Small-Disturbance Angle Stability of Power Systems",2018,IEEE Transactions on Control of Network Systems 5(3):901-912,10.1109/TCNS.2017.2654162,Role of network topology in small-disturbance angle stability; mechanism of instability.,Active power flow graph whose Laplacian weights depend on operating angles (negative weights = critical lines); inertia of that Laplacian determines stability/type of equilibrium; necessary-and-sufficient criterion via critical-line matrix; equivalent weight ('electrical antagonism') as stability index.,both,link,yes,no,yes,no,yes,no,Operating-point-dependent graph Laplacian in which a line's contribution can change sign (critical lines). This is the structural analogue of the contextual sign reversal we find.,"Classical SG swing-equation model with no converters or GFL; the sign change is of an edge weight with operating angle, not of a generator replacement's marginal effect across portfolios. No ranking validation against finite interventions.",https://api.crossref.org/works/10.1109/TCNS.2017.2654162,11
"Wu, Li, Javadi, et al. (2018). Assessing Impact of Renewable Energy Integration on System Strength Using Site-Dependent Short Circuit Ratio",2018,IEEE Transactions on Sustainable Energy 9(3):1072-1080,10.1109/TSTE.2017.2764871,Existing SCR-based strength indices ignore electrical interactions among multiple renewable sites.,Site-dependent SCR (SDSCR) derived from the relationship between system strength and voltage stability; IEEE 39-bus case studies.,static,node,no,no,no,no,yes,no,Site-dependent (node) strength metric on the IEEE 39-bus system; the kind of static node metric we benchmark against.,"Static voltage-stability index; no small-signal eigenvalue, no replacement portfolios or sign analysis, no line ranking validated against finite reinforcements.",https://api.crossref.org/works/10.1109/TSTE.2017.2764871,1;2
"Dong, Xin, Wu, et al. (2019). Small Signal Stability Analysis of Multi-Infeed Power Electronic Systems Based on Grid Strength Assessment",2019,IEEE Transactions on Power Systems 34(2):1393-1403,10.1109/TPWRS.2018.2875305,"Relate small-signal stability of multi-infeed power-electronic systems to grid strength; generalize SCR/CSCR to multi-infeed (gSCR, CgSCR).",Analytical SCR-stability relation for single infeed; extension by eigenvalue decomposition (modal decoupling) of the capacity-weighted Kron-reduced network matrix under homogeneous devices; checked by eigenvalue analysis and time-domain simulation.,both,system,no,no,no,no,yes,no,"Defines gSCR, one of our static baselines; the smallest eigenvalue of the weighted network matrix sets the PLL-band margin.","Single system-level index at rated conditions with homogeneous GFL devices and no synchronous-machine electromechanical modes; does not compute per-replacement marginal effects, sign changes across portfolios, or line-reinforcement rankings checked against finite interventions.",https://api.crossref.org/works/10.1109/TPWRS.2018.2875305,2; 8
"Li, Li, Shi et al. (2019). An efficient numerical method for computing eigenvalue sensitivity with respect to operational parameters of large-scale power systems",2019,Electric Power Systems Research,10.1016/j.epsr.2019.04.037,"Efficient eigenvalue sensitivity with respect to operational parameters (generator P/Q, loads, bus voltages)",Numerical perturbation method that re-solves perturbed power flow (reusing LU factorization) and recomputes critical eigenvalues; accuracy vs perturbation size discussed,dynamic,node,yes,no,no,no,no,no,Explicitly includes operating-point change (perturbed power flow) in eigenvalue sensitivity - the re-equilibration ingredient of our total sensitivity,"Operational (injection/voltage) parameters only; no branch admittance, no analytic IFT form, no IBR portfolios, no ranking validation against finite interventions or static metrics",https://api.crossref.org/works?query.bibliographic=An+efficient+numerical+method+for+computing+eigenvalue+sensitivity+with+respect+to+operational+parameters+of+large-scale+power+systems,4
"Liu, Clark, Bushnell et al. (2019). Controlled islanding via weak submodularity",2019,IEEE Transactions on Power Systems 34(3):1858-1868,10.1109/TPWRS.2018.2881163,Selecting transmission lines to trip for controlled islanding (generator non-coherency + load-generation imbalance),Relaxation to an objective with bounded submodularity ratio under a matroid constraint; approximation algorithm with provable bound,both,link,unclear,no,no,no,IEEE 39-bus; IEEE 118-bus,no,TPWRS precedent for using weak submodularity (submodularity ratio) on IEEE 39-bus set-selection problems,"Line-set islanding objective, not small-signal eigenvalue under SG->GFL replacement; no test of sign-mixed second differences or fixed-ranking failure",https://api.crossref.org/works/10.1109/TPWRS.2018.2881163,9
"Poolla, Groß, Dörfler (2019). Placement and implementation of grid-forming and grid-following virtual inertia and fast frequency response",2019,IEEE Transactions on Power Systems 34(4):3035-3046,10.1109/TPWRS.2019.2892290,Optimal location and tuning of GFM and GFL virtual inertia/fast frequency response devices,H2-norm performance metric on linearized model; non-convex optimization with gradients computed via Lyapunov equations,dynamic,node,unclear,yes,no,no,South-East Australian system (selected SGs replaced by constant-power sources),no,Placement of GFM vs GFL devices; optimal allocation depends on implementation (GFM vs GFL),"Continuous allocation of inertia/damping gains with H2 (frequency) objective, not discrete SG->GFL replacement with rightmost-eigenvalue margin; no set-function curvature analysis",https://api.crossref.org/works/10.1109/TPWRS.2019.2892290 ; https://arxiv.org/abs/1807.01942,10
"Qin, Yang, Rajagopal (2019). Submodularity of storage placement optimization in power networks",2019,IEEE Transactions on Automatic Control 64(8):3268-3283,10.1109/TAC.2018.2882489,Placement of energy storage in a power network with optimal storage control to minimize system cost,Duality/polyhedral analysis of parametric economic dispatch; tight condition for submodularity of placement value; modified greedy (1-1/e) when verified; risk-aware extension,static,portfolio,yes,no,no,no,transmission networks (economic dispatch),yes,"Power-system placement set function whose submodularity is condition-dependent (spatiotemporal congestion pattern critical), i.e., structure depends on operating context","Economic (cost) objective with steady-state dispatch; no small-signal dynamics, no IBR/SG replacement or controller gains",https://api.crossref.org/works/10.1109/TAC.2018.2882489,9
"Summers, Kamgarpour (2019). Performance guarantees for greedy maximization of non-submodular controllability metrics",2019,"2019 18th European Control Conference (ECC), pp. 2796-2801",10.23919/ECC.2019.8795800,"Greedy actuator/sensor selection when Gramian metrics (e.g., minimum eigenvalue) are not submodular",Bounds via submodularity ratio and curvature for non-submodular set functions,dynamic,node,no,no,no,no,generic networks,no,Directly addresses greedy selection when submodularity fails; submodularity ratio/curvature are natural diagnostics for our alpha(S),"Conference paper; Gramian metrics, not rightmost eigenvalue; no SG->GFL replacement, no controller-policy dependence, no evidence of sign reversal of marginal gains",https://api.crossref.org/works/10.23919/ECC.2019.8795800,9
"Han, Hill (2020). H2-norm transmission switching to improve synchronism of low-inertia power grids",2020,IFAC-PapersOnLine,10.1016/j.ifacol.2020.12.161,Transmission switching to improve synchronization performance of low-inertia grids,H2-norm synchronization metric with Laplacian-based bounds; sensitivity of the H2 metric to network susceptance perturbations to select candidate lines; SciGRID Germany,dynamic,link,no,no,no,no,yes,no,Uses susceptance sensitivity of a dynamic performance metric to pick lines to switch,"H2 performance of simplified swing/Laplacian model, not rightmost eigenvalue with converter controls; no re-solved equilibrium; no portfolio dependence",https://api.crossref.org/works?query.bibliographic=H2-norm+transmission+switching+to+improve+synchronism+of+low-inertia+power+grids,6
"Markovic, Stanojev, Aristidou, et al. (2021). Understanding Small-Signal Stability of Low-Inertia Systems",2021,IEEE Transactions on Power Systems 36(5):3997-4017,10.1109/TPWRS.2021.3061434,"Stability properties of low-inertia systems with SGs, GFM and GFL converters; maximum permissible IBR penetration.","High-fidelity full-order model incl. line and load dynamics; modal analysis, participation factors, parameter sensitivity; nature of unstable modes; directions for improving margins under different generation portfolios on several benchmark systems.",dynamic,portfolio,unclear,yes,unclear,no,unclear,no,Replaces SGs with converter-based generation across generation portfolios and uses participation factors to find vulnerable segments; closest system-level precursor to (i).,"Per the abstract, results are organized by penetration level and portfolio type. It does not report sign reversal of the same unit's replacement across (nested) stable portfolios on a tracked electromechanical mode, oracle fixed-ranking failure rates, or line-reinforcement ranking.",https://api.crossref.org/works/10.1109/TPWRS.2021.3061434,3; 8;10
"Yang, Huang, Xin, et al. (2021). Placing Grid-Forming Converters to Enhance Small Signal Stability of PLL-Integrated Power Systems",2021,IEEE Transactions on Power Systems 36(4):3563-3573,10.1109/TPWRS.2020.3042741,Where to convert PLL-based converters to grid-forming control to best improve PLL-band small-signal stability.,Matrix perturbation theory shows GFM placement is equivalent to increasing gSCR. Placement maximizes the smallest eigenvalue of the capacity-weighted Kron-reduced Laplacian with GFM rows/columns deleted (combinatorial). A greedy heuristic recomputes node participation factors on the smallest eigenvalue after each placement. Two-area and modified 39-bus systems.,both,portfolio,no,yes,no,no,yes,no,"Closest to (i)-(ii): subset selection of converter conversions on a 39-bus system, node participation ranking on a Laplacian eigenvalue, and sequential (context-updated) greedy selection; the authors note greedy is not guaranteed optimal.","Under their homogeneous-PLL, static-Laplacian model with no SG dynamics, Proposition III.4 (interlacing) makes every PLL-to-GFM conversion stabilizing, so sign reversal is impossible by construction. They do not quantify fixed-ranking failure rates across stable contexts and do not use re-equilibrated full-system eigenvalue sensitivities.",https://api.crossref.org/works/10.1109/TPWRS.2020.3042741,11;2; 7; 8;9;10
"Huang, Xin, Dong, et al. (2022). Impacts of Grid Structure on PLL-Synchronization Stability of Converter-Integrated Power Systems",2022,IFAC-PapersOnLine 55(13):264-269,10.1016/j.ifacol.2022.07.270,How grid structure affects PLL-synchronization stability of multi-converter systems.,"Kron reduction to converter nodes; modal decoupling (homogeneous converters, uniform R/L, constant-current loads, infinite bus); smallest eigenvalue of the grounded Kron-reduced Laplacian sets the margin; closed-form sensitivity of that eigenvalue to line susceptance B_ij (effective-resistance form); guidelines on PLL retuning, converter placement, reinforcing weak connections; 39-bus.",both,link,no,no,no,no,yes,no,"Closest peer-reviewed precursor of (iii): line-level sensitivity used to choose which weak connection to reinforce for converter small-signal margin, on a 39-bus network.","The sensitivity is of a static network eigenvalue, not the re-equilibrated (implicit-function) total derivative of the full-system rightmost eigenvalue. The model has no SGs or electromechanical modes, and the smallest eigenvalue is stated to be monotone in network connectivity (reinforcement never hurts). Rankings are not scored against finite reinforcements or against alternative static metrics.",https://api.crossref.org/works/10.1016/j.ifacol.2022.07.270,11; 5;7
"Schafer, Pesch, Manik, et al. (2022). Understanding Braess' Paradox in power grids",2022,Nature Communications 13,10.1038/s41467-022-32917-6,Adding lines or increasing line capacity can reduce grid performance (Braess' paradox) in realistic grids.,Experimental AC grid demonstration plus a topological (flow/cycle-based) theory predicting Braessian edges from network structure; implications for grid-extension planning.,static,link,yes,no,yes,unclear,yes,no,"Shows the sign of a link reinforcement's effect depends on the network/flow context, which motivates scoring finite reinforcements rather than assuming monotone benefit.","Steady-state line loading, not small-signal eigenvalues or IBR/GFL dynamics; no generator replacement portfolios, no eigenvalue-sensitivity ranking or static-metric comparison for small-signal stability.",https://api.crossref.org/works/10.1038/s41467-022-32917-6,11
"Zhu, Gu, Li, et al. (2022). Participation Analysis in Impedance Models: The Grey-Box Approach for Power System Stability",2022,IEEE Transactions on Power Systems 37(1):343-353,10.1109/TPWRS.2021.3088345,Root-cause tracing of small-signal instability without full disclosure of IBR internal models.,Impedance participation factor defined as the residue of the whole-system admittance matrix and proved equal to the eigenvalue sensitivity with respect to apparatus impedance; chain rule to state and parameter participation; three-layer grey-box approach.,dynamic,node,no,no,no,no,yes,no,Apparatus-level eigenvalue sensitivity as a criticality measure; conceptual parent of node-level eigenvalue-sensitivity rankings.,"First-order local sensitivity at a fixed operating point and portfolio (apparatus impedances not re-equilibrated). It does not study discrete SG-to-GFL replacements, sign changes of their effect across portfolios, or whether any fixed ranking selects the best next replacement.",https://api.crossref.org/works/10.1109/TPWRS.2021.3088345,3; 5
"Gu, Green (2023). Power System Stability With a High Penetration of Inverter-Based Resources",2023,Proceedings of the IEEE 111(7):832-853,10.1109/JPROC.2022.3179826,"How IBR dynamics fit or break classical stability categories; GFL vs GFM synchronization, inertia and voltage strength.",Review and analysis; GFL/GFM duality and generalized angle dynamics; discussion of system strength and GFM placement; research agenda.,both,system,no,unclear,no,no,unclear,no,Calls for spatial-temporal indices of system strength and stability margin to guide where new stability services go. Our portfolio-conditioned indices address this agenda item.,"Review. No quantitative portfolio-conditioned marginal analysis, no sign-reversal evidence, no ranking evaluation against finite interventions.",https://api.crossref.org/works/10.1109/JPROC.2022.3179826,1;2;3
"Li, Green, Gu (2023). The intrinsic communication in power systems: a new perspective to understand synchronization stability",2023,IEEE Transactions on Circuits and Systems I: Regular Papers 70(11):4615-4626,10.1109/TCSI.2023.3303644,Synchronization stability of mixed voltage-source (SG/GFM) and current-source (GFL) grids,Power-communication isomorphism; critical eigenvalue of a network-apparatus matrix; participation analysis; EMT simulation,dynamic,portfolio,yes,unclear,yes,no,modified IEEE 68-bus,no,"Reports a context-dependent sign flip: 100% GFL grid stable, adding one SG destabilizes it, adding further SGs at influential nodes restores stability (marginal effect of the same unit type depends on the existing portfolio)","Five hand-picked cases on 68-bus; adds SGs to a GFL grid rather than SG->GFL retirement; no systematic nested-portfolio marginals, set-function curvature, or ranking evaluation (case details read from arXiv v4, March 2023)",https://api.crossref.org/works/10.1109/TCSI.2023.3303644 ; https://arxiv.org/abs/2103.16608,8
"Ma, Xin, Li, et al. (2023). Characterizing the Role of Complex Power in Small-Signal Synchronization Stability of Multi-Converter Power Systems",2023,arXiv preprint (v2 2024-02-14); arXiv only - no peer-reviewed version found in Crossref,arXiv:2312.17528 (arXiv only),Characterize how each converter's active/reactive power affects PLL-band small-signal synchronization stability in multi-converter systems.,Stability indicator quantifying the margin across operating conditions; the 'resultant force' of complex power on the margin expressed as a weighted sum; separate active/reactive effects; cancellation between active power generation and consumption; simulation validation.,both,mixed,unclear,no,no,no,yes,no,"Operating-point (injection) dependence of each converter's contribution to the network-strength margin, decomposed additively.","Preprint. GFL/PLL band only with no SGs. The additive weighted form implies a fixed-sign contribution per injection type, the opposite of contextual sign reversal. No replacement portfolios or line ranking.",https://arxiv.org/abs/2312.17528,2
"Stanojev, Markovic, Aristidou et al. (2023). Improving stability of low-inertia systems using virtual induction machine synchronization for grid-following converters",2023,IEEE Transactions on Power Systems 38(3):2290-2303,10.1109/TPWRS.2022.3187789,PLL-free (virtual induction machine) synchronization for GFL converters and its effect on permissible IBR penetration,Index-1 DAE small-signal model; EMT simulation; IEEE 39-bus scenarios replacing SGs by GFL converters one node at a time in fixed index order (PLL vs VIM),dynamic,portfolio,yes,yes,no,unclear,3-bus; IEEE 39-bus,no,"Closest setup: nested SG->GFL replacement on IEEE 39-bus with the stable range depending on GFL synchronization policy (PLL up to about 70%, VIM up to about 85%); authors remark that percentages change slightly with different permutations of the portfolio","Single fixed replacement order; permutation dependence only remarked, not quantified; no marginal eigenvalue shifts, sign reversal, set-function curvature or ranking analysis (39-bus details read from arXiv v2, June 2022)",https://api.crossref.org/works/10.1109/TPWRS.2022.3187789 ; https://arxiv.org/abs/2110.05568,8;10
"Yao, Roy, Mathieu (2023). Using demand response to improve power system small-signal stability",2023,"Sustainable Energy, Grids and Networks",10.1016/j.segan.2023.101214,Shift responsive load between buses (constant total) to improve smallest damping ratio / small-signal metrics,"Iterative linear programming with generalized eigenvalue sensitivities over dynamic and algebraic states, linearized power-flow constraints linking load shifts to equilibrium changes; AC power flow re-solved after each LP step; IEEE 14-bus",dynamic,node,yes,yes,no,no,no,no,"Chain-rule eigenvalue sensitivity through algebraic (power-flow) states, i.e., a re-equilibrated sensitivity used to select node-level actions",Load-shift parameters rather than branch admittances; no converters or replacement portfolios; no explicit accuracy/ranking comparison vs finite re-solved interventions or static metrics,https://api.crossref.org/works/10.1016/j.segan.2023.101214,4
"Zhou, Xin, Wu, et al. (2023). Small-Signal Stability Assessment of Heterogeneous Grid-Following Converter Power Systems Based on Grid Strength Analysis",2023,IEEE Transactions on Power Systems 38(3):2566-2579,10.1109/TPWRS.2022.3183005,Assess small-signal stability of heterogeneous multi-GFL systems (different controls/parameters) through grid strength.,"Proves a heterogeneous multi-GFL system can be characterized by an equivalent homogeneous one, decouples it into subsystems, and estimates stability and margin via gSCR/CgSCR; modal analysis and EMT on two test systems and a practical system.",both,system,no,no,no,no,yes,no,Extends gSCR to heterogeneous GFL fleets; estimates the network-strength margin without a full eigenanalysis.,"System-level PLL-band margin only; no SG-to-GFL replacement portfolios, no tracked electromechanical mode, no analysis of the sign of marginal replacement effects, no line ranking validated against finite reinforcements.",https://api.crossref.org/works/10.1109/TPWRS.2022.3183005,2
"Zhu, Gu, Li, et al. (2023). Impedance-Based Root-Cause Analysis: Comparative Study of Impedance Models and Calculation of Eigenvalue Sensitivity",2023,IEEE Transactions on Power Systems 38(2):1642-1654,10.1109/TPWRS.2022.3179143,"Complete theory of impedance-based root-cause analysis, including sensitivities to series-connected (branch) components missing from whole-system participation factors.","Formal relations between nodal-admittance (critical admittance-eigenvalue sensitivity) and whole-system impedance models; eigenvalue sensitivity to components and parameters including series elements; three-node network, modified IEEE 14-bus, NETS-NYPS 68-bus.",dynamic,mixed,unclear,no,no,no,yes,no,Closest peer-reviewed work to (iii): eigenvalue sensitivity with respect to network branch elements for tuning IBR-rich systems.,"The abstract describes no re-solution of the power-flow equilibrium when a branch changes (apparatus impedance models appear held fixed). Line rankings are not validated against finite reinforcements or compared with static metrics (|P| flow, SCR/gSCR, Fiedler, effective resistance), and there is no portfolio conditioning.",https://api.crossref.org/works/10.1109/TPWRS.2022.3179143,3; 5
"Henderson, Egea-Alvarez, Kneuppel, et al. (2024). Grid Strength Impedance Metric: An Alternative to SCR for Evaluating System Strength in Converter Dominated Systems",2024,IEEE Transactions on Power Delivery 39(1):386-396,10.1109/TPWRD.2022.3233455,SCR does not represent IBR behaviour and only covers the fundamental frequency; need a frequency-dependent strength metric.,Grid Strength Impedance Metric computed from network impedances plus MIMO output impedances of GFL/GFM converters across frequency; time-domain validation; mainly short-term voltage stability.,both,node,no,unclear,no,no,yes,no,Explicit critique of SCR; shows location strength depends on which device types (GFL vs GFM) are deployed.,"Location-strength metric, not an eigenvalue sensitivity; no signed marginal effect of SG-to-GFL replacement across portfolios, no electromechanical-mode tracking, no line-reinforcement ranking versus finite interventions.",https://api.crossref.org/works/10.1109/TPWRD.2022.3233455,1;2
"Huang, Wang, Wang, et al. (2024). Gain and Phase: Decentralized Stability Conditions for Power Electronics-Dominated Power Systems",2024,IEEE Transactions on Power Systems 39(6):7240-7256,10.1109/TPWRS.2024.3380528,"Scalable, decentralized small-signal stability conditions for heterogeneous multi-converter systems (GFL, GFM, SG).","Combination of small-gain and small-phase theorems comparing each device's dynamics with network dynamics in an open-loop, decentralized way; less conservative than passivity-based conditions.",dynamic,system,no,no,no,no,yes,no,"Network-based certificates for mixed GFL/GFM/SG systems, the same device classes as our portfolios.","Sufficient per-device certificates at a given operating point. They give neither the signed marginal effect of a replacement nor its dependence on the rest of the portfolio, and no line ranking against finite interventions.",https://api.crossref.org/works/10.1109/TPWRS.2024.3380528,11
"Liu, Xin, Wu, et al. (2024). Generalized Operational Short-Circuit Ratio for Grid Strength Assessment in Power Systems With High Renewable Penetration",2024,IEEE Transactions on Power Systems 39(4):5479-5494,10.1109/TPWRS.2023.3340158,gSCR/CgSCR fail under actual (non-rated) operating conditions of multi-converter systems; need an operating-condition-aware strength index.,Multi-time-scale analysis of PLL-dominated dynamics; transformation into simple subsystems; defines gOSCR and CgOSCR using actual terminal voltages and power outputs; usable with black-box converters; modified IEEE 39-bus and a practical wind-rich system.,both,system,no,no,no,no,yes,unclear,The gSCR line itself concedes that rated-condition strength indices mis-identify stability once the operating point changes. This supports our claim that static indices are context-blind.,"Operating-point-aware but still one system index for the PLL band. It is not an intervention sensitivity (no re-equilibrated derivative with respect to replacements or branch admittances), has no SG electromechanical modes, and has no portfolio-conditioned sign or ranking analysis.",https://api.crossref.org/works/10.1109/TPWRS.2023.3340158,2
"Ma, Xin, Wu, et al. (2024). Assessing Small-Signal Grid Strength of 100% Inverter-Based Power Systems",2024,IEEE Transactions on Power Delivery 39(5):2784-2796,10.1109/TPWRD.2024.3432582,Existing grid strength methods assume SG voltage support and are invalid for 100% IBR systems with GFL and GFM inverters.,Multi-inverter small-signal model; grid-strength index with an analytically derived threshold; analytical expression for the impacts of GFL and GFM inverters on the stability boundary; modified IEEE 39-bus.,both,system,no,unclear,no,no,yes,no,Same 39-bus test bed; shows the GFL/GFM device mix shifts the stability boundary.,"No synchronous machines (100% IBR), so no SG-to-GFL replacement or electromechanical-mode tracking; no per-unit marginal effects or sign reversal across portfolios; no line-ranking evaluation.",https://api.crossref.org/works/10.1109/TPWRD.2024.3432582,2
"Yu, Xu, Sun, et al. (2024). Multiple Renewable Short-Circuit Ratio for Assessing Weak System Strength with Inverter-Based Resources",2024,CSEE Journal of Power and Energy Systems 10(6):2271-2282,10.17775/CSEEJPES.2023.10060,"Identify weak-system status with widely distributed, low-capacity IBRs.","Multiple renewable SCR (MRSCR) and its voltage-based critical value (CMRSCR) from a single-infeed equivalent with multiple renewables, linking strength to voltage fluctuation under power variation; implemented in Chinese engineering software.",static,node,no,no,no,no,unclear,no,Utility-grade SCR-family weakness index; the class of static metric our results challenge for small-signal decisions.,"Static voltage-based index. It does not address small-signal eigenvalues, portfolio-conditioned sign of replacement effects, or line ranking against finite reinforcements.",https://api.crossref.org/works/10.17775/CSEEJPES.2023.10060,1;2
"Chu, Teng (2025). Coordinated planning for stability enhancement in high IBR-penetrated systems",2025,IEEE Transactions on Sustainable Energy,10.1109/TSTE.2024.3480456,Co-planning synchronous condensers and GFM IBRs for system strength and short-circuit current,"Analytically derived system-strength and SCC constraints, linearized via data-driven approach, embedded in planning optimization",static,node,no,no,no,no,no,no,Stability-constrained planning in IBR-rich transmission systems,"Strength-type (static) constraints; resources are SCs/GFM only, no transmission-line decisions; no eigenvalue total sensitivity or validation of rankings against finite dynamic outcomes",https://api.crossref.org/works?query.bibliographic=Coordinated+Planning+for+Stability+Enhancement+in+High+IBR-Penetrated+Systems,7
"Lamrani, Prevost, Cardozo, et al. (2025). Frequency-Averaged Grid Impedance Metric for Identifying Weakest Buses in Power Electronics-Dominated Systems",2025,2025 IEEE Kiel PowerTech (conference),10.1109/PowerTech59965.2025.11180496,Identify weakest buses (risk of inverter interaction) in PEIR-dominated systems; SCR-derived metrics are inadequate.,"Frequency Averaged Grid Impedance (FAGI) metric capturing PEIR under various control schemes, compared with ESCR as implemented in RTE's operational tool; 4-VSC system; dynamic simulations used to check each metric's bus ranking.",both,node,unclear,unclear,no,yes,yes,no,"Scores bus rankings from static strength metrics against dynamic ground truth and finds ESCR-derived rankings unreliable, which parallels our static-metric baseline comparison.","Small 4-VSC system and bus ranking only. No SGs, no replacement portfolios or sign reversal, no line-reinforcement ranking. The fixed-ranking issue shown concerns ESCR-vs-dynamics disagreement, not ranking failure across portfolio contexts.",https://api.crossref.org/works/10.1109/PowerTech59965.2025.11180496,1
"Oduor, Munda, Akumu et al. (2025). Optimization of topological reconfiguration by transmission line switching for damping inter-area oscillations in power systems",2025,Energy Reports,10.1016/j.egyr.2025.06.050,Line switching for voltage control without triggering interarea oscillatory instability,"Quadratic eigenvalue analysis; multi-objective particle swarm optimization selecting lines to switch off; IEEE 30-, 39- and 68-bus",dynamic,link,unclear,no,no,no,yes,no,IEEE 39-bus topology changes shown to both help and harm small-signal stability,"Metaheuristic search, no sensitivity-based ranking; no GFL replacement portfolios; no comparison with static topology metrics",https://api.crossref.org/works?query.bibliographic=Optimization+of+topological+reconfiguration+by+transmission+line+switching+for+damping+inter-area+oscillations+in+power+systems,6
"Xin, Liu, Chen, et al. (2025). How Many Grid-Forming Converters Do We Need? A Perspective From Small Signal Stability and Power Grid Strength",2025,IEEE Transactions on Power Systems 40(1):623-635,10.1109/TPWRS.2024.3393877,"Which voltage-source behaviour (GFL with voltage control vs GFM) strengthens the grid in small-signal terms, and how many/where GFM units are needed.",Small-signal analysis via equivalent power grid strength (gSCR-type); effect of the GFM:GFL capacity ratio on the stability margin; configuration guidelines; high-fidelity simulations.,both,portfolio,no,yes,no,no,yes,no,Poses a portfolio-design question (how many and where to convert) and answers it through grid strength.,"Treats GFM addition as monotonically strengthening and GFL as not providing effective voltage support. It does not study SG-to-GFL replacements in the 0.1-2 Hz electromechanical band, sign reversal of the same replacement across (nested) portfolios, or how often a fixed ranking fails.",https://api.crossref.org/works/10.1109/TPWRS.2024.3393877,10; 2;11
"Bacic, Niehues, Bottcher, et al. (2026). A graph theoretic view on small signal stability of inverter-based power grids",2026,arXiv preprint; arXiv only,arXiv:2607.08260 (arXiv only),Necessary and sufficient small-signal stability conditions for lossless inverter-based grids and decentralized certificates.,"Stability shown equivalent to positive definiteness of a single matrix combining topology, operating point (voltages, angle differences) and droop gains; augmented cone graphs; decentralized criteria and their conservatism; IEEE 9-, 30-, 118-bus.",both,system,yes,no,no,no,yes,no,Graph-spectral small-signal condition with operating-point-dependent edge weights (topic 11).,"Droop-controlled grid-forming inverters only, lossless, and negative edge weights excluded (cos(theta_ij)>0). No GFL/SG, no replacement portfolios, no sign reversal, no line ranking vs finite interventions.",https://arxiv.org/abs/2607.08260,11
"Desai, Stanojev, Muntwiler et al. (2026). Effect of dispatch decisions on small-signal stability of converter-dominated power systems",2026,arXiv preprint (not peer reviewed),10.48550/arXiv.2601.05070,How active/reactive dispatch and voltage setpoints of GFL/GFM converters shape small-signal stable operating regions,"Repeated power-flow solution, linearization and eigenvalue computation over dispatch grids (no analytic sensitivity); GFL with PLL, GFM droop, 8th-order SGs; 3-bus and IEEE 39-bus with replaced SGs",dynamic,portfolio,yes,yes,yes,no,no,no,IEEE 39-bus with converters replacing SGs; shows opposite dispatch preferences for GFL vs GFM (converter-type-dependent effects) on re-solved equilibria,"Varies dispatch, not branch parameters or replacement sets; no sensitivity-based ranking, no fixed-ranking failure analysis, no topology interventions",https://arxiv.org/abs/2601.05070,4;7
"Joswig-Jones, Dong, Tan et al. (2026). Sensitivity-based system strength assessment: mapping power flow and network topology perturbations to system eigenvalues",2026,arXiv preprint (submitted to IEEE Transactions on Power Systems; not peer reviewed),10.48550/arXiv.2607.28764,"System-strength metrics for IBR-rich grids based on eigenvalue sensitivities to power injections, voltages and line admittances","Impedance-based eigenvalue sensitivity with chain rule through power-flow sensitivities (partitioned Jacobians), i.e., operating-point changes included; line susceptance sensitivities (R/X fixed); modified IEEE 14-bus (GFL) and 118-bus (SG+GFL+GFM); validated against perturbed eigenvalues (small errors) and time-domain line-trip cases; compared qualitatively with impedance margin ratio",dynamic,mixed,yes,unclear,unclear,no,yes,no,"Closest methodological overlap: total (power-flow-coupled) eigenvalue sensitivity to line admittances in IBR systems, used to flag critical lines",No rank-correlation of branch sensitivities against finite re-solved reinforcements; no comparison with SCR/gSCR/Fiedler/Kirchhoff; no nested replacement portfolios or context-dependent sign reversal study; preprint only,https://arxiv.org/abs/2607.28764,4;5
"Zhang, Chen, Chen et al. (2026). Small-signal stability and inertia constrained optimal configuration method of grid-forming energy storage systems",2026,IEEE Transactions on Power Systems 41(4):2850-2865,10.1109/TPWRS.2026.3670426,Optimal placement and capacity of GFM energy storage under small-signal stability and inertia constraints,Small-signal model of multi-converter system; stability criteria vs GFM ESS placement/capacity; mixed-integer program with relaxed eigenvalue constraints; two-layer iterative algorithm,dynamic,portfolio,unclear,unclear,no,unclear,IEEE 39-bus; fully inverter-based system,no,Same IEEE 39-bus; joint (portfolio-level) siting with eigenvalue constraints rather than a fixed node ranking,"Adds GFM ESS rather than replacing SGs with GFL; abstract reports no marginal-effect sign reversal, no submodularity analysis, no AVR/Q-V gain dependence study (only abstract verified)",https://api.crossref.org/works/10.1109/TPWRS.2026.3670426,8;10
"Lamrani, Cardozo, Prevost et al. (2027). Placing grid-forming controlled converters to enhance power system small-signal stability",2027,Electric Power Systems Research 262:113600,10.1016/j.epsr.2026.113600,Placement of GFM-controlled converters for small-signal stability of transmission grids,"Journal abstract not accessible; the first author's PhD thesis (doi 10.70675/2e96c2d1zb44az4511z91fazef7a34c9c2d7) describes an iterative placement methodology using a weakest-point indicator (FAGI) and a stability indicator (MnPI) based on impedance models, and finds the stabilizing effect varies with GFM control type",dynamic,node,unclear,unclear,unclear,unclear,unclear,unclear,Recent iterative (sequential) GFM placement for small-signal stability,"Content of journal version not verified; no evidence found of SG->GFL replacement sign reversal, submodularity test, or fixed-ranking evaluation",https://api.crossref.org/works/10.1016/j.epsr.2026.113600 ; https://api.crossref.org/works/10.70675/2e96c2d1zb44az4511z91fazef7a34c9c2d7,8;10
