portfolio,cardinality,alpha_global,f_global_hz,global_mode_class,lambda_global_real,lambda_global_imag,alpha_EM,f_EM_hz,predicted_root_real,predicted_root_frequency_hz,taxonomy
33+35+36+38,4,546.5737009446832,0.0,APERIODIC_REAL,546.5737009446832,0.0,-0.12350708234203861,0.693541903442404,,,APERIODIC_REAL
30+31+32+33+38,5,390.26061043723575,0.0,APERIODIC_REAL,390.26061043723575,0.0,-0.08730663326841126,0.6649784289739964,,,APERIODIC_REAL
30+31+32+37+38,5,455.62332400656487,0.0,APERIODIC_REAL,455.62332400656487,0.0,-0.2304542558915495,0.6774689444395056,,,APERIODIC_REAL
30+31+33+34+38,5,1983.3396985435106,0.0,APERIODIC_REAL,1983.3396985435106,0.0,-0.2998349111333154,1.2087734324652668,,,APERIODIC_REAL
30+31+33+36+38,5,742.9951907911056,0.0,APERIODIC_REAL,742.9951907911056,0.0,-0.07471632077334779,0.6603326659928028,,,APERIODIC_REAL
30+31+35+36+38,5,331.47766252900055,0.0,APERIODIC_REAL,331.47766252900055,0.0,-0.4035843448473331,0.6890539181553974,,,APERIODIC_REAL
30+31+35+37+38,5,857.192380076823,0.0,APERIODIC_REAL,857.192380076823,0.0,-0.25209420050874626,0.6653422176465811,,,APERIODIC_REAL
30+32+33+34+38,5,359.79520020120844,0.0,APERIODIC_REAL,359.79520020120844,0.0,-0.36857072345269803,1.286170172737338,,,APERIODIC_REAL
30+32+35+36+38,5,169.82391051080594,0.0,APERIODIC_REAL,169.82391051080594,0.0,-0.25987704337111955,0.6727562993905163,,,APERIODIC_REAL
30+32+35+37+38,5,267.7106000040608,0.0,APERIODIC_REAL,267.7106000040608,0.0,-0.12356097724327444,0.6612613585492468,,,APERIODIC_REAL
30+32+36+37+38,5,590.817924052566,0.0,APERIODIC_REAL,590.817924052566,0.0,-0.32369966847818,0.6816242364225402,,,APERIODIC_REAL
30+33+34+35+36,5,112.15010320415549,0.0,APERIODIC_REAL,112.15010320415549,0.0,-0.2042969314342107,0.7175301731619591,,,APERIODIC_REAL
30+33+34+35+38,5,130.61887739201381,0.0,APERIODIC_REAL,130.61887739201381,0.0,-0.30308131788372283,1.3959210544229737,,,APERIODIC_REAL
30+33+34+36+38,5,197.86800383816797,0.0,APERIODIC_REAL,197.86800383816797,0.0,-0.3038931647569474,1.3960394761558694,,,APERIODIC_REAL
30+33+34+37+38,5,157.0324238824645,0.0,APERIODIC_REAL,157.0324238824645,0.0,-0.2694240360506715,1.1658218006368903,,,APERIODIC_REAL
30+34+35+36+38,5,512.0581388768237,0.0,APERIODIC_REAL,512.0581388768237,0.0,-0.30165788927102666,1.3962682016514287,,,APERIODIC_REAL
30+35+36+37+38,5,96.66880188462925,0.0,APERIODIC_REAL,96.66880188462925,0.0,-0.015176722297316425,0.6692384669745518,,,APERIODIC_REAL
31+32+33+35+36,5,249.0213796375033,0.0,APERIODIC_REAL,249.0213796375033,0.0,-0.05957089583629835,0.6768702769054535,,,APERIODIC_REAL
31+32+33+35+38,5,774.5624148344297,0.0,APERIODIC_REAL,774.5624148344297,0.0,-0.1981956714875829,0.7036298938469429,,,APERIODIC_REAL
31+32+35+36+38,5,1327.478812658811,0.0,APERIODIC_REAL,1327.478812658811,0.0,-0.3284787418177294,1.0922406981092752,,,APERIODIC_REAL
31+33+34+35+36,5,211.4355118209662,0.0,APERIODIC_REAL,211.4355118209662,0.0,-0.2046746627309059,0.7348666360950195,,,APERIODIC_REAL
31+33+34+35+38,5,877.0728128186386,0.0,APERIODIC_REAL,877.0728128186386,0.0,-0.31666690397560804,1.2244919409044583,,,APERIODIC_REAL
31+33+35+36+38,5,118.6831194984113,0.0,APERIODIC_REAL,118.6831194984113,0.0,-0.038081952842700606,0.7143375461475779,,,APERIODIC_REAL
32+33+34+35+36,5,139.38780252442058,0.0,APERIODIC_REAL,139.38780252442058,0.0,-0.2022751438793967,0.7371994707211177,,,APERIODIC_REAL
32+33+34+35+38,5,299.94705748871036,0.0,APERIODIC_REAL,299.94705748871036,0.0,-0.27028664156682525,1.3245672815409721,,,APERIODIC_REAL
32+33+34+36+38,5,868.6804875961366,0.0,APERIODIC_REAL,868.6804875961366,0.0,-0.3246224211379389,1.3070235638593826,,,APERIODIC_REAL
32+33+35+37+38,5,869.0840118191105,0.0,APERIODIC_REAL,869.0840118191105,0.0,-0.040976631337197866,0.6929365782720819,,,APERIODIC_REAL
32+35+36+37+38,5,1644.4006435242638,0.0,APERIODIC_REAL,1644.4006435242638,0.0,-0.16778951304446485,1.3261413693490414,,,APERIODIC_REAL
33+34+35+36+37,5,239.24764191670067,0.0,APERIODIC_REAL,239.24764191670067,0.0,-0.11513560126470734,1.3103993689482256,,,APERIODIC_REAL
33+34+35+36+38,5,74.911161907429,0.0,APERIODIC_REAL,74.911161907429,0.0,-0.18875145543496893,1.1950561631754744,,,APERIODIC_REAL
33+34+35+37+38,5,358.1483818316942,0.0,APERIODIC_REAL,358.1483818316942,0.0,-0.13492026711244942,1.3182442362406703,,,APERIODIC_REAL
33+34+36+37+38,5,1549.4846083811929,0.0,APERIODIC_REAL,1549.4846083811929,0.0,-0.1608118488367809,1.3119973649293937,,,APERIODIC_REAL
30+31+32+33+34+35,6,119.5135341225418,0.0,APERIODIC_REAL,119.5135341225418,0.0,-0.19702248426238844,0.7259148009297819,,,APERIODIC_REAL
30+31+32+33+34+36,6,174.77604389580813,0.0,APERIODIC_REAL,174.77604389580813,0.0,-0.2466501041583804,0.7320885282293035,,,APERIODIC_REAL
30+31+32+33+34+37,6,285.4939398641669,0.0,APERIODIC_REAL,285.4939398641669,0.0,-0.18172189981167697,0.7095177664484639,,,APERIODIC_REAL
30+31+32+33+34+38,6,80.93750774316584,0.0,APERIODIC_REAL,80.93750774316584,0.0,-0.42420653492015836,0.8037760327470349,,,APERIODIC_REAL
30+31+32+34+35+36,6,404.72334019005564,0.0,APERIODIC_REAL,404.72334019005564,0.0,-0.25011916052305433,0.7429694589677337,,,APERIODIC_REAL
30+31+32+34+35+38,6,226.54970934660778,0.0,APERIODIC_REAL,226.54970934660778,0.0,-0.34783665744521547,1.401306975298786,,,APERIODIC_REAL
30+31+32+34+36+38,6,422.8355082439483,0.0,APERIODIC_REAL,422.8355082439483,0.0,-0.5313008721972591,1.3773634173102438,,,APERIODIC_REAL
30+31+32+34+37+38,6,156.04407677563728,0.0,APERIODIC_REAL,156.04407677563728,0.0,-0.3489421879357528,0.7836807445202492,,,APERIODIC_REAL
30+31+32+35+36+37,6,143.2187061718168,0.0,APERIODIC_REAL,143.2187061718168,0.0,-0.04038499171799442,0.6562154920604716,,,APERIODIC_REAL
30+31+32+35+36+38,6,56.079363432515784,0.0,APERIODIC_REAL,56.079363432515784,0.0,-0.09145738748593026,0.701262470923083,,,APERIODIC_REAL
30+31+32+35+37+38,6,64.57095836378761,0.0,APERIODIC_REAL,64.57095836378761,0.0,-0.022582313359668843,0.6867201932913479,,,APERIODIC_REAL
30+31+32+36+37+38,6,77.84071359426245,0.0,APERIODIC_REAL,77.84071359426245,0.0,-0.19834574270628447,0.6884766140404,,,APERIODIC_REAL
30+31+33+34+35+36,6,58.40786615577628,0.0,APERIODIC_REAL,58.40786615577628,0.0,-0.14434499858314315,0.7266495852782267,,,APERIODIC_REAL
30+31+33+34+35+37,6,180.27345658445432,0.0,APERIODIC_REAL,180.27345658445432,0.0,-0.14956070442515268,0.710124813800778,,,APERIODIC_REAL
30+31+33+34+35+38,6,62.40868913048585,0.0,APERIODIC_REAL,62.40868913048585,0.0,-0.3376945707262341,1.2673974403338653,,,APERIODIC_REAL
30+31+33+34+36+37,6,359.43954341292226,0.0,APERIODIC_REAL,359.43954341292226,0.0,-0.23292456118513483,0.7194149864371212,,,APERIODIC_REAL
30+31+33+34+36+38,6,76.97786856640346,0.0,APERIODIC_REAL,76.97786856640346,0.0,-0.36399182842032196,1.223359186674227,,,APERIODIC_REAL
30+31+33+34+37+38,6,67.15619656201709,0.0,APERIODIC_REAL,67.15619656201709,0.0,-0.28052160459895037,1.2048339370919767,,,APERIODIC_REAL
30+31+34+35+36+38,6,109.46676776141959,0.0,APERIODIC_REAL,109.46676776141959,0.0,-0.3319484871151739,1.2563748599568951,,,APERIODIC_REAL
30+31+34+35+37+38,6,161.23817468933532,0.0,APERIODIC_REAL,161.23817468933532,0.0,-0.2510904387019267,1.2453658092596176,,,APERIODIC_REAL
30+31+34+36+37+38,6,249.72312195408662,0.0,APERIODIC_REAL,249.72312195408662,0.0,-0.3217336885310399,1.2227295157305276,,,APERIODIC_REAL
30+32+33+34+35+36,6,46.3950459515518,0.0,APERIODIC_REAL,46.3950459515518,0.0,-0.08930192925263325,0.7303745325036756,,,APERIODIC_REAL
30+32+33+34+35+37,6,112.6266954567788,0.0,APERIODIC_REAL,112.6266954567788,0.0,-0.09195167937975557,0.7112535386524574,,,APERIODIC_REAL
30+32+33+34+35+38,6,49.16953916181952,0.0,APERIODIC_REAL,49.16953916181952,0.0,-0.26850315749819376,1.323550573206694,,,APERIODIC_REAL
30+32+33+34+36+37,6,169.19083230376546,0.0,APERIODIC_REAL,169.19083230376546,0.0,-0.21622647333904665,0.7171834708759286,,,APERIODIC_REAL
30+32+33+34+36+38,6,58.85321368271076,0.0,APERIODIC_REAL,58.85321368271076,0.0,-0.35723943520132023,1.2961857276247069,,,APERIODIC_REAL
30+32+33+34+37+38,6,52.406951431266776,0.0,APERIODIC_REAL,52.406951431266776,0.0,-0.23497226125963566,0.7731021912528874,,,APERIODIC_REAL
30+32+34+35+36+37,6,428.7377227349849,0.0,APERIODIC_REAL,428.7377227349849,0.0,-0.26332779421954505,0.7302336167932373,,,APERIODIC_REAL
30+32+34+35+36+38,6,79.5954960801109,0.0,APERIODIC_REAL,79.5954960801109,0.0,-0.2745196997976821,1.3235304893591913,,,APERIODIC_REAL
30+32+34+35+37+38,6,107.721270840382,0.0,APERIODIC_REAL,107.721270840382,0.0,-0.26022063079037805,1.3117331469490732,,,APERIODIC_REAL
30+32+34+36+37+38,6,145.88543364540288,0.0,APERIODIC_REAL,145.88543364540288,0.0,-0.3433327073782896,1.2978483355594068,,,APERIODIC_REAL
30+33+34+35+36+37,6,46.43189292360095,0.0,APERIODIC_REAL,46.43189292360095,0.0,-0.006021585603239843,0.720513586388486,,,APERIODIC_REAL
30+33+34+36+37+38,6,42.78398081282181,0.0,APERIODIC_REAL,42.78398081282181,0.0,-0.2229647145510849,0.7820701529000691,,,APERIODIC_REAL
30+34+35+36+37+38,6,55.76975045207843,0.0,APERIODIC_REAL,55.76975045207843,0.0,-0.28020336720527184,1.2642180057580585,,,APERIODIC_REAL
31+32+33+34+35+36,6,64.65861042506091,0.0,APERIODIC_REAL,64.65861042506091,0.0,-0.17402922396892107,0.7430444855025938,,,APERIODIC_REAL
31+32+33+34+35+37,6,357.70400890710505,0.0,APERIODIC_REAL,357.70400890710505,0.0,-0.13348950354653294,1.3297219286978958,,,APERIODIC_REAL
31+32+33+34+35+38,6,87.39000773447363,0.0,APERIODIC_REAL,87.39000773447363,0.0,-0.3288388307537395,1.26303936373546,,,APERIODIC_REAL
31+32+33+34+36+37,6,1827.046934583736,0.0,APERIODIC_REAL,1827.046934583736,0.0,-0.18539454916023732,1.323610586797933,,,APERIODIC_REAL
31+32+33+34+36+38,6,111.01254372837388,0.0,APERIODIC_REAL,111.01254372837388,0.0,-0.4401038605476646,1.2383709984033742,,,APERIODIC_REAL
31+32+33+34+37+38,6,165.88471399724213,0.0,APERIODIC_REAL,165.88471399724213,0.0,-0.1263696362141259,1.2943736907962806,,,APERIODIC_REAL
31+32+33+36+37+38,6,120.60164892058503,0.0,APERIODIC_REAL,120.60164892058503,0.0,-0.14814270598769114,0.7127501687350075,,,APERIODIC_REAL
31+32+34+35+36+38,6,168.90296802564689,0.0,APERIODIC_REAL,168.90296802564689,0.0,-0.4859784482091469,1.3057834328583222,,,APERIODIC_REAL
31+32+35+36+37+38,6,105.47944579388611,0.0,APERIODIC_REAL,105.47944579388611,0.0,-0.29185047833096883,0.7261745355082616,,,APERIODIC_REAL
31+33+34+35+36+37,6,95.97676175332182,0.0,APERIODIC_REAL,95.97676175332182,0.0,-0.07066377260899723,1.3101563372448095,,,APERIODIC_REAL
31+33+34+35+36+38,6,47.71506645880492,0.0,APERIODIC_REAL,47.71506645880492,0.0,-0.14140517428178295,1.2190767538813843,,,APERIODIC_REAL
31+33+34+35+37+38,6,109.70640823092003,0.0,APERIODIC_REAL,109.70640823092003,0.0,-0.09394011962514848,1.3159167510881804,,,APERIODIC_REAL
31+33+34+36+37+38,6,151.64414437127067,0.0,APERIODIC_REAL,151.64414437127067,0.0,-0.1259833571622438,1.31111090281098,,,APERIODIC_REAL
31+34+35+36+37+38,6,283.16424220112344,0.0,APERIODIC_REAL,283.16424220112344,0.0,-0.18762154209588447,1.2626895803212523,,,APERIODIC_REAL
32+33+34+35+36+37,6,73.90298586500943,0.0,APERIODIC_REAL,73.90298586500943,0.0,-0.07926117079964978,1.3365478289235417,,,APERIODIC_REAL
32+33+34+35+36+38,6,39.55334225951633,0.0,APERIODIC_REAL,39.55334225951633,0.0,-0.2224913535280339,1.2886319019523478,,,APERIODIC_REAL
32+33+34+35+37+38,6,82.49396935828109,0.0,APERIODIC_REAL,82.49396935828109,0.0,-0.04840028512195693,1.3236687615926541,,,APERIODIC_REAL
32+33+34+36+37+38,6,106.2048869771875,0.0,APERIODIC_REAL,106.2048869771875,0.0,-0.0907107767764854,1.3310563028268014,,,APERIODIC_REAL
32+34+35+36+37+38,6,164.5639449585986,0.0,APERIODIC_REAL,164.5639449585986,0.0,-0.1669205626542779,1.3315802200491353,,,APERIODIC_REAL
30+31+32+33+34+35+36,7,27.079637628095426,0.0,APERIODIC_REAL,27.079637628095426,0.0,-0.04011596151023,0.7475488077799773,,,APERIODIC_REAL
30+31+32+33+34+35+37,7,45.65266727554603,0.0,APERIODIC_REAL,45.65266727554603,0.0,-0.02639192729112544,0.728465936767886,,,APERIODIC_REAL
30+31+32+33+34+35+38,7,27.465457568507304,0.0,APERIODIC_REAL,27.465457568507304,0.0,-0.12477863155415814,0.8851130309952645,,,APERIODIC_REAL
30+31+32+33+34+36+37,7,53.857662190289396,0.0,APERIODIC_REAL,53.857662190289396,0.0,-0.14037874918520488,0.7255263288342321,,,APERIODIC_REAL
30+31+32+33+34+36+38,7,30.577703253020417,0.0,APERIODIC_REAL,30.577703253020417,0.0,-0.32005584995273556,0.8466254453530829,,,APERIODIC_REAL
30+31+32+33+34+37+38,7,27.704879090950104,0.0,APERIODIC_REAL,27.704879090950104,0.0,-0.13273008589779212,0.8027952037647907,,,APERIODIC_REAL
30+31+32+34+35+36+37,7,71.62371796160582,0.0,APERIODIC_REAL,71.62371796160582,0.0,-0.1989766319699504,0.7338878950692045,,,APERIODIC_REAL
30+31+32+34+35+36+38,7,38.279439345539636,0.0,APERIODIC_REAL,38.279439345539636,0.0,-0.5998696535672124,0.8892462960176855,,,APERIODIC_REAL
30+31+32+34+35+37+38,7,44.36883599708743,0.0,APERIODIC_REAL,44.36883599708743,0.0,-0.28895204309829814,1.4002741209930583,,,APERIODIC_REAL
30+31+32+34+36+37+38,7,51.16250596625808,0.0,APERIODIC_REAL,51.16250596625808,0.0,-0.5222163063497429,1.3748406997674358,,,APERIODIC_REAL
30+31+33+34+36+37+38,7,24.94387548683219,0.0,APERIODIC_REAL,24.94387548683219,0.0,-0.11729670360242173,0.8231230498965133,,,APERIODIC_REAL
30+31+34+35+36+37+38,7,31.448560954351226,0.0,APERIODIC_REAL,31.448560954351226,0.0,-0.23664411464136814,1.2823436692143344,,,APERIODIC_REAL
30+32+33+34+36+37+38,7,19.24412847886395,0.0,APERIODIC_REAL,19.24412847886395,0.0,-0.014149900547179989,0.8498990158543476,,,APERIODIC_REAL
30+32+34+35+36+37+38,7,24.397223362021574,0.0,APERIODIC_REAL,24.397223362021574,0.0,-0.17520680258630195,0.8635549412227229,,,APERIODIC_REAL
31+32+33+34+35+36+37,7,41.439473208293855,0.0,APERIODIC_REAL,41.439473208293855,0.0,-0.1304091771068734,0.750592982445322,,,APERIODIC_REAL
31+32+33+34+35+36+38,7,25.690384873150304,0.0,APERIODIC_REAL,25.690384873150304,0.0,-0.22582134687225575,0.973378587617566,,,APERIODIC_REAL
31+32+33+34+35+37+38,7,43.1597319762339,0.0,APERIODIC_REAL,43.1597319762339,0.0,-0.014028510883614564,1.325586039701201,,,APERIODIC_REAL
31+32+33+34+36+37+38,7,49.59591537880402,0.0,APERIODIC_REAL,49.59591537880402,0.0,-0.16481386197416958,1.3181684282204023,,,APERIODIC_REAL
31+32+34+35+36+37+38,7,63.17678228093361,0.0,APERIODIC_REAL,63.17678228093361,0.0,-0.19726872638521709,1.3457624191766866,,,APERIODIC_REAL
32+33+34+35+36+37+38,7,21.623637404794344,0.0,APERIODIC_REAL,21.623637404794344,0.0,-0.0025433658231002187,1.3568452367928097,,,APERIODIC_REAL
30+31+32+33+34+35+36+37,8,13.367110146007871,0.0,APERIODIC_REAL,13.367110146007871,0.0,0.04834651133110701,0.7714566629711263,,,APERIODIC_REAL
30+31+32+33+34+35+36+38,8,8.307119735123127,0.0,APERIODIC_REAL,8.307119735123127,0.0,-0.09033943275275286,1.2027697603356144,,,APERIODIC_REAL
30+31+32+34+35+36+37+38,8,13.792971133355653,0.0,APERIODIC_REAL,13.792971133355653,0.0,-0.06925689664055779,0.9560812103461844,,,APERIODIC_REAL
31+32+33+34+35+36+37+38,8,14.231492766425779,0.0,APERIODIC_REAL,14.231492766425779,0.0,-0.13778073440223082,1.0798879966247856,,,APERIODIC_REAL
30+31+32+33+34+35+36+37+38,9,4.453283040499228,0.0,APERIODIC_REAL,4.453283040499228,0.0,-6.555871675484096,0.42269077157038176,,,APERIODIC_REAL
