point,g,k,t,h,H_true,kappa_true,B1_flagship_unstable,B1_matches_flagship,B1_freq_hz,B1_min_closure,B3_unsafe_singles,B4_ranking,B7_mu_upper,B7_certifies_safe,B5_freq_flagship_hz,B2_H_exact,B2_kappa_exact,B2_witness_exact,B2_H_pred,B5_H_exact,B5_kappa_exact,B5_witness_exact,B5_H_pred,B5b_add_H_exact,B5b_add_kappa_exact,B5b_add_witness_exact,B5b_add_H_pred,B5b_pair_H_exact,B5b_pair_kappa_exact,B5b_pair_witness_exact,B5b_pair_H_pred,B3_singletons_exact,B3_recovers_H,true_flagship_worst_freq_hz,set
P_inf,1.0,0.5,1.5,1.0,EMPTY,-1,False,True,1.3050000000000002,0.28234381855367247,,35+33+30+37,10.132686793472631,False,0.7014611782548562,True,True,True,EMPTY,True,True,True,EMPTY,True,True,True,EMPTY,True,True,True,EMPTY,True,True,0.7275920120341296,F8_points
P4,0.03625,1.4249999999999998,1.5,1.0,30+33+35+37,4,True,True,0.62,0.04680994744204725,,35+33+30+37,4.860617611853124,False,0.6893726079748722,True,True,True,30+33+35+37,False,False,False,EMPTY,False,False,False,EMPTY,False,False,False,EMPTY,True,False,0.6222796694707364,F8_points
P3,0.0,1.63125,1.5,1.0,30+33+35|30+33+37,3,True,True,0.595,0.1892455796820681,,35+33+30+37,4.883422747393206,False,0.6815036353646371,True,True,True,30+33+35|30+33+37,False,False,False,EMPTY,False,False,False,EMPTY,False,False,False,EMPTY,True,False,0.588297743848321,F8_points
P2,0.11,1.85,1.5,1.0,30+33|33+35|33+37|30+35+37,2,True,True,0.915,0.18731771795608904,,35+33+30+37,6.2947744094541225,False,0.6675773532835194,True,True,True,30+33|33+35|33+37|30+35+37,False,False,False,EMPTY,False,False,False,30+33+35|30+33+37|33+35+37,True,True,True,30+33|33+35|33+37|30+35+37,True,False,0.6924498577011253,F8_points
P1,0.1325,2.178125,1.5,1.0,30|33|35|37,1,True,True,0.915,0.17625179552812897,30+33+35+37,35+33+30+37,36.02238953838726,False,0.6562895864194678,True,True,True,30|33|35|37,True,True,True,30|33|35|37,True,True,True,30|33|35|37,True,True,True,30|33|35|37,True,True,0.7060008564023664,F8_points
P_fold,0.10257,1.25954,1.5,1.0,30+33+35+37,4,True,True,0.6800000000000002,0.007141525017124405,,35+33+30+37,4.843842842511393,False,0.6936038036761827,True,True,True,30+33+35+37,False,False,False,EMPTY,False,False,False,EMPTY,False,False,False,EMPTY,True,False,0.6810756495775206,F8_points
K1_0,0.1325,2.178125,1.5,1.0,30|33|35|37,1,True,True,0.915,0.17625179552812897,30+33+35+37,35+33+30+37,36.02238953838726,False,0.6562895864194678,True,True,True,30|33|35|37,True,True,True,30|33|35|37,True,True,True,30|33|35|37,True,True,True,30|33|35|37,True,True,0.7060008564023664,same_kappa_pairs
K1_1,0.141875,1.9375,1.5,1.0,33|30+35|30+37,1,True,True,0.92,0.20190719938212598,33,35+33+30+37,8.154450666127474,False,0.6622609889062203,True,True,True,33|30+35|30+37,False,False,False,EMPTY,False,True,True,33|30+35+37,True,True,True,33|30+35|30+37,True,False,0.7016090816335794,same_kappa_pairs
K2_0,0.11,1.85,1.5,1.0,30+33|33+35|33+37|30+35+37,2,True,True,0.915,0.18731771795608904,,35+33+30+37,6.2947744094541225,False,0.6675773532835194,True,True,True,30+33|33+35|33+37|30+35+37,False,False,False,EMPTY,False,False,False,30+33+35|30+33+37|33+35+37,True,True,True,30+33|33+35|33+37|30+35+37,True,False,0.6924498577011253,same_kappa_pairs
K2_1,0.0,1.928125,1.5,1.0,30+33|33+35|30+35+37,2,True,True,0.895,0.17936152847342057,,35+33+30+37,7.208130289919677,False,0.6625043792193959,True,True,True,30+33|33+35|30+35+37,False,False,False,EMPTY,False,False,False,EMPTY,False,True,True,30+33|33+35,True,False,0.6242546766991218,same_kappa_pairs
K3_0,0.0,1.63125,1.5,1.0,30+33+35|30+33+37,3,True,True,0.595,0.1892455796820681,,35+33+30+37,4.883422747393206,False,0.6815036353646371,True,True,True,30+33+35|30+33+37,False,False,False,EMPTY,False,False,False,EMPTY,False,False,False,EMPTY,True,False,0.588297743848321,same_kappa_pairs
K3_1,0.0,1.415625,1.5,1.0,30+33+35,3,True,True,0.5650000000000001,0.10310593866375638,,35+33+30+37,4.85858248597255,False,0.6903399962702935,True,True,True,30+33+35,False,False,False,EMPTY,False,False,False,EMPTY,False,False,False,EMPTY,True,False,0.5537462716922739,same_kappa_pairs
S00,0.9693557049930824,1.08521763720384,1.5,1.0,EMPTY,-1,False,True,0.7300000000000001,0.2472833390166098,,35+33+30+37,10.454112600557563,False,0.6864221173098357,True,True,True,EMPTY,True,True,True,EMPTY,True,True,True,EMPTY,True,True,True,EMPTY,True,True,0.725067876667932,random_F7A
S01,0.436461597016655,0.9054110108180382,1.5,1.0,EMPTY,-1,False,True,0.7250000000000001,0.19868280831622673,,35+33+30+37,5.215899829873396,False,0.6982454177032107,True,True,True,EMPTY,True,True,True,EMPTY,True,True,True,EMPTY,True,True,True,EMPTY,True,True,0.7204024831868446,random_F7A
S02,0.5527576554527746,1.2762757459053746,1.5,1.0,EMPTY,-1,False,True,0.7250000000000001,0.17536017007039328,,35+33+30+37,5.921886900757841,False,0.6859879353801336,True,True,True,EMPTY,True,True,True,EMPTY,True,True,True,EMPTY,True,True,True,EMPTY,True,True,0.7211481827386014,random_F7A
S03,0.2160912951533965,1.2835000125337408,1.5,1.0,EMPTY,-1,False,True,0.71,0.04440171474185409,,35+33+30+37,4.851830256935686,False,0.6910566429772642,True,True,True,EMPTY,True,True,True,EMPTY,True,True,True,EMPTY,False,False,False,30+33+35+37,True,True,0.7074381167613056,random_F7A
S04,0.8504296347659552,0.9717941384787228,1.5,1.0,EMPTY,-1,False,True,0.7300000000000001,0.2506991643515767,,35+33+30+37,9.561252354100214,False,0.6914384928975638,True,True,True,EMPTY,True,True,True,EMPTY,True,True,True,EMPTY,True,True,True,EMPTY,True,True,0.7249695051168051,random_F7A
S05,0.0607643301115258,1.90873109766566,1.5,1.0,30+33|33+35|33+37|30+35+37,2,True,True,0.905,0.16813555581876166,,35+33+30+37,6.9950171540615615,False,0.6639794896738308,True,True,True,30+33|33+35|33+37|30+35+37,False,False,False,EMPTY,False,False,False,EMPTY,True,True,True,30+33|33+35|33+37|30+35+37,True,False,0.6749484922329005,random_F7A
S06,0.9893921298643346,1.15759442812084,1.5,1.0,EMPTY,-1,False,True,0.7300000000000001,0.24132402954559692,,35+33+30+37,10.564610022253865,False,0.6836994232662216,True,True,True,EMPTY,False,False,False,30+33+35+37,True,True,True,EMPTY,True,True,True,EMPTY,True,True,0.7248479701449134,random_F7A
S07,0.9679064711456962,0.9114013716995266,1.5,1.0,EMPTY,-1,False,True,0.7300000000000001,0.26358032439682094,,35+33+30+37,11.085853724370416,False,0.6917561057275643,True,True,True,EMPTY,True,True,True,EMPTY,True,True,True,EMPTY,True,True,True,EMPTY,True,True,0.7257827524820927,random_F7A
S08,0.15515313503071,1.3879322358100534,1.5,1.0,30+33+35+37,4,True,True,0.7,0.02851153820363704,,35+33+30+37,4.860821635458392,False,0.6886123782082553,True,True,True,30+33+35+37,False,False,False,EMPTY,False,False,False,EMPTY,True,True,True,30+33+35+37,True,False,0.6979218431109678,random_F7A
S09,0.8345646187593645,1.53185857198637,1.5,1.0,EMPTY,-1,False,True,0.7250000000000001,0.18204900906329122,,35+33+30+37,9.08895447740702,False,0.6715201716973569,True,True,True,EMPTY,False,False,False,30+33|33+35|33+37|30+35+37,True,True,True,EMPTY,True,True,True,EMPTY,True,True,0.7226666438338851,random_F7A
S10,0.5132263916305893,1.1109211562014651,1.5,1.0,EMPTY,-1,False,True,0.7250000000000001,0.18956223919491816,,35+33+30+37,5.736824065241947,False,0.6918260570875606,True,True,True,EMPTY,True,True,True,EMPTY,True,True,True,EMPTY,True,True,True,EMPTY,True,True,0.721143798712246,random_F7A
S11,0.0699097476143241,1.9269592810477727,1.5,1.0,30+33|30+37|33+35|33+37,2,True,True,0.91,0.1687378225461204,,35+33+30+37,7.4035098566100865,False,0.6627079387928655,True,True,True,30+33|30+37|33+35|33+37,False,False,False,EMPTY,False,True,False,33+37|30+33+35,True,True,True,30+33|30+37|33+35|33+37,True,False,0.6804437752491876,random_F7A
S12,0.2988381495162037,1.4271572527411318,1.5,1.0,EMPTY,-1,False,True,0.7150000000000001,0.05487029914260302,,35+33+30+37,4.873518154186001,False,0.6847336163009397,True,True,True,EMPTY,True,True,True,EMPTY,True,True,True,EMPTY,False,False,False,30+33+35+37,True,True,0.7137376556714794,random_F7A
S13,0.014246809103401,1.906366311388868,1.5,1.0,30+33|33+35|30+35+37,2,True,True,0.895,0.17391624638143485,,35+33+30+37,6.806484814966828,False,0.6642297875261747,True,True,True,30+33|33+35|30+35+37,False,False,False,EMPTY,False,False,False,EMPTY,False,True,True,30+33|33+35,True,False,0.638564320863684,random_F7A
S14,0.9056566152616616,0.8540370080825542,1.5,1.0,EMPTY,-1,False,True,0.7300000000000001,0.2652737242264165,,35+33+30+37,10.650998836367448,False,0.6940524284579859,True,True,True,EMPTY,True,True,True,EMPTY,True,True,True,EMPTY,True,True,True,EMPTY,True,True,0.7257408303619728,random_F7A
S15,0.7489646534166328,1.4998225445700433,1.5,1.0,EMPTY,-1,False,True,0.7250000000000001,0.17605360656826277,,35+33+30+37,8.198737168047133,False,0.6742515034776714,True,True,True,EMPTY,False,False,False,33+35|30+33+37,True,True,True,EMPTY,True,True,True,EMPTY,True,True,0.7222767511714767,random_F7A
S16,0.374447327815325,1.8117156399315175,1.5,1.0,30+33,2,False,True,0.7150000000000001,0.02121852698611224,,35+33+30+37,8.126190497702911,False,0.6669981121007083,True,True,True,30+33,False,True,False,33+35|30+33+37,False,True,False,30+33|33+35|33+37|30+35+37,True,True,True,30+33,True,False,0.7166772130946364,random_F7A
S17,0.8389021019474239,2.1707654620358325,1.5,1.0,30,1,False,True,0.72,0.06402229411166704,30,35+33+30+37,83.02738968738538,False,0.7237927883333829,True,True,True,30,False,True,False,30|33|35|37,True,True,True,30,True,True,True,30,True,True,0.7210013433827013,random_F7A
S18,0.9871906778514922,1.608460854986095,1.5,1.0,EMPTY,-1,False,True,0.7250000000000001,0.18582641167381805,,35+33+30+37,11.460030248933496,False,0.666013542077874,True,True,True,EMPTY,False,False,False,33|30+35|35+37,True,True,True,EMPTY,True,True,True,EMPTY,True,True,0.7230314679234614,random_F7A
S19,0.0917482554035822,1.368149240962262,1.5,1.0,30+33+35+37,4,True,True,0.675,0.04342509395538369,,35+33+30+37,4.855910145353684,False,0.6903696399766106,True,True,True,30+33+35+37,False,False,False,EMPTY,False,False,False,EMPTY,False,False,False,EMPTY,True,False,0.6757464858703175,random_F7A
S20,0.2790840778561794,1.3963664711843289,1.5,1.0,EMPTY,-1,False,True,0.7150000000000001,0.054135031001913865,,35+33+30+37,4.868634708921941,False,0.686203761806548,True,True,True,EMPTY,True,True,True,EMPTY,True,True,True,EMPTY,False,False,False,30+33+35+37,True,True,0.7126204188829598,random_F7A
S21,0.1172683306190444,0.6615604979976056,1.5,1.0,EMPTY,-1,False,True,0.6950000000000001,0.1378455445465494,,35+33+30+37,4.776579258933534,False,0.7067162469709953,True,True,True,EMPTY,True,True,True,EMPTY,True,True,True,EMPTY,True,True,True,EMPTY,True,True,0.6953737520424104,random_F7A
S22,0.6789318608670876,0.8149987070859703,1.5,1.0,EMPTY,-1,False,True,0.7300000000000001,0.2511148707461903,,35+33+30+37,8.154785681815248,False,0.6975838822612698,True,True,True,EMPTY,True,True,True,EMPTY,True,True,True,EMPTY,True,True,True,EMPTY,True,True,0.7243964787634226,random_F7A
S23,0.0043764513929656,1.916471696603911,1.5,1.0,30+33|33+35|30+35+37,2,True,True,0.895,0.17753482187812078,,35+33+30+37,6.979957583519699,False,0.6634486908952626,True,True,True,30+33|33+35|30+35+37,False,False,False,EMPTY,False,False,False,EMPTY,False,True,True,30+33|33+35,True,False,0.628406576478131,random_F7A
S24,0.194944866100678,2.159998966356154,1.5,1.0,30|33|35|37,1,True,True,0.7150000000000001,0.20787838419216068,30+33+35+37,35+33+30+37,31.126259785458217,False,0.6613440211680629,True,True,True,30|33|35|37,True,True,True,30|33|35|37,True,True,True,30|33|35|37,True,True,True,30|33|35|37,True,True,0.7115926698093339,random_F7A
S25,0.6162926520046104,1.4296136776957316,1.5,1.0,EMPTY,-1,False,True,0.7250000000000001,0.16558604188864248,,35+33+30+37,6.848342643844811,False,0.6792934587873892,True,True,True,EMPTY,True,True,True,EMPTY,True,True,True,EMPTY,True,True,True,EMPTY,True,True,0.7213994245508195,random_F7A
S26,0.0475671368841953,1.7723846261926588,1.5,1.0,30+33+35|30+33+37|33+35+37,3,True,True,0.905,0.17419925752520313,,35+33+30+37,5.156128680527803,False,0.6730602427160737,True,True,True,30+33+35|30+33+37|33+35+37,False,False,False,EMPTY,False,False,False,EMPTY,True,True,True,30+33+35|30+33+37|33+35+37,True,False,0.6586749983754012,random_F7A
S27,0.0092419485315579,1.0559872735481757,1.5,1.0,30+33+35+37,4,True,True,0.49000000000000005,0.011576917618657038,,35+33+30+37,4.817751650740211,False,0.7002938680766442,True,True,True,30+33+35+37,False,False,False,EMPTY,False,False,False,EMPTY,False,False,False,EMPTY,True,False,0.4911382853617938,random_F7A
S28,0.0948044906926065,1.2343662690921633,1.5,1.0,EMPTY,-1,False,True,0.675,0.013814185269862049,,35+33+30+37,4.840668951633923,False,0.6944586428744932,True,True,True,EMPTY,True,True,True,EMPTY,True,True,True,EMPTY,True,True,True,EMPTY,True,True,0.6773669089627196,random_F7A
S29,0.017099058189348,2.147842098244303,1.5,1.0,30|33|35+37,1,True,True,0.895,0.16099532053127186,30+33,35+33+30+37,23.087968534322545,False,0.6463291157065579,True,True,True,30|33|35+37,False,False,False,30+33+37,False,True,True,30|33,True,True,True,30|33|35+37,True,False,0.6618815185957447,random_F7A
S30,0.8743695390018931,2.069202220187915,1.5,1.0,EMPTY,-1,False,True,0.72,0.09371925470510696,,35+33+30+37,35.74116401834842,False,0.6912292150698681,True,True,True,EMPTY,False,False,False,30|33|35|37,False,False,False,30+33|30+35+37,True,True,True,EMPTY,True,True,0.7212608298364245,random_F7A
S31,0.5245365677033026,1.039713736082933,1.5,1.0,EMPTY,-1,False,True,0.7250000000000001,0.20122057887759115,,35+33+30+37,5.952590867929183,False,0.693693823137986,True,True,True,EMPTY,True,True,True,EMPTY,True,True,True,EMPTY,True,True,True,EMPTY,True,True,0.7216057584932571,random_F7A
S32,0.6527559911176386,1.742122694305412,1.5,1.0,EMPTY,-1,False,True,0.72,0.11972686470360894,,35+33+30+37,10.132702149678808,False,0.6661673205149555,True,True,True,EMPTY,False,False,False,33|30+35|35+37,False,False,False,30+33+35|30+33+37|33+35+37,True,True,True,EMPTY,True,True,0.7208303639207925,random_F7A
S33,0.1291091211768254,2.014874583499469,1.5,1.0,33|30+35|30+37|35+37,1,True,True,0.915,0.187387953244557,33,35+33+30+37,10.585098495466308,False,0.6580959158202802,True,True,True,33|30+35|30+37|35+37,False,False,False,EMPTY,True,True,True,33|30+35|30+37|35+37,True,True,True,33|30+35|30+37|35+37,True,False,0.7011400966966093,random_F7A
S34,0.9022617865047162,0.5019983800613893,1.5,1.0,EMPTY,-1,False,True,1.3050000000000002,0.2831228133288832,,35+33+30+37,9.201306580607321,False,0.7022679248125137,True,True,True,EMPTY,True,True,True,EMPTY,True,True,True,EMPTY,True,True,True,EMPTY,True,True,0.727163927036348,random_F7A
S35,0.6632328117337248,2.22705501106275,1.5,1.0,30|33|37,1,False,True,0.72,0.012361338271117846,30+33+37,35+33+30+37,128.09009015899647,False,0.7229976469311729,True,True,True,30|33|37,False,True,False,30|33|35|37,True,True,True,30|33|37,True,True,True,30|33|37,True,True,0.7203683057179328,random_F7A
S36,0.2452731240676535,0.6978034891116647,1.5,1.0,EMPTY,-1,False,True,0.7150000000000001,0.1637405463704548,,35+33+30+37,4.786524593920329,False,0.7047489751772105,True,True,True,EMPTY,True,True,True,EMPTY,True,True,True,EMPTY,True,True,True,EMPTY,True,True,0.712917779848257,random_F7A
S37,0.9711161494428316,1.6594321268874983,1.5,1.0,EMPTY,-1,False,True,0.7250000000000001,0.17674382174428724,,35+33+30+37,12.172279453578543,False,0.6644224675712369,True,True,True,EMPTY,False,False,False,33|35,True,True,True,EMPTY,True,True,True,EMPTY,True,True,0.7227861111795387,random_F7A
S38,0.7951428370634507,0.7885244720375824,1.5,1.0,EMPTY,-1,False,True,0.7300000000000001,0.26375247219636766,,35+33+30+37,9.606068439947165,False,0.696946658444384,True,True,True,EMPTY,True,True,True,EMPTY,True,True,True,EMPTY,True,True,True,EMPTY,True,True,0.7253954086395965,random_F7A
S39,0.010122182642931,1.3708362291514329,1.5,1.0,30+33+35+37,4,True,True,0.5700000000000001,0.06211152597912134,,35+33+30+37,4.8536900758392525,False,0.691677096329872,True,True,True,30+33+35+37,False,False,False,EMPTY,False,False,False,EMPTY,False,False,False,EMPTY,True,False,0.5653559452623171,random_F7A
L00,0.0,1.0,0.852,1.0,30+33+35+37,4,True,True,0.61,0.09269887397414582,,35+33+30+37,5.787669448888244,False,0.6855955789653703,True,True,True,30+33+35+37,False,False,False,EMPTY,False,False,False,EMPTY,False,False,False,EMPTY,True,False,0.6147760443460372,policy_line
L01,0.01,1.0,0.852,1.0,30+33+35+37,4,True,True,0.62,0.10626679659585953,,35+33+30+37,5.792175879120958,False,0.685687490680228,True,True,True,30+33+35+37,False,False,False,EMPTY,False,False,False,EMPTY,False,False,False,EMPTY,True,False,0.6305071919430829,policy_line
L02,0.02,1.0,0.852,1.0,30+33+35|30+33+37,3,True,True,0.63,0.1258701828082317,,35+33+30+37,5.799538211562318,False,0.6857796453146143,True,True,True,30+33+35|30+33+37,False,False,False,EMPTY,False,False,False,EMPTY,False,False,False,EMPTY,True,False,0.6436826360687009,policy_line
L03,0.03,1.0,0.852,1.0,30+33+35|30+33+37,3,True,True,0.64,0.15075575944962713,,35+33+30+37,5.809745393150167,False,0.6858720704671635,True,True,True,30+33+35|30+33+37,False,False,False,EMPTY,False,False,False,EMPTY,False,False,False,EMPTY,True,False,0.6546519115523319,policy_line
L04,0.04,1.0,0.852,1.0,30+33+35|30+33+37,3,True,True,0.905,0.17284896874030983,,35+33+30+37,5.822782369537617,False,0.6859647250314537,True,True,True,30+33+35|30+33+37,False,False,False,EMPTY,False,False,False,EMPTY,False,False,False,30+33+35+37,True,False,0.66379291794164,policy_line
L05,0.05,1.0,0.852,1.0,30+33+35|30+33+37,3,True,True,0.91,0.17287871516898523,,35+33+30+37,5.838630156352781,False,0.6860576210671024,True,True,True,30+33+35|30+33+37,False,False,False,EMPTY,False,False,False,EMPTY,False,False,False,30+33+35+37,True,False,0.6714401383560259,policy_line
L06,0.06,1.0,0.852,1.0,30+33+35|30+33+37,3,True,True,0.91,0.17407594942343432,,35+33+30+37,5.857265950081692,False,0.6861507753632117,True,True,True,30+33+35|30+33+37,False,False,False,EMPTY,False,False,False,EMPTY,True,True,True,30+33+35|30+33+37,True,False,0.6778691714910079,policy_line
L07,0.07,1.0,0.852,1.0,30+33+35|30+33+37|33+35+37,3,True,True,0.915,0.1765032134235099,,35+33+30+37,5.878663296444337,False,0.6862441783932711,True,True,True,30+33+35|30+33+37|33+35+37,False,False,False,EMPTY,False,False,False,EMPTY,False,True,False,30+33+35|30+33+37,True,False,0.6833020765581795,policy_line
L08,0.08,1.0,0.852,1.0,30+33+35|30+33+37|33+35+37,3,True,True,0.6950000000000001,0.16996522551708654,,35+33+30+37,5.902792245478246,False,0.6863378192104617,True,True,True,30+33+35|30+33+37|33+35+37,False,False,False,EMPTY,False,False,False,EMPTY,True,True,True,30+33+35|30+33+37|33+35+37,True,False,0.6879171035899013,policy_line
L09,0.09,1.0,0.852,1.0,30+33+35|30+33+37|33+35+37,3,True,True,0.6950000000000001,0.16038132581294476,,35+33+30+37,5.929619530097825,False,0.6864317116827368,True,True,True,30+33+35|30+33+37|33+35+37,False,False,False,EMPTY,False,False,False,EMPTY,True,True,True,30+33+35|30+33+37|33+35+37,True,False,0.6918576892968928,policy_line
L10,0.1,1.0,0.852,1.0,30+33+35|30+33+37|33+35+37,3,True,True,0.7,0.15032184555901032,,35+33+30+37,5.95910877883603,False,0.686525852619873,True,True,True,30+33+35|30+33+37|33+35+37,False,False,False,EMPTY,False,False,False,EMPTY,True,True,True,30+33+35|30+33+37|33+35+37,True,False,0.6952397174799176,policy_line
L11,0.11,1.0,0.852,1.0,30+33|33+35+37,2,True,True,0.7,0.14093482495190263,,35+33+30+37,5.991220720625057,False,0.6866202472064287,True,True,True,30+33|33+35+37,False,False,False,EMPTY,False,False,False,EMPTY,True,True,True,30+33|33+35+37,True,False,0.6981571862028186,policy_line
L12,0.12,1.0,0.852,1.0,30+33|33+35+37,2,True,True,0.705,0.13171303603133527,,35+33+30+37,6.025913434889373,False,0.6867148812572433,True,True,True,30+33|33+35+37,False,False,False,EMPTY,False,False,False,EMPTY,True,True,True,30+33|33+35+37,True,False,0.700686622829505,policy_line
L13,0.13,1.0,0.852,1.0,30+33|33+35+37,2,True,True,0.705,0.12175129563612687,,35+33+30+37,6.0631425809880275,False,0.6868097553320519,True,True,True,30+33|33+35+37,False,False,False,EMPTY,False,False,False,EMPTY,True,True,True,30+33|33+35+37,True,False,0.7028905473502903,policy_line
L14,0.14,1.0,0.852,1.0,30+33|33+35+37,2,True,True,0.705,0.11340951896459578,,35+33+30+37,6.102861613543038,False,0.686904884990849,True,True,True,30+33|33+35+37,False,False,False,EMPTY,False,False,False,EMPTY,True,True,True,30+33|33+35+37,True,False,0.7048202097744753,policy_line
L15,0.15,1.0,0.852,1.0,30+33|33+35+37,2,True,True,0.71,0.10541435434359618,,35+33+30+37,6.145022096025249,False,0.6870002648734953,True,True,True,30+33|33+35+37,False,False,False,EMPTY,False,False,False,30+33+35+37,True,True,True,30+33|33+35+37,True,False,0.7065177664108487,policy_line
L16,0.16,1.0,0.852,1.0,30+33|33+35+37,2,True,True,0.71,0.09563155753378877,,35+33+30+37,6.189573903447714,False,0.6870958839881067,True,True,True,30+33|33+35+37,False,False,False,EMPTY,False,False,False,30+33+35+37,True,True,True,30+33|33+35+37,True,False,0.7080180169082376,policy_line
L17,0.17,1.0,0.852,1.0,30+33|33+35+37,2,True,True,0.71,0.08697802696958025,,35+33+30+37,6.2364654709699545,False,0.687191758557774,True,True,True,30+33|33+35+37,False,False,False,EMPTY,False,False,False,30+33+35+37,True,True,True,30+33|33+35+37,True,False,0.7093497943458269,policy_line
L18,0.18,1.0,0.852,1.0,30+33|33+35+37,2,True,True,0.71,0.07961833105233003,,35+33+30+37,6.285644062051503,False,0.6872878853084201,True,True,True,30+33|33+35+37,False,False,False,EMPTY,False,False,False,30+33+35+37,True,True,True,30+33|33+35+37,True,False,0.7105370797837821,policy_line
L19,0.19,1.0,0.852,1.0,30+33,2,True,True,0.71,0.07373187046241761,,35+33+30+37,6.33705598659794,False,0.687384250179901,True,True,True,30+33,False,False,False,EMPTY,False,False,False,30+33+35,False,True,True,30+33|33+35+37,True,False,0.7115998973595545,policy_line
L20,0.2,1.0,0.852,1.0,30+33,2,True,True,0.7150000000000001,0.06623782946060561,,35+33+30+37,6.390646839980398,False,0.6874808633177765,True,True,True,30+33,False,False,False,EMPTY,False,False,False,30+33+35|30+33+37,False,True,True,30+33|33+35+37,True,False,0.7125550343547413,policy_line
L21,0.21,1.0,0.852,1.0,30+33,2,True,True,0.7150000000000001,0.05733215383273256,,35+33+30+37,6.446361720810017,False,0.6875777250674827,True,True,True,30+33,False,False,False,EMPTY,False,False,False,30+33+35|30+33+37,True,True,True,30+33,True,False,0.7134166215590086,policy_line
L22,0.22,1.0,0.852,1.0,30+33,2,True,True,0.7150000000000001,0.04912736983083393,,35+33+30+37,6.504145432435029,False,0.6876748209382998,True,True,True,30+33,False,False,False,EMPTY,False,False,False,30+33+35|30+33+37,True,True,True,30+33,True,False,0.7141966020567059,policy_line
L23,0.23,1.0,0.852,1.0,30+33,2,True,True,0.7150000000000001,0.04180130000931124,,35+33+30+37,6.56394268969631,False,0.6877721903197717,True,True,True,30+33,False,False,False,EMPTY,False,False,False,30+33+35|30+33+37,True,True,True,30+33,True,False,0.7149051108254083,policy_line
L24,0.24,1.0,0.852,1.0,30+33,2,True,True,0.7150000000000001,0.03564179755033745,,35+33+30+37,6.6256982887588505,False,0.687869786818363,True,True,True,30+33,False,False,False,EMPTY,False,False,False,30+33+35|30+33+37|33+35+37,True,True,True,30+33,True,False,0.7155507829608249,policy_line
L25,0.25,1.0,0.852,1.0,30+33+35|30+33+37,3,True,True,0.7150000000000001,0.031075625493897016,,35+33+30+37,6.689357283097402,False,0.6879676355514227,True,True,True,30+33+35|30+33+37,False,False,False,EMPTY,False,True,False,30+33+35|30+33+37|33+35+37,True,True,True,30+33+35|30+33+37,True,False,0.7161410046958488,policy_line
L26,0.26,1.0,0.852,1.0,30+33+35|30+33+37,3,True,True,0.7150000000000001,0.0286004913079833,,35+33+30+37,6.75486512642346,False,0.6880657243833822,True,True,True,30+33+35|30+33+37,False,False,False,EMPTY,False,True,False,30+33+35|30+33+37|33+35+37,True,True,True,30+33+35|30+33+37,True,False,0.7166821184814568,policy_line
L27,0.27,1.0,0.852,1.0,30+33+35|30+33+37,3,True,True,0.7150000000000001,0.028513893834023214,,35+33+30+37,6.82216782776627,False,0.6881640782364459,True,True,True,30+33+35|30+33+37,False,False,False,EMPTY,False,True,False,30+33+35|30+33+37|33+35+37,True,True,True,30+33+35|30+33+37,True,False,0.7171795910942473,policy_line
L28,0.28,1.0,0.852,1.0,30+33+37,3,True,True,0.72,0.026673440546519798,,35+33+30+37,6.891212066166304,False,0.6882626638677387,True,True,True,30+33+37,False,False,False,EMPTY,False,True,False,30+33+35|30+33+37|33+35+37,False,True,False,30+33+35|30+33+37,True,False,0.7176381519099099,policy_line
L29,0.29,1.0,0.852,1.0,30+33+37,3,True,True,0.72,0.0210965655121574,,35+33+30+37,6.961945293390476,False,0.6883614980952002,True,True,True,30+33+37,False,False,False,EMPTY,False,True,False,30+33+35|30+33+37|33+35+37,False,True,False,30+33+35|30+33+37,True,False,0.718061907036083,policy_line
L30,0.3,1.0,0.852,1.0,EMPTY,-1,False,True,0.72,0.01685274509429871,,35+33+30+37,7.034315846467359,False,0.6884605862837331,True,True,True,EMPTY,True,True,True,EMPTY,False,False,False,30+33+35|30+33+37|33+35+37,False,False,False,30+33+35|30+33+37,True,True,0.7184544338530462,policy_line
L31,0.31,1.0,0.852,1.0,EMPTY,-1,False,True,0.72,0.014802410253591244,,35+33+30+37,7.108273007909185,False,0.6885599190405377,True,True,True,EMPTY,True,True,True,EMPTY,False,False,False,30+33+35|30+33+37|33+35+37,False,False,False,30+33+37,True,True,0.7188188596038408,policy_line
L32,0.32,1.0,0.852,1.0,EMPTY,-1,False,True,0.72,0.015551873408858784,,35+33+30+37,7.183767114471576,False,0.6886594992143449,True,True,True,EMPTY,True,True,True,EMPTY,False,False,False,30+33+35|30+33+37|33+35+37,False,False,False,30+33+37,True,True,0.7191579269564976,policy_line
L33,0.33,1.0,0.852,1.0,EMPTY,-1,False,True,0.72,0.018558860365788177,,35+33+30+37,7.26074957950711,False,0.6887593237256001,True,True,True,EMPTY,False,False,False,30+33+35+37,False,False,False,30+33+35|30+33+37,True,True,True,EMPTY,True,True,0.7194740488902109,policy_line
L34,0.34,1.0,0.852,1.0,EMPTY,-1,False,True,0.72,0.02279472920917494,,35+33+30+37,7.339172941533202,False,0.6888593995779133,True,True,True,EMPTY,False,False,False,30+33+35+37,False,False,False,30+33+35|30+33+37,True,True,True,EMPTY,True,True,0.7197693548034382,policy_line
L35,0.35,1.0,0.852,1.0,EMPTY,-1,False,True,0.72,0.02758083585481458,,35+33+30+37,7.418990949261435,False,0.6889597250800914,True,True,True,EMPTY,False,False,False,30+33+35+37,False,False,False,30+33+35|30+33+37,True,True,True,EMPTY,True,True,0.7200457293801551,policy_line
