design,kappa_interval,abs_upper,neutral_within_1e_12,sha256
ramp_1ms_collective,[-1.46702075532197866584055e-16 +/- 8.66e-40],[1.46702075532197866584055865485924137055383116077747560275e-16 +/- 3.97e-73],True,a671b483117a21511e23c7ffe2fa300fcd827c298697cc298b0ab5b4c48377ae
site30_1ms_collective,[-1.84448167773436641137797e-16 +/- 4.99e-40],[1.84448167773436641137797498278957775744471110194057786126e-16 +/- 8.32e-74],True,2ccfa1890c67a3fe788605a39db7a06d4608e613300b56d039949ff88c4a2841
site31_1ms_collective,[-2.1556760391822054359565e-17 +/- 5.44e-40],[2.15567603918220543595647387128151557409907949739408426463e-17 +/- 4.10e-74],True,ff3c902220c692ef7366c404e4a9f79395d97d1bdef25d6269c3f8d964dbbc97
site32_1ms_collective,[-2.2730986801509034511246e-17 +/- 2.50e-40],[2.27309868015090345112461281331630958021557565154627398111e-17 +/- 2.20e-74],True,a1383d68fff3b0a150ba26782a3951bbbddbde4fb7ce5ad69de872afe65ef912
site33_1ms_collective,[-2.6568179090852664851360e-17 +/- 2.83e-40],[2.65681790908526648513602825183494386387273011351613134328e-17 +/- 4.48e-75],True,780994df66c5766b6a78898cf191e9de7a269e1d290888af0862848d5b688ea8
site34_1ms_collective,[-2.2121068280098596314822e-17 +/- 4.96e-40],[2.21210682800985963148224956285121977860997792461084845002e-17 +/- 3.32e-74],True,7f89259f4d7348f92138e4b681be4f5333c754dc1706e2c10c6d2fd208aea879
site35_1ms_collective,[-6.5801085941079872009514e-17 +/- 2.43e-40],[6.58010859410798720095140573270243747800989265711859507391e-17 +/- 4.85e-74],True,99aa67b9404609dde2ba2dd19bb250cda780d4332af28f97124f3cf70e9dc615
site36_1ms_collective,[-2.37438442865305911842958e-16 +/- 2.60e-40],[2.37438442865305911842958259880299751873562937227884710798e-16 +/- 2.48e-73],True,537e4b0271c38f7d52439f6cad4658d66660879673290e417d54bd9ea2cb5f6d
site37_1ms_collective,[1.44186226945507196240106e-16 +/- 3.04e-40],[1.44186226945507196240105873444469271957028094422921589214e-16 +/- 1.77e-73],True,3155070897fcd50de8879cf8c5d684c4423cf458d2ad913658353696673c85ad
site38_1ms_collective,[9.7027412738841217079845e-17 +/- 3.63e-40],[9.70274127388412170798450705327307964580486111277576820777e-17 +/- 2.40e-74],True,e93a0f4d55fca8db1f91a3012111b772036f553822930de883a775bf5a951ecf
site39_1ms_collective,[-8.6003266408432985514514e-17 +/- 7.42e-40],[8.60032664084329855145147415272255693501029932878484677594e-17 +/- 4.30e-74],True,f36fcb5d8f556390853e19eb6d3e33385fcd2d666fae1e24793307738e36ac86
uniform_0.1ms_collective,[-1.24595238275640044771940e-17 +/- 7.88e-41],[1.24595238275640044771940079359149949266034341332769625490e-17 +/- 2.64e-74],True,50b2685be492f03ad6d734b1437ae8610c2dffc5030313926342f5262482e2ad
uniform_0.5ms_collective,[-2.77337427411013865232584e-16 +/- 7.76e-40],[2.77337427411013865232584775613272239276781912593186187966e-16 +/- 2.66e-73],True,8cf06b5fdb7e6ccd1e4013b027e042d0be6c1f591fb4d62d331146509b59afc7
uniform_1ms_collective,[-5.2040167860980577747149e-16 +/- 1.30e-39],[5.20401678609805777471491299717215984157578226242914486870e-16 +/- 3.47e-73],True,d35e0c1f02e88b7ca0a825615fac22adbb7901ff9f376e1aff710c882e06a4a0
uniform_1ms_modal_only,[2.81710189146993515041034430236e-5 +/- 6.23e-36],[2.81710189146993515041034430236062297255151537877147795084e-5 +/- 4.66e-62],False,2c6b96e9ba1063b9d16c11d8f994b9eeb09706ddac6bcdd396b290bdec0f3cf0
uniform_1ms_moment_only,[-1.1243371069686133666133e-17 +/- 6.96e-40],[1.12433710696861336661331466698814168936952457933961466088e-17 +/- 4.98e-74],True,47c8b9e8e1f73248354fdf9854d566a78a9f1a10b06d78da0e31520bd064ca47
