g,hyperedge,size,re,f_hz,class,dominant_group,share_condenser,share_converter,share_surviving,top_state
0.0,1+2+3+9+11+12,6,0.010334882555500524,0.5924673008589826,IN_BAND,surviving_machine,0.0,0.02849673130393261,0.9715032686960675,delta_sg13
0.0,1+2+9+10+11+12,6,0.019872533814666124,0.5968949078792621,IN_BAND,surviving_machine,0.0,0.02529239940341398,0.9747076005965861,omega_sg13
0.0,1+3+4+9+11+12,6,0.0055921313410441376,0.5993113592970929,IN_BAND,surviving_machine,0.0,0.027365966588397073,0.9726340334116028,delta_sg13
0.0,1+3+8+9+11+12,6,0.005057939945511902,0.5954803339648934,IN_BAND,surviving_machine,0.0,0.027053254915594932,0.972946745084405,omega_sg13
0.0,1+3+9+10+11+12,6,0.030308400427826176,0.5965142787638676,IN_BAND,surviving_machine,0.0,0.02686513982519185,0.9731348601748079,delta_sg13
0.0,1+4+9+10+11+12,6,0.020244637326286008,0.6018225702614836,IN_BAND,surviving_machine,0.0,0.024391255281291463,0.9756087447187085,omega_sg13
0.0,1+5+9+10+11+12,6,0.0023611619921649063,0.6012651671338898,IN_BAND,surviving_machine,0.0,0.024081887131995248,0.9759181128680048,delta_sg13
0.0,1+6+9+10+11+12,6,0.0010237849571154058,0.6010189040651488,IN_BAND,surviving_machine,0.0,0.02605077571084399,0.973949224289156,omega_sg13
0.0,1+7+9+10+11+12,6,0.008149829025823674,0.6022622638128339,IN_BAND,surviving_machine,0.0,0.025743088552829158,0.9742569114471703,delta_sg13
0.0,1+8+9+10+11+12,6,0.022698625372714498,0.5983222763339011,IN_BAND,surviving_machine,0.0,0.024903850545152196,0.9750961494548479,delta_sg13
0.0,1+2+3+4+5+6+9,7,0.03863926523157335,0.5984464947499837,IN_BAND,surviving_machine,0.0,0.05726520957459408,0.942734790425406,omega_sg13
0.0,1+2+3+4+5+7+9,7,0.08671508293229085,0.6044843863898149,IN_BAND,surviving_machine,0.0,0.0627652079964156,0.937234792003584,omega_sg13
0.0,1+2+3+4+5+8+9,7,0.025149037349945086,0.5887943320176767,IN_BAND,surviving_machine,0.0,0.04144142047812021,0.9585585795218794,omega_sg13
0.0,1+2+3+4+5+9+11,7,0.029877545492035366,0.5900650964865974,IN_BAND,surviving_machine,0.0,0.03847745845216416,0.961522541547836,delta_sg13
0.0,1+2+3+4+5+9+12,7,0.04324525150498425,0.5983041256682329,IN_BAND,surviving_machine,0.0,0.0378835943156288,0.9621164056843712,delta_sg13
0.0,1+2+3+4+6+7+9,7,0.05836886560241912,0.6065821580622115,IN_BAND,surviving_machine,0.0,0.07041031553419773,0.929589684465802,omega_sg13
0.0,1+2+3+4+6+9+12,7,0.013407351055488782,0.6005444068941983,IN_BAND,surviving_machine,0.0,0.038621729491137076,0.9613782705088626,omega_sg13
0.0,1+2+3+4+7+8+9,7,0.011433258982346928,0.5975471307114312,IN_BAND,surviving_machine,0.0,0.045853852798996765,0.9541461472010031,omega_sg13
0.0,1+2+3+4+7+9+11,7,0.01592333998604802,0.5967000729583825,IN_BAND,surviving_machine,0.0,0.04134969872630299,0.9586503012736972,omega_sg13
0.0,1+2+3+4+7+9+12,7,0.03000380002803847,0.6035618967847609,IN_BAND,surviving_machine,0.0,0.0399770462917169,0.9600229537082831,delta_sg13
0.0,1+2+3+4+8+9+11,7,0.008657655290860378,0.5872953720298495,IN_BAND,surviving_machine,0.0,0.03320863205285496,0.9667913679471452,omega_sg13
0.0,1+2+3+4+8+9+12,7,0.026148827984996542,0.5956766231988946,IN_BAND,surviving_machine,0.0,0.03267713570963487,0.9673228642903653,delta_sg13
0.0,1+2+3+4+9+10+11,7,0.010837900890590974,0.5892063123554067,IN_BAND,surviving_machine,0.0,0.03029707460597781,0.9697029253940224,delta_sg13
0.0,1+2+3+4+9+10+12,7,0.022694933015196664,0.597822975308333,IN_BAND,surviving_machine,0.0,0.0293941799425705,0.9706058200574292,delta_sg13
0.0,1+2+3+6+7+9+12,7,0.012591866864183288,0.6004460207679355,IN_BAND,surviving_machine,0.0,0.04532496830765824,0.9546750316923419,omega_sg13
0.0,1+2+3+7+8+9+12,7,0.010445181942046688,0.5969015034556342,IN_BAND,surviving_machine,0.0,0.03579180017962072,0.9642081998203793,omega_sg13
0.0,1+2+3+7+9+10+12,7,0.008715673390205333,0.5986057257938449,IN_BAND,surviving_machine,0.0,0.031791116772439273,0.9682088832275605,delta_sg13
0.0,1+2+3+8+9+10+11,7,0.0053937453881502395,0.5845329423224875,IN_BAND,surviving_machine,0.0,0.029767191164331477,0.9702328088356684,delta_sg13
0.0,1+2+3+8+9+10+12,7,0.018355053208195457,0.5937457367830171,IN_BAND,surviving_machine,0.0,0.02877190059018532,0.9712280994098146,delta_sg13
0.0,1+2+4+5+6+7+9,7,0.13702078002910562,0.6197048056319054,IN_BAND,surviving_machine,0.0,0.08920874296217207,0.9107912570378284,delta_sg13
0.0,1+2+4+5+6+9+12,7,0.008066769680961483,0.6089829168046224,IN_BAND,surviving_machine,0.0,0.04162128305056167,0.9583787169494383,delta_sg13
0.0,1+2+4+5+7+8+9,7,0.035282117313876815,0.6078281507823854,IN_BAND,surviving_machine,0.0,0.051115203465477974,0.9488847965345221,delta_sg13
0.0,1+2+4+5+7+9+11,7,0.021318607133497952,0.6058416096983382,IN_BAND,surviving_machine,0.0,0.04438119828348395,0.9556188017165159,delta_sg13
0.0,1+2+4+5+7+9+12,7,0.03187672680456473,0.6129006376863618,IN_BAND,surviving_machine,0.0,0.0431717907216011,0.9568282092783988,delta_sg13
0.0,1+2+4+5+8+9+12,7,0.015256010327174219,0.6026541506508576,IN_BAND,surviving_machine,0.0,0.03263241348326826,0.9673675865167319,delta_sg13
0.0,1+2+4+5+9+10+12,7,0.008465165240358508,0.6040904083259245,IN_BAND,surviving_machine,0.0,0.028697565214287228,0.971302434785713,delta_sg13
0.0,1+2+4+5+9+11+12,7,0.04951014758085842,0.600778746491623,IN_BAND,surviving_machine,0.0,0.03313899543588907,0.9668610045641108,omega_sg13
0.0,1+2+4+6+7+8+9,7,0.00748025424169719,0.6094985852780404,IN_BAND,surviving_machine,0.0,0.05773324662329075,0.9422667533767093,omega_sg13
0.0,1+2+4+6+7+9+12,7,0.014103831830361666,0.61297299426863,IN_BAND,surviving_machine,0.0,0.04765190802328741,0.9523480919767123,omega_sg13
0.0,1+2+4+6+9+11+12,7,0.026561950978500032,0.6022242467655122,IN_BAND,surviving_machine,0.0,0.0339851771346973,0.9660148228653026,omega_sg13
0.0,1+2+4+7+8+9+12,7,0.001304553762939975,0.6073027168505063,IN_BAND,surviving_machine,0.0,0.03412625074784394,0.9658737492521559,omega_sg13
0.0,1+2+4+7+9+11+12,7,0.038524296834469396,0.6044486880446198,IN_BAND,surviving_machine,0.0,0.034187209775358926,0.965812790224641,delta_sg13
0.0,1+2+4+8+9+10+12,7,0.002232520322484135,0.6012402602256847,IN_BAND,surviving_machine,0.0,0.025585437522004643,0.9744145624779952,delta_sg13
0.0,1+2+4+8+9+11+12,7,0.043323137006882076,0.5981547466529749,IN_BAND,surviving_machine,0.0,0.030156941427984862,0.9698430585720148,omega_sg13
0.0,1+2+5+7+9+11+12,7,0.008051275186699541,0.6029434116697379,IN_BAND,surviving_machine,0.0,0.03379955063377777,0.9662004493662221,delta_sg13
0.0,1+2+5+8+9+11+12,7,0.01986144145927221,0.5972417998097825,IN_BAND,surviving_machine,0.0,0.029948776406898393,0.9700512235931017,delta_sg13
0.0,1+2+6+7+9+11+12,7,0.02436696867072735,0.6019525746692067,IN_BAND,surviving_machine,0.0,0.03895930519559342,0.9610406948044066,omega_sg13
0.0,1+2+6+8+9+11+12,7,0.020688606861499564,0.5973541195866078,IN_BAND,surviving_machine,0.0,0.03235326113521271,0.9676467388647876,omega_sg13
0.0,1+2+7+8+9+11+12,7,0.0299968489906538,0.5989157921322499,IN_BAND,surviving_machine,0.0,0.032453872356794956,0.9675461276432049,omega_sg13
0.0,1+3+4+5+6+7+9,7,0.25762008357332056,0.6232722275197363,IN_BAND,surviving_machine,0.0,0.10940048095235745,0.8905995190476428,omega_sg13
0.0,1+3+4+5+6+8+9,7,0.05006814444675456,0.6034362289796215,IN_BAND,surviving_machine,0.0,0.055338912880732484,0.9446610871192673,omega_sg13
0.0,1+3+4+5+6+9+11,7,0.033524371886707816,0.6025391098595577,IN_BAND,surviving_machine,0.0,0.048011680738049345,0.9519883192619507,omega_sg13
0.0,1+3+4+5+6+9+12,7,0.04212405755491788,0.6096662004890024,IN_BAND,surviving_machine,0.0,0.04662731913431931,0.9533726808656809,delta_sg13
0.0,1+3+4+5+7+8+9,7,0.10186209243854338,0.60912764932402,IN_BAND,surviving_machine,0.0,0.059428350704019806,0.9405716492959801,delta_sg13
0.0,1+3+4+5+7+9+10,7,0.026709796499982563,0.6097083130423152,IN_BAND,surviving_machine,0.0,0.046744912401467206,0.9532550875985325,delta_sg13
0.0,1+3+4+5+7+9+11,7,0.06881724780210555,0.6073626866316346,IN_BAND,surviving_machine,0.0,0.05034120399907235,0.9496587960009275,omega_sg13
0.0,1+3+4+5+7+9+12,7,0.07112059116912545,0.6140308126359078,IN_BAND,surviving_machine,0.0,0.048784384704263176,0.9512156152957367,delta_sg13
0.0,1+3+4+5+8+9+11,7,0.0326352246464196,0.5938782032066263,IN_BAND,surviving_machine,0.0,0.036768864353219424,0.9632311356467802,omega_sg13
0.0,1+3+4+5+8+9+12,7,0.04364068627479849,0.6024073423571852,IN_BAND,surviving_machine,0.0,0.036085184415324906,0.9639148155846751,omega_sg13
0.0,1+3+4+5+9+10+11,7,0.023891075870828282,0.5953062772390103,IN_BAND,surviving_machine,0.0,0.03228670862232805,0.967713291377672,delta_sg13
0.0,1+3+4+5+9+10+12,7,0.030318144968495997,0.6040416401718944,IN_BAND,surviving_machine,0.0,0.03143876574447449,0.9685612342555253,delta_sg13
0.0,1+3+4+6+7+8+9,7,0.0715910292482187,0.6122106731393471,IN_BAND,surviving_machine,0.0,0.06802576385796806,0.9319742361420317,delta_sg13
0.0,1+3+4+6+7+9+11,7,0.04484160989537453,0.6089045206739739,IN_BAND,surviving_machine,0.0,0.056708517699681035,0.943291482300319,omega_sg13
0.0,1+3+4+6+7+9+12,7,0.051311901809779806,0.6146890115993079,IN_BAND,surviving_machine,0.0,0.054238845949671294,0.945761154050329,delta_sg13
0.0,1+3+4+6+8+9+12,7,0.011073460189610407,0.6049425448949488,IN_BAND,surviving_machine,0.0,0.037103219589003214,0.9628967804109968,omega_sg13
0.0,1+3+4+6+9+10+12,7,0.003007563586024581,0.60568282250283,IN_BAND,surviving_machine,0.0,0.03218635433857821,0.9678136456614217,omega_sg13
0.0,1+3+4+7+8+9+11,7,0.01834218726604364,0.6009653796612688,IN_BAND,surviving_machine,0.0,0.03940226435851555,0.9605977356414845,omega_sg13
0.0,1+3+4+7+8+9+12,7,0.029434149543465443,0.6080411675527054,IN_BAND,surviving_machine,0.0,0.03804756904112419,0.9619524309588758,omega_sg13
0.0,1+3+4+7+9+10+11,7,0.010477581312460793,0.6008440941764618,IN_BAND,surviving_machine,0.0,0.03393648104066875,0.9660635189593313,delta_sg13
0.0,1+3+4+7+9+10+12,7,0.016904709454923936,0.6082685314479284,IN_BAND,surviving_machine,0.0,0.032568690003464025,0.9674313099965359,delta_sg13
0.0,1+3+4+8+9+10+11,7,0.010742115316885403,0.5922832855095611,IN_BAND,surviving_machine,0.0,0.028885267355030504,0.9711147326449695,omega_sg13
0.0,1+3+4+8+9+10+12,7,0.020424843932377187,0.6011385381142046,IN_BAND,surviving_machine,0.0,0.027842266482131613,0.9721577335178683,omega_sg13
0.0,1+3+5+6+9+11+12,7,0.015693105990835954,0.6008179019514766,IN_BAND,surviving_machine,0.0,0.03643683675972557,0.9635631632402748,omega_sg13
0.0,1+3+5+7+9+11+12,7,0.027511493505511547,0.6031675549794142,IN_BAND,surviving_machine,0.0,0.036845772195817764,0.9631542278041826,delta_sg13
0.0,1+3+6+7+8+9+12,7,0.00871157573230942,0.6052322539200995,IN_BAND,surviving_machine,0.0,0.0440701723340158,0.955929827665984,delta_sg13
0.0,1+3+6+7+9+11+12,7,0.0468563874734218,0.6022817590831181,IN_BAND,surviving_machine,0.0,0.04272249382943952,0.9572775061705602,omega_sg13
0.0,1+3+7+8+9+10+12,7,0.005268699572575308,0.6022099295080926,IN_BAND,surviving_machine,0.0,0.030287556761374772,0.9697124432386252,delta_sg13
0.0,1+4+5+6+7+8+9,7,0.1975103471486514,0.6181620249608373,IN_BAND,surviving_machine,0.0,0.08820840367118152,0.9117915963288188,omega_sg13
0.0,1+4+5+6+7+9+10,7,0.0772823014755934,0.6184408454030519,IN_BAND,surviving_machine,0.0,0.06625065614138635,0.9337493438586135,omega_sg13
0.0,1+4+5+6+7+9+11,7,0.11986146001472864,0.6161164079563726,IN_BAND,surviving_machine,0.0,0.07017419261054648,0.9298258073894533,delta_sg13
0.0,1+4+5+6+7+9+12,7,0.11409016602063995,0.6229694854558782,IN_BAND,surviving_machine,0.0,0.06781384202643544,0.9321861579735649,omega_sg13
0.0,1+4+5+6+8+9+11,7,0.016401104034757807,0.6029463920295067,IN_BAND,surviving_machine,0.0,0.042274461612467715,0.9577255383875327,omega_sg13
0.0,1+4+5+6+8+9+12,7,0.027529977463857713,0.6110982593151151,IN_BAND,surviving_machine,0.0,0.04120917985702452,0.9587908201429752,delta_sg13
0.0,1+4+5+6+9+10+11,7,0.0031308971795768747,0.6030736104655282,IN_BAND,surviving_machine,0.0,0.03598413920591461,0.9640158607940854,delta_sg13
0.0,1+4+5+6+9+10+12,7,0.010170667783365103,0.6114578105747126,IN_BAND,surviving_machine,0.0,0.03489826451427633,0.9651017354857238,omega_sg13
0.0,1+4+5+6+9+11+12,7,0.05183177901131568,0.6080034416626283,IN_BAND,surviving_machine,0.0,0.03937484840439638,0.9606251515956032,delta_sg13
0.0,1+4+5+7+8+9+10,7,0.012143802935333799,0.6089827861955612,IN_BAND,surviving_machine,0.0,0.04014788249046786,0.9598521175095324,omega_sg13
0.0,1+4+5+7+8+9+11,7,0.049103797176359376,0.606805934676389,IN_BAND,surviving_machine,0.0,0.04362994391755945,0.9563700560824406,delta_sg13
0.0,1+4+5+7+8+9+12,7,0.054889485737740745,0.614665407094195,IN_BAND,surviving_machine,0.0,0.04242521896043329,0.9575747810395671,delta_sg13
0.0,1+4+5+7+9+10+11,7,0.027954440444102974,0.6063384068283693,IN_BAND,surviving_machine,0.0,0.036624800632216375,0.9633751993677836,delta_sg13
0.0,1+4+5+7+9+10+12,7,0.030592227507621098,0.6145169661161389,IN_BAND,surviving_machine,0.0,0.035471314045636256,0.9645286859543636,delta_sg13
0.0,1+4+5+7+9+11+12,7,0.071778452353124,0.6109312440640171,IN_BAND,surviving_machine,0.0,0.039951317704864577,0.9600486822951352,omega_sg13
0.0,1+4+5+8+9+10+11,7,0.01079396081266859,0.5961588384090816,IN_BAND,surviving_machine,0.0,0.029181832140998457,0.9708181678590013,delta_sg13
0.0,1+4+5+8+9+10+12,7,0.019770359540478816,0.6056673754115682,IN_BAND,surviving_machine,0.0,0.0283314154840161,0.9716685845159841,delta_sg13
0.0,1+4+5+8+9+11+12,7,0.059125320572773324,0.6023326045287488,IN_BAND,surviving_machine,0.0,0.03270459685684413,0.9672954031431557,omega_sg13
0.0,1+4+6+7+8+9+11,7,0.028255531045797228,0.6085024012411611,IN_BAND,surviving_machine,0.0,0.049461644977990174,0.9505383550220098,delta_sg13
0.0,1+4+6+7+8+9+12,7,0.036513832324795964,0.6155280073417794,IN_BAND,surviving_machine,0.0,0.04753901774583576,0.9524609822541643,omega_sg13
0.0,1+4+6+7+9+10+11,7,0.010283710592622508,0.6073554230946416,IN_BAND,surviving_machine,0.0,0.04118846136581985,0.9588115386341802,delta_sg13
0.0,1+4+6+7+9+10+12,7,0.014999207745120341,0.614717339970645,IN_BAND,surviving_machine,0.0,0.03940080251592334,0.9605991974840765,omega_sg13
0.0,1+4+6+7+9+11+12,7,0.05891216160493498,0.611364780397386,IN_BAND,surviving_machine,0.0,0.044292114716849955,0.9557078852831498,delta_sg13
0.0,1+4+6+8+9+11+12,7,0.035488459205500006,0.6042821492584514,IN_BAND,surviving_machine,0.0,0.03361447647580185,0.9663855235241984,omega_sg13
0.0,1+4+7+8+9+10+11,7,0.00021993303883427462,0.6013415223845069,IN_BAND,surviving_machine,0.0,0.03043680779054052,0.9695631922094597,omega_sg13
0.0,1+4+7+8+9+10+12,7,0.008257071689977385,0.6096963312014512,IN_BAND,surviving_machine,0.0,0.029152766507536006,0.9708472334924639,omega_sg13
0.0,1+4+7+8+9+11+12,7,0.049287196302343794,0.6064289133528421,IN_BAND,surviving_machine,0.0,0.03371197495922994,0.9662880250407703,omega_sg13
0.0,1+5+6+7+9+11+12,7,0.014613980998897411,0.6095445402364967,IN_BAND,surviving_machine,0.0,0.042622864497520854,0.9573771355024794,omega_sg13
0.0,1+5+6+8+9+11+12,7,0.00522239722994082,0.6031849745235381,IN_BAND,surviving_machine,0.0,0.033144028982043806,0.9668559710179563,delta_sg13
0.0,1+5+7+8+9+11+12,7,0.017506199385715515,0.6052752235872038,IN_BAND,surviving_machine,0.0,0.03320881448122717,0.9667911855187726,omega_sg13
0.0,1+6+7+8+9+11+12,7,0.0332784052747202,0.6042719864807411,IN_BAND,surviving_machine,0.0,0.038900870563167315,0.961099129436833,omega_sg13
0.0,2+3+4+5+6+7+9,7,0.02675618118640083,0.6105777135998401,IN_BAND,surviving_machine,0.0,0.1022294776909615,0.8977705223090389,omega_sg13
0.0,2+3+4+5+9+11+12,7,0.00757905162594605,0.5943884871280637,IN_BAND,surviving_machine,0.0,0.03821624879834968,0.9617837512016503,omega_sg13
0.0,2+3+4+9+10+11+12,7,0.0257116185593349,0.593328164700402,IN_BAND,surviving_machine,0.0,0.03276931729501653,0.9672306827049834,omega_sg13
0.0,2+3+5+9+10+11+12,7,0.005217884849168863,0.5922477551159627,IN_BAND,surviving_machine,0.0,0.03241276985538549,0.9675872301446142,omega_sg13
0.0,2+3+6+9+10+11+12,7,0.008890768172515995,0.5918604146709637,IN_BAND,surviving_machine,0.0,0.03423238609632741,0.9657676139036725,delta_sg13
0.0,2+3+7+9+10+11+12,7,0.014644821034138458,0.5931991295172705,IN_BAND,surviving_machine,0.0,0.03449940518994228,0.9655005948100579,delta_sg13
0.0,2+3+8+9+10+11+12,7,0.015944613773945418,0.590899616415275,IN_BAND,surviving_machine,0.0,0.030929080529202315,0.9690709194707982,delta_sg13
0.0,2+4+5+9+10+11+12,7,0.005214459226271673,0.5993061835943782,IN_BAND,surviving_machine,0.0,0.03195206837731081,0.9680479316226891,omega_sg13
0.0,3+4+5+6+7+9+11,7,0.0016930416865420517,0.6117696361306013,IN_BAND,surviving_machine,0.0,0.08009086630321285,0.9199091336967873,omega_sg13
0.0,3+4+5+6+7+9+12,7,0.012211701898999006,0.6176397412977517,IN_BAND,surviving_machine,0.0,0.07717149990058625,0.9228285000994138,omega_sg13
0.0,3+4+5+7+9+11+12,7,0.0031467472260625906,0.6059134681264136,IN_BAND,surviving_machine,0.0,0.046221624359817644,0.9537783756401825,delta_sg13
0.0,3+4+5+9+10+11+12,7,0.019158166344105,0.5988969499616412,IN_BAND,surviving_machine,0.0,0.034273490152759135,0.9657265098472407,delta_sg13
0.0,3+4+6+9+10+11+12,7,0.0014158342783317512,0.5992564487096265,IN_BAND,surviving_machine,0.0,0.03494965157419346,0.9650503484258067,omega_sg13
0.0,3+4+7+9+10+11+12,7,0.009381211650992594,0.6012520930423144,IN_BAND,surviving_machine,0.0,0.035156078875418925,0.9648439211245808,delta_sg13
0.0,3+4+8+9+10+11+12,7,0.006995667996657962,0.5973442297669315,IN_BAND,surviving_machine,0.0,0.030099901899897127,0.969900098100103,omega_sg13
0.0,4+5+6+7+9+11+12,7,0.013831395859339415,0.6135405590962238,IN_BAND,surviving_machine,0.0,0.05888269543213127,0.9411173045678689,delta_sg13
0.0,4+5+7+9+10+11+12,7,0.006531694852693143,0.6075099151828267,IN_BAND,surviving_machine,0.0,0.036867340502089965,0.9631326594979099,omega_sg13
0.0,1+2+3+4+5+6+7+8,8,0.034977390217007895,0.5986173104872301,IN_BAND,surviving_machine,0.0,0.11389191360928384,0.8861080863907163,omega_sg13
0.0,1+2+3+4+5+6+7+10,8,0.0017534583473849986,0.5993159189502445,IN_BAND,surviving_machine,0.0,0.09114427863617926,0.9088557213638209,delta_sg13
0.0,1+2+3+4+5+6+7+11,8,0.05230172112407422,0.595235702499987,IN_BAND,surviving_machine,0.0,0.09588201730352804,0.9041179826964718,omega_sg13
0.0,1+2+3+4+5+6+7+12,8,0.038853354976610105,0.6039059144329204,IN_BAND,surviving_machine,0.0,0.09066087894612607,0.9093391210538742,omega_sg13
0.0,1+2+3+4+5+7+11+12,8,0.01758384537193015,0.5970042610864563,IN_BAND,surviving_machine,0.0,0.05308827356498966,0.9469117264350104,delta_sg13
0.0,1+2+3+4+5+10+11+12,8,0.029918932603947387,0.5919572391801156,IN_BAND,surviving_machine,0.0,0.03829444023780481,0.9617055597621952,delta_sg13
0.0,1+2+3+4+6+7+11+12,8,0.01150787394914659,0.596214771458482,IN_BAND,surviving_machine,0.0,0.05637113886819096,0.9436288611318093,omega_sg13
0.0,1+2+3+4+6+8+9+10,8,0.06416221573827446,0.5939117711563581,IN_BAND,surviving_machine,0.0,0.045208797788991166,0.9547912022110088,omega_sg13
0.0,1+2+3+4+6+10+11+12,8,0.01558906678748559,0.5929066289675174,IN_BAND,surviving_machine,0.0,0.03917793815531097,0.960822061844689,delta_sg13
0.0,1+2+3+4+7+10+11+12,8,0.02591097155759592,0.5946950377940292,IN_BAND,surviving_machine,0.0,0.03981447033473874,0.960185529665261,delta_sg13
0.0,1+2+3+4+8+10+11+12,8,0.01841376762066179,0.5910575528759577,IN_BAND,surviving_machine,0.0,0.033792499920753435,0.9662075000792469,omega_sg13
0.0,1+2+3+5+6+7+8+9,8,0.17155166728493984,0.6049726744127863,IN_BAND,surviving_machine,0.0,0.08916456111401491,0.9108354388859855,omega_sg13
0.0,1+2+3+5+6+7+9+10,8,0.06651592744190415,0.6053933068726995,IN_BAND,surviving_machine,0.0,0.06693406778012086,0.933065932219879,delta_sg13
0.0,1+2+3+5+6+7+9+11,8,0.1223311392950131,0.6027977101400991,IN_BAND,surviving_machine,0.0,0.0719022717466291,0.9280977282533708,delta_sg13
0.0,1+2+3+5+6+8+9+10,8,0.0117946864834481,0.5928745608493088,IN_BAND,surviving_machine,0.0,0.04356013757104688,0.9564398624289528,omega_sg13
0.0,1+2+3+5+6+8+9+11,8,0.058828726729995284,0.5902984914202538,IN_BAND,surviving_machine,0.0,0.04782062664746569,0.9521793733525347,omega_sg13
0.0,1+2+3+5+6+8+9+12,8,0.06254314289407535,0.5978443027293688,IN_BAND,surviving_machine,0.0,0.04580559412891361,0.9541944058710867,omega_sg13
0.0,1+2+3+5+6+9+10+11,8,0.0490007943042252,0.5918157707432694,IN_BAND,surviving_machine,0.0,0.04175496283937466,0.9582450371606254,delta_sg13
0.0,1+2+3+5+6+9+10+12,8,0.04749816029593606,0.5996068192455479,IN_BAND,surviving_machine,0.0,0.03978601632274304,0.9602139836772569,omega_sg13
0.0,1+2+3+5+7+8+9+10,8,0.03974664938749206,0.5964719785754574,IN_BAND,surviving_machine,0.0,0.046130380121341956,0.953869619878658,delta_sg13
0.0,1+2+3+5+7+8+9+11,8,0.08790444908083994,0.5937009341989183,IN_BAND,surviving_machine,0.0,0.05045612513888663,0.9495438748611135,omega_sg13
0.0,1+2+3+5+7+9+10+11,8,0.07067264438402068,0.5946254595917387,IN_BAND,surviving_machine,0.0,0.043236775381790674,0.9567632246182092,omega_sg13
0.0,1+2+3+6+7+8+9+10,8,0.07411864296813053,0.5954633399883353,IN_BAND,surviving_machine,0.0,0.05616140826908362,0.9438385917309167,delta_sg13
0.0,1+2+3+6+7+8+9+11,8,0.1280211394648627,0.5928898141747588,IN_BAND,surviving_machine,0.0,0.06153850067237847,0.9384614993276216,delta_sg13
0.0,1+2+3+6+7+9+10+11,8,0.09989647965733497,0.5942569291804938,IN_BAND,surviving_machine,0.0,0.051622198500247185,0.9483778014997528,delta_sg13
0.0,1+2+3+6+7+10+11+12,8,0.013750819637719763,0.5916044602764045,IN_BAND,surviving_machine,0.0,0.04299360658391438,0.9570063934160854,omega_sg13
0.0,1+2+3+7+8+10+11+12,8,0.0066594953950297325,0.5909309707436516,IN_BAND,surviving_machine,0.0,0.035467596377329214,0.9645324036226707,delta_sg13
0.0,1+2+4+5+6+7+11+12,8,0.008849656023213234,0.6075428586328723,IN_BAND,surviving_machine,0.0,0.06679061728977474,0.9332093827102251,delta_sg13
0.0,1+2+4+5+6+8+9+10,8,0.07632369294107016,0.6021759062094182,IN_BAND,surviving_machine,0.0,0.0487636041132381,0.951236395886762,omega_sg13
0.0,1+2+4+5+7+10+11+12,8,0.007742440867145852,0.6033366815196055,IN_BAND,surviving_machine,0.0,0.04063183541916418,0.959368164580836,delta_sg13
0.0,1+2+4+6+8+9+10+11,8,0.05527667157272398,0.5965402001914355,IN_BAND,surviving_machine,0.0,0.03716286761030294,0.9628371323896973,omega_sg13
0.0,1+2+5+6+7+8+9+10,8,0.020574056900350135,0.6083326080907687,IN_BAND,surviving_machine,0.0,0.05578085666317139,0.9442191433368285,delta_sg13
0.0,1+2+5+6+7+8+9+11,8,0.06743979003520179,0.6058766224753583,IN_BAND,surviving_machine,0.0,0.06012142628685994,0.9398785737131401,delta_sg13
0.0,1+2+5+6+7+8+9+12,8,0.06460582917605923,0.6121579900751134,IN_BAND,surviving_machine,0.0,0.057040899614188754,0.9429591003858113,delta_sg13
0.0,1+2+5+6+7+9+10+11,8,0.04376016413573375,0.6046071147817756,IN_BAND,surviving_machine,0.0,0.049627471444504676,0.9503725285554953,omega_sg13
0.0,1+2+5+6+7+9+10+12,8,0.03791155183758166,0.6113223553442964,IN_BAND,surviving_machine,0.0,0.04698068251928745,0.9530193174807124,delta_sg13
0.0,1+2+5+6+8+9+10+11,8,0.017697556543118637,0.5952671204069808,IN_BAND,surviving_machine,0.0,0.03664185892193868,0.9633581410780612,omega_sg13
0.0,1+2+5+6+8+9+10+12,8,0.019866615390654367,0.6035912483206709,IN_BAND,surviving_machine,0.0,0.03497613554466058,0.9650238644553394,omega_sg13
0.0,1+2+5+7+8+9+10+11,8,0.03715219781898077,0.5977945908946801,IN_BAND,surviving_machine,0.0,0.037327446028803626,0.9626725539711961,delta_sg13
0.0,1+2+5+7+8+9+10+12,8,0.03501254945411015,0.6059559485311207,IN_BAND,surviving_machine,0.0,0.035488230378550624,0.9645117696214496,omega_sg13
0.0,1+2+6+7+8+9+10+11,8,0.0597254877831318,0.597457426968519,IN_BAND,surviving_machine,0.0,0.044594769199649505,0.9554052308003502,omega_sg13
0.0,1+2+6+7+8+9+10+12,8,0.055063917518603206,0.6052975126638319,IN_BAND,surviving_machine,0.0,0.04193601390256554,0.9580639860974346,delta_sg13
0.0,1+3+4+5+6+7+8+11,8,0.004310503240682287,0.6054959972718118,IN_BAND,surviving_machine,0.0,0.08966577113553205,0.9103342288644678,omega_sg13
0.0,1+3+4+5+6+7+10+11,8,0.015116850015849032,0.6032609475117237,IN_BAND,surviving_machine,0.0,0.07421197805052196,0.925788021949478,delta_sg13
0.0,1+3+4+5+6+7+10+12,8,0.000828741084132445,0.6122710805205314,IN_BAND,surviving_machine,0.0,0.07030132491797722,0.9296986750820228,delta_sg13
0.0,1+3+4+5+6+7+11+12,8,0.04733528388366157,0.6070876157439915,IN_BAND,surviving_machine,0.0,0.0759832946295274,0.9240167053704728,delta_sg13
0.0,1+3+4+5+6+10+11+12,8,0.01149066272525405,0.6000138926325479,IN_BAND,surviving_machine,0.0,0.04377465824250968,0.9562253417574903,omega_sg13
0.0,1+3+4+5+7+10+11+12,8,0.027936111804136216,0.6025898509448498,IN_BAND,surviving_machine,0.0,0.044845379105056725,0.9551546208949433,delta_sg13
0.0,1+3+4+5+8+10+11+12,8,0.00961065910295339,0.5971773546167081,IN_BAND,surviving_machine,0.0,0.03524471299181637,0.9647552870081838,omega_sg13
0.0,1+3+4+6+7+10+11+12,8,0.019862913754064748,0.6018842061513378,IN_BAND,surviving_machine,0.0,0.04836617759398156,0.9516338224060186,omega_sg13
0.0,1+3+4+7+8+10+11+12,8,0.0020391183722938237,0.5997246474477744,IN_BAND,surviving_machine,0.0,0.036465982529856146,0.963534017470144,omega_sg13
0.0,1+3+5+6+7+8+9+10,8,0.08025790081307393,0.6107610993376497,IN_BAND,surviving_machine,0.0,0.06493353854417186,0.9350664614558283,omega_sg13
0.0,1+3+5+6+7+8+9+11,8,0.13174237014131676,0.6080688563500064,IN_BAND,surviving_machine,0.0,0.06936929422843352,0.9306307057715667,delta_sg13
0.0,1+3+5+6+7+9+10+11,8,0.0895491509242628,0.6065067412323863,IN_BAND,surviving_machine,0.0,0.056061047462245585,0.9439389525377544,omega_sg13
0.0,1+3+5+6+7+9+10+12,8,0.07339615465022081,0.612687447343513,IN_BAND,surviving_machine,0.0,0.052861682555528866,0.9471383174444711,delta_sg13
0.0,1+3+5+6+8+9+10+11,8,0.05098038805705626,0.5956318857760521,IN_BAND,surviving_machine,0.0,0.04034933006346591,0.9596506699365341,delta_sg13
0.0,1+3+5+6+8+9+10+12,8,0.045715609314963525,0.6037668770526848,IN_BAND,surviving_machine,0.0,0.038355245863772695,0.9616447541362274,omega_sg13
0.0,1+3+5+7+8+9+10+11,8,0.07432683080137453,0.5984442275414561,IN_BAND,surviving_machine,0.0,0.04136100565950513,0.9586389943404947,delta_sg13
0.0,1+3+6+7+8+9+10+11,8,0.10310424477918978,0.5982743754753068,IN_BAND,surviving_machine,0.0,0.05007577827109285,0.9499242217289071,delta_sg13
0.0,1+4+5+6+7+10+11+12,8,0.030622786881241773,0.6095246556123092,IN_BAND,surviving_machine,0.0,0.05525158109719269,0.9447484189028068,delta_sg13
0.0,1+5+6+7+8+9+10+11,8,0.07232713785265363,0.6058074100638562,IN_BAND,surviving_machine,0.0,0.04967526744911519,0.9503247325508849,delta_sg13
0.0,1+5+6+7+8+9+10+12,8,0.05937158492784851,0.6135963627349866,IN_BAND,surviving_machine,0.0,0.04696392700895052,0.9530360729910493,omega_sg13
0.0,2+3+4+5+6+8+9+11,8,0.004738745168763797,0.5945228931082572,IN_BAND,surviving_machine,0.0,0.0569363987737675,0.9430636012262327,delta_sg13
0.0,2+3+4+5+6+8+9+12,8,0.017927443796403264,0.6015357622573382,IN_BAND,surviving_machine,0.0,0.055228437460644104,0.9447715625393562,omega_sg13
0.0,2+3+4+5+6+9+10+11,8,0.018672714345037728,0.5934752573144777,IN_BAND,surviving_machine,0.0,0.05042602187026213,0.949573978129738,omega_sg13
0.0,2+3+4+5+6+9+10+12,8,0.024051623001339215,0.6011750772393168,IN_BAND,surviving_machine,0.0,0.04897907546335483,0.9510209245366453,delta_sg13
0.0,2+3+4+5+7+8+9+11,8,0.03599817121455311,0.5998959219620168,IN_BAND,surviving_machine,0.0,0.06162708591345229,0.9383729140865475,delta_sg13
0.0,2+3+4+5+7+8+9+12,8,0.04282812825899315,0.6063142398453834,IN_BAND,surviving_machine,0.0,0.059402616862926784,0.9405973831370731,omega_sg13
0.0,2+3+4+5+7+9+10+11,8,0.0444670839199682,0.5976551309327975,IN_BAND,surviving_machine,0.0,0.05353551274466581,0.9464644872553344,omega_sg13
0.0,2+3+4+5+7+9+10+12,8,0.04391686299830197,0.6049650948102078,IN_BAND,surviving_machine,0.0,0.051735918507215935,0.9482640814927842,delta_sg13
0.0,2+3+4+5+8+9+10+12,8,0.009679447285043954,0.5975555283455862,IN_BAND,surviving_machine,0.0,0.03798605860907505,0.962013941390925,omega_sg13
0.0,2+3+4+6+7+8+9+11,8,0.016068056436116918,0.6002840357977032,IN_BAND,surviving_machine,0.0,0.06700709732291767,0.9329929026770818,delta_sg13
0.0,2+3+4+6+7+8+9+12,8,0.028246984951290965,0.6060234268746968,IN_BAND,surviving_machine,0.0,0.06381159050889589,0.9361884094911042,delta_sg13
0.0,2+3+4+6+7+9+10+11,8,0.02974209729501033,0.5982318694206619,IN_BAND,surviving_machine,0.0,0.05822848804723466,0.9417715119527652,delta_sg13
0.0,2+3+4+6+7+9+10+12,8,0.03334761122565726,0.6047402363995653,IN_BAND,surviving_machine,0.0,0.05550788702243758,0.9444921129775623,delta_sg13
0.0,2+3+4+6+7+9+11+12,8,0.0857716535724297,0.6007463073375011,IN_BAND,surviving_machine,0.0,0.06084265270305747,0.9391573472969429,delta_sg13
0.0,2+3+4+6+8+9+11+12,8,0.03182951402827346,0.594952227363845,IN_BAND,surviving_machine,0.0,0.04319684903577485,0.9568031509642249,omega_sg13
0.0,2+3+4+7+8+9+11+12,8,0.043270389733814,0.5974361701811897,IN_BAND,surviving_machine,0.0,0.044486769159534895,0.9555132308404649,delta_sg13
0.0,2+3+5+6+7+9+11+12,8,0.0353511261011521,0.5974461701292392,IN_BAND,surviving_machine,0.0,0.05777076013629445,0.9422292398637059,omega_sg13
0.0,2+3+5+6+8+9+11+12,8,0.0004015621699169601,0.5928198784088031,IN_BAND,surviving_machine,0.0,0.04245292990825789,0.9575470700917421,omega_sg13
0.0,2+3+5+7+8+9+11+12,8,0.009108974237956674,0.5951408056165978,IN_BAND,surviving_machine,0.0,0.043837817635439834,0.9561621823645602,omega_sg13
0.0,2+3+6+7+8+9+11+12,8,0.03265666348574156,0.5941389555058842,IN_BAND,surviving_machine,0.0,0.048884222366572805,0.9511157776334271,delta_sg13
0.0,2+4+5+6+7+8+9+10,8,0.007269869160979048,0.6163036490156393,IN_BAND,surviving_machine,0.0,0.07913010268355201,0.920869897316448,omega_sg13
0.0,2+4+5+6+7+8+9+11,8,0.05380643455092913,0.6136103469990709,IN_BAND,surviving_machine,0.0,0.08331721302187445,0.9166827869781257,omega_sg13
0.0,2+4+5+6+7+8+9+12,8,0.055576228306329786,0.6194790050536165,IN_BAND,surviving_machine,0.0,0.08013516450634675,0.9198648354936532,omega_sg13
0.0,2+4+5+6+7+9+10+11,8,0.050183168666206826,0.6090346326855117,IN_BAND,surviving_machine,0.0,0.06933689220965812,0.930663107790342,omega_sg13
0.0,2+4+5+6+7+9+10+12,8,0.04597913389254719,0.615848597296848,IN_BAND,surviving_machine,0.0,0.06687381675250215,0.9331261832474979,omega_sg13
0.0,2+4+5+6+8+9+11+12,8,0.01516996097127088,0.6029449223099559,IN_BAND,surviving_machine,0.0,0.046163602292631646,0.9538363977073683,omega_sg13
0.0,2+4+5+7+8+9+11+12,8,0.03131708587399726,0.6063672767670173,IN_BAND,surviving_machine,0.0,0.04759569980755042,0.9524043001924495,omega_sg13
0.0,2+4+6+7+8+9+11+12,8,0.021032035558882535,0.6057933515994585,IN_BAND,surviving_machine,0.0,0.051350192815241516,0.9486498071847584,delta_sg13
0.0,2+4+6+7+9+10+11+12,8,0.054097528794605554,0.6040014633456855,IN_BAND,surviving_machine,0.0,0.04763371436540512,0.952366285634595,omega_sg13
0.0,2+4+6+8+9+10+11+12,8,0.023364985271948586,0.5993035440883409,IN_BAND,surviving_machine,0.0,0.036394024044394985,0.963605975955605,delta_sg13
0.0,2+4+7+8+9+10+11+12,8,0.032238417845626414,0.6012753820692704,IN_BAND,surviving_machine,0.0,0.036606023715119236,0.9633939762848809,delta_sg13
0.0,2+5+6+7+9+10+11+12,8,0.016699105843193146,0.6016481850989948,IN_BAND,surviving_machine,0.0,0.04626540286079245,0.9537345971392078,omega_sg13
0.0,2+5+7+8+9+10+11+12,8,0.00535749628778856,0.599660955803721,IN_BAND,surviving_machine,0.0,0.03638657026751892,0.9636134297324811,delta_sg13
0.0,2+6+7+8+9+10+11+12,8,0.021736222740342905,0.5986003323129244,IN_BAND,surviving_machine,0.0,0.04067336857780694,0.9593266314221931,omega_sg13
0.0,3+4+5+6+7+8+9+10,8,0.08021997795279329,0.6203134258911218,IN_BAND,surviving_machine,0.0,0.09370082196796262,0.9062991780320376,omega_sg13
0.0,3+4+5+6+8+9+11+12,8,0.041800807837521645,0.6031767644070994,IN_BAND,surviving_machine,0.0,0.050462491489262185,0.9495375085107377,delta_sg13
0.0,3+4+5+7+8+9+10+11,8,0.014642989060057232,0.6039463353199341,IN_BAND,surviving_machine,0.0,0.04942879753797631,0.9505712024620238,delta_sg13
0.0,3+4+5+7+8+9+10+12,8,0.01579090691036382,0.6111789615549104,IN_BAND,surviving_machine,0.0,0.047769896598211556,0.9522301034017885,delta_sg13
0.0,3+4+6+7+8+9+10+12,8,0.001188157957278363,0.6105296154304344,IN_BAND,surviving_machine,0.0,0.05169300493431853,0.9483069950656815,delta_sg13
0.0,3+4+6+7+8+9+11+12,8,0.04979182950035674,0.6067630935685369,IN_BAND,surviving_machine,0.0,0.05685619166134153,0.9431438083386584,delta_sg13
0.0,3+5+6+7+8+9+11+12,8,9.119762163534162e-05,0.6034730149044323,IN_BAND,surviving_machine,0.0,0.054935767025540434,0.9450642329744596,omega_sg13
0.0,3+5+6+7+9+10+11+12,8,0.037966522117004575,0.6018388641522582,IN_BAND,surviving_machine,0.0,0.0504096789296639,0.949590321070336,omega_sg13
0.0,3+5+6+8+9+10+11+12,8,0.012771225713416517,0.5974676359603834,IN_BAND,surviving_machine,0.0,0.03867507624882539,0.9613249237511745,omega_sg13
0.0,3+5+7+8+9+10+11+12,8,0.021146172032985355,0.599518449874364,IN_BAND,surviving_machine,0.0,0.0391674665774793,0.9608325334225206,delta_sg13
0.0,3+6+7+8+9+10+11+12,8,0.04004193087708241,0.5985560199955643,IN_BAND,surviving_machine,0.0,0.04395255897448314,0.9560474410255168,delta_sg13
0.0,4+5+6+7+8+9+10+11,8,0.043495379093471905,0.6124246953351566,IN_BAND,surviving_machine,0.0,0.06566841162621904,0.9343315883737809,omega_sg13
0.0,4+5+6+7+8+9+10+12,8,0.0387939298906184,0.6197688049354186,IN_BAND,surviving_machine,0.0,0.0633296375796523,0.9366703624203478,omega_sg13
0.0,4+5+6+8+9+10+11+12,8,0.03626200509947942,0.6049117863073111,IN_BAND,surviving_machine,0.0,0.04117355192500584,0.9588264480749943,delta_sg13
0.0,4+6+7+8+9+10+11+12,8,0.04208748691503805,0.6073549825319426,IN_BAND,surviving_machine,0.0,0.04537481548006531,0.9546251845199347,omega_sg13
0.0,5+6+7+8+9+10+11+12,8,0.00404583603213754,0.6053570755592629,IN_BAND,surviving_machine,0.0,0.04416590139938212,0.9558340986006177,omega_sg13
0.0,1+2+3+4+5+6+8+10+11,9,0.019775461891071475,0.5859090879657054,IN_BAND,surviving_machine,0.0,0.054625473889663136,0.945374526110337,delta_sg13
0.0,1+2+3+4+5+6+8+10+12,9,0.010299440888063005,0.5962324704295814,IN_BAND,surviving_machine,0.0,0.052535963963579575,0.94746403603642,omega_sg13
0.0,1+2+3+4+5+6+8+11+12,9,0.057687881956463016,0.5906563862093965,IN_BAND,surviving_machine,0.0,0.05667239957478254,0.9433276004252172,omega_sg13
0.0,1+2+3+4+5+7+8+10+11,9,0.05500326202668082,0.5889745515889194,IN_BAND,surviving_machine,0.0,0.05882705706012076,0.941172942939879,delta_sg13
0.0,1+2+3+4+5+7+8+10+12,9,0.03616980345309995,0.5994427757856833,IN_BAND,surviving_machine,0.0,0.05605612424581269,0.9439438757541874,delta_sg13
0.0,1+2+3+4+6+7+8+10+11,9,0.04234921397311109,0.5905017562707652,IN_BAND,surviving_machine,0.0,0.06488369150518178,0.9351163084948181,delta_sg13
0.0,1+2+3+4+6+7+8+10+12,9,0.0261043793670645,0.5994159551151711,IN_BAND,surviving_machine,0.0,0.0604310809340787,0.9395689190659215,delta_sg13
0.0,1+2+3+5+6+7+8+11+12,9,0.01949706907662979,0.5917765775519633,IN_BAND,surviving_machine,0.0,0.061170024617714015,0.9388299753822859,delta_sg13
0.0,1+2+3+5+6+8+10+11+12,9,0.027174890131254986,0.5887664665999989,IN_BAND,surviving_machine,0.0,0.043068006410726355,0.9569319935892737,delta_sg13
0.0,1+2+4+5+6+7+8+10+11,9,0.0619906788899509,0.6016996019696143,IN_BAND,surviving_machine,0.0,0.07729556388904345,0.9227044361109566,delta_sg13
0.0,1+2+4+5+6+7+8+10+12,9,0.037336378270284215,0.6115011183843637,IN_BAND,surviving_machine,0.0,0.0730140184371,0.9269859815628999,delta_sg13
0.0,1+2+4+5+6+8+10+11+12,9,0.036901001956545165,0.5985471100244292,IN_BAND,surviving_machine,0.0,0.04552951610998391,0.9544704838900164,delta_sg13
0.0,1+2+4+6+7+8+10+11+12,9,0.04756224656019237,0.6007654180178884,IN_BAND,surviving_machine,0.0,0.05066952160926085,0.9493304783907394,omega_sg13
0.0,1+2+5+6+7+8+10+11+12,9,0.0043082026034187565,0.5991037587818875,IN_BAND,surviving_machine,0.0,0.048462526198719325,0.9515374738012804,delta_sg13
0.0,1+3+5+6+7+8+10+11+12,9,0.027880620807374024,0.5982067771488376,IN_BAND,surviving_machine,0.0,0.053511986955323464,0.9464880130446767,omega_sg13
0.0,2+3+4+5+6+7+8+11+12,9,0.03194121053082519,0.593823681643713,IN_BAND,surviving_machine,0.0,0.08533955796909033,0.9146604420309099,omega_sg13
0.0,2+3+4+5+6+7+10+11+12,9,0.08123722829713897,0.5915956706526795,IN_BAND,surviving_machine,0.0,0.07569322275799147,0.9243067772420085,omega_sg13
0.0,2+3+4+5+7+8+10+11+12,9,0.008993998906515865,0.5926232239772754,IN_BAND,surviving_machine,0.0,0.05276029812408054,0.9472397018759195,omega_sg13
0.0,2+3+4+6+7+8+10+11+12,9,0.009122910685436941,0.591550436865055,IN_BAND,surviving_machine,0.0,0.05496486058307106,0.9450351394169291,delta_sg13
0.0,2+3+5+6+7+8+9+10+11,9,0.05760866344762406,0.5976645401171079,IN_BAND,surviving_machine,0.0,0.06571329739590567,0.9342867026040944,delta_sg13
0.0,2+3+5+6+7+8+9+10+12,9,0.04917772217403488,0.6036207120904298,IN_BAND,surviving_machine,0.0,0.06165705224077702,0.9383429477592231,delta_sg13
0.0,3+4+5+6+7+8+10+11+12,9,0.022505317637287386,0.6011681898589988,IN_BAND,surviving_machine,0.0,0.07292977348453167,0.9270702265154686,delta_sg13
0.25,1+2+3+4+5+6+7+8+9,9,2.2758080068741604,2.343139903955497,OSCILLATORY,converter,0.0,0.9174598390347233,0.0825401609652768,theta_pll_gfl6
1.0,1+2+3+4+5+6+7+8+9+10+11,11,0.56319331411283,3.496776601352096,OSCILLATORY,converter,0.0,0.9842688029105782,0.015731197089422222,theta_pll_gfl6
1.0,1+2+3+4+5+6+7+8+9+11+12,11,0.053811723501474784,3.547076577572616,OSCILLATORY,converter,0.0,0.9707042727107238,0.029295727289276433,theta_pll_gfl6
