metric,pair,eps,n_syn,median_syn_norm,pct_syn_norm_lt_minus_0p10,n_cv,median_cv,pct_cv_lt_0
S_zeta,w+D,0.05,62,0.007668302773441172,0.0,61,0.01729617454846455,0.3114754098360656
S_zeta,w+D,0.1,62,0.022069472696906192,0.0,61,0.01729617454846455,0.3114754098360656
S_zeta,w+D,0.2,62,0.04991209754616945,0.04838709677419355,61,0.01729617454846455,0.3114754098360656
S_zeta,w+M,0.05,62,-0.002966170657092108,0.11290322580645161,61,-0.0018149072526383314,0.5081967213114754
S_zeta,w+M,0.1,62,-0.005119928887203324,0.22580645161290322,61,-0.0018149072526383314,0.5081967213114754
S_zeta,w+M,0.2,62,0.020647076852967912,0.1774193548387097,61,-0.0018149072526383314,0.5081967213114754
S_zeta,D+M,0.05,62,0.00464058018071738,0.0,62,0.03640714147183133,0.20967741935483872
S_zeta,D+M,0.1,62,0.016413039731715137,0.06451612903225806,62,0.03640714147183133,0.20967741935483872
S_zeta,D+M,0.2,62,0.03434226439295836,0.04838709677419355,62,0.03640714147183133,0.20967741935483872
S_g,w+D,0.05,62,0.000763786402409719,0.0,61,-0.052937125774324745,0.7213114754098361
S_g,w+D,0.1,62,0.04140606492944125,0.0,61,-0.052937125774324745,0.7213114754098361
S_g,w+D,0.2,62,0.14274149902187033,0.0,61,-0.052937125774324745,0.7213114754098361
S_g,w+M,0.05,62,0.0003818153534009315,0.12903225806451613,61,-0.07362958055494628,0.6721311475409836
S_g,w+M,0.1,62,0.25547186035613817,0.11290322580645161,61,-0.07362958055494628,0.6721311475409836
S_g,w+M,0.2,62,0.5423448925195331,0.11290322580645161,61,-0.07362958055494628,0.6721311475409836
S_g,D+M,0.05,62,0.022979968380308628,0.016129032258064516,62,-0.006759082333347433,0.5161290322580645
S_g,D+M,0.1,62,0.08476068376507855,0.0,62,-0.006759082333347433,0.5161290322580645
S_g,D+M,0.2,62,0.1519477284993449,0.016129032258064516,62,-0.006759082333347433,0.5161290322580645
