bus,initialized_load_MW,initialized_load_Mvar,CSV_setpoint_load_MW,CSV_setpoint_load_Mvar,initialized_admittance_real,initialized_admittance_imag
3,321.9999999999989,2.4000000953628198,322.0,2.4000000953674316,-3.0341403359403554,0.02261471147702187
4,500.00000000000017,184.0000000000021,500.0,184.0,-4.96159514059198,1.8258670117378692
7,233.8000030517584,84.00000000000291,233.80000305175784,84.0,-2.352085526713306,0.8450606572498015
8,521.9999999999997,175.9999999999977,522.0,176.0,-5.261801983558696,1.7740941553760898
12,7.499999999999988,88.00000000000026,7.5,88.0,-0.07497728556974453,0.8797334840183397
15,319.99999999999875,152.9999999999972,320.0,153.0,-3.1037712117048906,1.4839906105963792
16,329.0000000000001,32.29999923706821,329.0,32.29999923706055,-3.090486942873022,0.30341254072026697
18,158.0000000000012,30.000000000006686,158.0,30.0,-1.4866121352396173,0.28226812694429204
20,627.9999999999992,102.99999999999967,628.0,103.0,-6.392306927350694,1.0484197667470068
21,273.99999999999955,114.99999999999902,274.0,114.99999999999999,-2.5739067620390834,1.0802893344324547
23,247.49999999999966,84.59999847412101,247.5,84.5999984741211,-2.267348625615678,0.775020970777321
24,308.6000061035158,-92.19999694823949,308.6000061035156,-92.19999694824219,-2.867991561380296,-0.8568658716038415
25,224.00000000000077,47.20000076293795,224.00000000000003,47.20000076293945,-2.002773017183089,0.4220128925849687
26,138.99999999999991,16.99999999999739,139.0,17.0,-1.2558016538592365,0.1535872526302428
27,281.0000000000003,75.50000000000318,281.0,75.5,-2.609324676853837,0.7010818971618249
28,205.99999999999977,27.60000038146895,206.0,27.600000381469727,-1.8680459548254227,0.2502818886688507
29,283.4999999999995,26.899999618530977,283.5,26.899999618530273,-2.5717108383183622,0.24401770924069152
31,0.10780220734605216,0.05390110400227825,9.199999809265137,4.599999904632568,-0.0011179044471749068,0.0005589522270017849
39,375.04221586863076,84.92803801371693,1104.0,250.0,-3.5351327806925097,0.8005282564972769
