time,frequency_spread_hz,voltage_pu,voltage_deviation_pu,combined_observable
0.0,0.0,1.0299999713897703,0.0,0.0
0.02,2.842170943040401e-14,1.029999971389772,1.7763568394002505e-15,1.0658141036401503e-13
0.04,3.552713678800501e-14,1.0299999713897714,1.1102230246251565e-15,6.661338147750939e-14
0.06,2.842170943040401e-14,1.0299999713897716,1.3322676295501878e-15,7.993605777301127e-14
0.08,2.842170943040401e-14,1.0299999713897712,8.881784197001252e-16,5.3290705182007514e-14
0.1,2.842170943040401e-14,1.0299999713897725,2.220446049250313e-15,1.3322676295501878e-13
0.12,4.973799150320701e-14,1.0299999713897725,2.220446049250313e-15,1.3322676295501878e-13
0.14,4.973799150320701e-14,1.0299999713897725,2.220446049250313e-15,1.3322676295501878e-13
0.16,4.973799150320701e-14,1.0299999713897725,2.220446049250313e-15,1.3322676295501878e-13
0.18,4.973799150320701e-14,1.0299999713897725,2.220446049250313e-15,1.3322676295501878e-13
0.2,5.684341886080802e-14,1.0299999713897725,2.220446049250313e-15,1.3322676295501878e-13
0.22,6.394884621840902e-14,1.0299999713897727,2.4424906541753444e-15,1.4654943925052066e-13
0.24,7.105427357601002e-14,1.0299999713897732,2.886579864025407e-15,1.7319479184152442e-13
0.26,8.526512829121202e-14,1.0299999713897732,2.886579864025407e-15,1.7319479184152442e-13
0.28,8.526512829121202e-14,1.0299999713897736,3.3306690738754696e-15,1.9984014443252818e-13
0.3,9.947598300641403e-14,1.0299999713897738,3.552713678800501e-15,2.1316282072803006e-13
0.32,8.526512829121202e-14,1.0299999713897738,3.552713678800501e-15,2.1316282072803006e-13
0.34,6.394884621840902e-14,1.0299999713897736,3.3306690738754696e-15,1.9984014443252818e-13
0.36,6.394884621840902e-14,1.0299999713897734,3.1086244689504383e-15,1.865174681370263e-13
0.38,6.394884621840902e-14,1.0299999713897732,2.886579864025407e-15,1.7319479184152442e-13
0.4,5.684341886080802e-14,1.029999971389773,2.6645352591003757e-15,1.5987211554602254e-13
0.42,5.684341886080802e-14,1.029999971389773,2.6645352591003757e-15,1.5987211554602254e-13
0.44,5.684341886080802e-14,1.029999971389773,2.6645352591003757e-15,1.5987211554602254e-13
0.46,4.973799150320701e-14,1.0299999713897727,2.4424906541753444e-15,1.4654943925052066e-13
0.48,4.973799150320701e-14,1.0299999713897727,2.4424906541753444e-15,1.4654943925052066e-13
0.5,4.263256414560601e-14,1.0299999713897727,2.4424906541753444e-15,1.4654943925052066e-13
0.52,3.552713678800501e-14,1.0299999713897725,2.220446049250313e-15,1.3322676295501878e-13
0.54,2.842170943040401e-14,1.0299999713897727,2.4424906541753444e-15,1.4654943925052066e-13
0.56,3.552713678800501e-14,1.0299999713897725,2.220446049250313e-15,1.3322676295501878e-13
0.58,2.1316282072803006e-14,1.0299999713897723,1.9984014443252818e-15,1.199040866595169e-13
0.6,4.263256414560601e-14,1.0299999713897723,1.9984014443252818e-15,1.199040866595169e-13
0.62,4.973799150320701e-14,1.029999971389772,1.7763568394002505e-15,1.0658141036401503e-13
0.64,5.684341886080802e-14,1.029999971389772,1.7763568394002505e-15,1.0658141036401503e-13
0.66,6.394884621840902e-14,1.029999971389772,1.7763568394002505e-15,1.0658141036401503e-13
0.68,5.684341886080802e-14,1.0299999713897718,1.5543122344752192e-15,9.325873406851315e-14
0.7,6.394884621840902e-14,1.0299999713897716,1.3322676295501878e-15,7.993605777301127e-14
0.72,8.526512829121202e-14,1.0299999713897712,8.881784197001252e-16,8.526512829121202e-14
0.74,8.526512829121202e-14,1.0299999713897712,8.881784197001252e-16,8.526512829121202e-14
0.76,8.526512829121202e-14,1.029999971389771,6.661338147750939e-16,8.526512829121202e-14
0.78,8.526512829121202e-14,1.0299999713897707,4.440892098500626e-16,8.526512829121202e-14
0.8,9.237055564881302e-14,1.0299999713897705,2.220446049250313e-16,9.237055564881302e-14
0.82,9.237055564881302e-14,1.0299999713897705,2.220446049250313e-16,9.237055564881302e-14
0.84,9.237055564881302e-14,1.0299999713897703,0.0,9.237055564881302e-14
0.86,8.526512829121202e-14,1.02999997138977,2.220446049250313e-16,8.526512829121202e-14
0.88,8.526512829121202e-14,1.02999997138977,2.220446049250313e-16,8.526512829121202e-14
0.9,8.526512829121202e-14,1.0299999713897703,0.0,8.526512829121202e-14
0.92,8.526512829121202e-14,1.0299999713897705,2.220446049250313e-16,8.526512829121202e-14
0.94,8.526512829121202e-14,1.0299999713897707,4.440892098500626e-16,8.526512829121202e-14
0.96,8.526512829121202e-14,1.0299999713897712,8.881784197001252e-16,8.526512829121202e-14
0.98,9.237055564881302e-14,1.0299999713897716,1.3322676295501878e-15,9.237055564881302e-14
1.0,8.526512829121202e-14,1.0299999713897723,1.9984014443252818e-15,1.199040866595169e-13
1.0,8.526512829121202e-14,1.0299999713897723,1.9984014443252818e-15,1.199040866595169e-13
1.0,8.526512829121202e-14,1.0299999713897723,1.9984014443252818e-15,1.199040866595169e-13
1.0,8.526512829121202e-14,1.0299999713897723,1.9984014443252818e-15,1.199040866595169e-13
1.02,5.1165871582270483e-5,1.029960617854934,3.935353483619508e-5,0.002361212090171705
1.04,7.512059295322615e-5,1.0299562686560884,4.370273368192734e-5,0.0026221640209156405
1.06,0.00011052315327475526,1.0299528725999163,4.709878985398319e-5,0.0028259273912389915
1.08,0.00014472191391945444,1.029950147629379,4.9823760391198846e-5,0.0029894256234719307
1.1,0.0001776641898629805,1.0299478795393715,5.209185039878328e-5,0.0031255110239269968
1.1,0.0001776641898629805,1.0299478795393715,5.209185039878328e-5,0.0031255110239269968
1.1,0.0001776641898629805,1.0299478795393715,5.209185039878328e-5,0.0031255110239269968
1.1,0.0001776641898629805,1.0299478795393715,5.209185039878328e-5,0.0031255110239269968
1.12,0.00017983001190202685,1.0299852638213536,1.4707568416705286e-5,0.0008824541050023171
1.14,0.00016410712490966262,1.0299878392503015,1.213213946882341e-5,0.0007279283681294046
1.16,0.00015699097851040733,1.02998957934128,1.0392048490182049e-5,0.0006235229094109229
1.18,0.00014918905593930276,1.0299907159147788,9.255474991531898e-6,0.0005553284994919139
1.2,0.00014059486238693353,1.029991430777969,8.540611801333142e-6,0.0005124367080799885
1.22,0.00013119208320944153,1.0299918590751909,8.11231457942263e-6,0.0004867388747653578
1.24,0.00012101267604691657,1.0299920979351813,7.873454588969153e-6,0.0004724072753381492
1.26,0.00011011472722088911,1.0299922156161005,7.755773669737565e-6,0.00046534642018425387
1.28,9.857095907506164e-5,1.0299922593233546,7.712066415699326e-6,0.00046272398494195954
1.3,8.646266759626542e-5,1.0299922613694692,7.71002030108825e-6,0.00046260121806529497
1.32,7.387652509294185e-5,1.0299922436222073,7.727767562970556e-6,0.00046366605377823333
1.34,6.090264371039211e-5,1.0299922208257286,7.75056404167529e-6,0.0004650338425005174
1.36,4.763338870361622e-5,1.029992202798677,7.768591093304522e-6,0.00046611546559827133
1.38,3.416249271737115e-5,1.0299921959954932,7.775394277098613e-6,0.00046652365662591677
1.4,2.0584251515742835e-5,1.0299922046280037,7.766761766614394e-6,0.00046600570599686364
1.42,1.289769273427055e-5,1.0299922313000711,7.740089699170838e-6,0.0004644053819502503
1.44,1.455326982124916e-5,1.0299922775350578,7.693854712442771e-6,0.0004616312827465663
1.46,2.3953604355142488e-5,1.0299923441126222,7.627277148092304e-6,0.00045763662888553824
1.48,3.5685842327382034e-5,1.029992431241459,7.540148311280248e-6,0.0004524088986768149
1.5,4.781371020357028e-5,1.0299925387252566,7.432664513640219e-6,0.00044595987081841315
1.52,5.9446880698033056e-5,1.029992666083651,7.305306119365085e-6,0.0004383183671619051
1.54,7.050358832572101e-5,1.0299928125900002,7.158799770090596e-6,0.00042952798620543575
1.56,8.090797752657863e-5,1.0299929773336864,6.994056083842182e-6,0.0004196433650305309
1.58,9.140680778330079e-5,1.029993159247133,6.812142637313556e-6,0.0004087285582388134
1.6,0.00010118420919269511,1.0299933571474904,6.614242279878724e-6,0.0003968545367927234
1.62,0.00011016556337040129,1.0299935697498634,6.401639906838952e-6,0.0003840983944103371
1.64,0.00011829464244073051,1.029993795674556,6.175715214329358e-6,0.0003705429128597615
1.66,0.00012552179870795044,1.0299940334830753,5.937906695008266e-6,0.00035627440170049596
1.68,0.00013180375358956553,1.0299942816676781,5.689722092139249e-6,0.00034138332552835493
1.7,0.00013710450069481794,1.029994538686503,5.43270326724965e-6,0.000325962196034979
1.72,0.00014139535174706452,1.0299948029652763,5.168424493939838e-6,0.0003101054696363903
1.74,0.00014465497742577327,1.02999507289781,4.898491960281248e-6,0.0002939095176168749
1.76,0.00014686975053024298,1.0299953468808203,4.624508950001882e-6,0.0002774705370001129
1.78,0.00014803398336482587,1.0299956232934553,4.348096314998884e-6,0.00026088577889993303
1.8,0.00014814985119926405,1.029995900528581,4.070861189253705e-6,0.0002442516713552223
1.82,0.00014722737377326212,1.0299961770022459,3.7943875244028646e-6,0.00022766325146417188
1.84,0.00014528441528938174,1.0299964511536472,3.52023612304464e-6,0.0002112141673826784
1.86,0.00014234680494240592,1.0299967214459997,3.249943770544661e-6,0.00019499662623267966
1.88,0.00013844684877284408,1.029996986403219,2.9849865512687757e-6,0.00017909919307612654
1.9,0.0001336253389396802,1.0299972445810737,2.7268086966181215e-6,0.0001636085217970873
1.92,0.00012792953594242817,1.029997494598122,2.4767916482204555e-6,0.00014860749889322733
1.94,0.00012141256883779761,1.0299977351444771,2.2362452931634635e-6,0.0001341747175898078
1.96,0.0001141334352183776,1.0299979649817623,2.0064080079595925e-6,0.00012038448047757555
1.98,0.00010615709921069083,1.0299981829426688,1.788447101525037e-6,0.00010730682609150222
2.0,9.755316528270441e-5,1.0299983879461398,1.5834436304373867e-6,9.755316528270441e-5
2.02,8.839409031224932e-5,1.029998579008345,1.3923814252692068e-6,8.839409031224932e-5
2.04,7.875810271684713e-5,1.0299987552282721,1.216161498174273e-6,7.875810271684713e-5
2.06,6.872466074980821e-5,1.0299989158120857,1.055577684594411e-6,6.872466074980821e-5
2.08,5.837445265655106e-5,1.0299990600730566,9.113167136476363e-7,5.837445265655106e-5
2.1,4.778939658933723e-5,1.0299991874314816,7.839582887303465e-7,4.778939658933723e-5
2.12,3.7052769251033624e-5,1.029999297414921,6.73974849263459e-7,4.043849095580754e-5
2.14,2.7320008747722113e-5,1.0299993896660975,5.817236727878594e-7,3.4903420367271565e-5
2.16,2.0204201305773495e-5,1.02999946394245,5.074473203858787e-7,3.0446839223152722e-5
2.18,1.2961449037618422e-5,1.029999520120997,4.512687732383114e-7,2.7076126394298683e-5
2.2,1.2997112378343445e-5,1.0299995581945574,4.1319521293381456e-7,2.4791712776028874e-5
2.22,1.6522709657351697e-5,1.029999578271644,3.9311812627396137e-7,2.3587087576437682e-5
2.24,2.605972093761011e-5,1.029999580576357,3.90813413186919e-7,2.605972093761011e-5
2.26,3.566680981492709e-5,1.029999565448268,4.059415021906432e-7,3.566680981492709e-5
2.28,4.4837060329427914e-5,1.0299995333446783,4.3804509197720165e-7,4.4837060329427914e-5
2.3,5.3515346372989825e-5,1.0299994848047636,4.865850067314881e-7,5.3515346372989825e-5
2.32,6.165174436034704e-5,1.0299994205003875,5.508893827776973e-7,6.165174436034704e-5
2.34,6.920205054683493e-5,1.0299993411975936,6.301921766649343e-7,6.920205054683493e-5
2.36,7.61279974241802e-5,1.0299992477458815,7.236438888114094e-7,7.61279974241802e-5
2.38,8.239725363523576e-5,1.0299991410781242,8.303116461050308e-7,8.239725363523576e-5
2.4,8.798342400950787e-5,1.0299990222104818,9.49179288500801e-7,8.798342400950787e-5
2.42,9.286613938286337e-5,1.0299988922448196,1.0791449507330242e-6,9.286613938286337e-5
2.44,9.703041732223028e-5,1.0299987523301022,1.2190596681005417e-6,9.703041732223028e-5
2.46,0.0001004668400241826,1.0299986036608422,1.3677289281144311e-6,0.0001004668400241826
2.48,0.0001031725424880392,1.0299984475141488,1.5238756214674964e-6,0.0001031725424880392
2.5,0.0001051491882293476,1.0299982851844132,1.6862053571209401e-6,0.0001051491882293476
2.52,0.00010640296929409487,1.0299981179833062,1.8534064640807202e-6,0.00011120438784484321
2.54,0.00010694460619475876,1.0299979472397816,2.024149988733015e-6,0.0001214489993239809
2.56,0.00010678934798136197,1.0299977743000817,2.197089688626974e-6,0.00013182538131761845
2.58,0.00010595713337124835,1.0299976005282554,2.3708615148887446e-6,0.00014225169089332468
2.6,0.00010446983485223882,1.0299974272256878,2.544164082518563e-6,0.00015264984495111378
2.62,0.0001023538264988133,1.0299972557137953,2.715675974984677e-6,0.00016294055849908062
2.64,9.963847141847282e-5,1.0299970872856103,2.884104159939227e-6,0.00017304624959635362
2.66,9.635510599537156e-5,1.029996923179274,3.048210496237047e-6,0.00018289262977422283
2.68,9.253703981926265e-5,1.0299967645781154,3.2068116548877867e-6,0.0001924086992932672
2.7,8.821955570681439e-5,1.0299966126107363,3.3587790340128265e-6,0.0002015267420407696
2.72,8.34399097016103e-5,1.0299964683510943,3.5030386760226406e-6,0.00021018232056135844
2.74,7.823740351398101e-5,1.0299963328148876,3.6385748827250097e-6,0.00021831449296350058
2.76,7.265126728839277e-5,1.0299962069114275,3.7644783428270046e-6,0.00022586870056962027
2.78,6.672248663619484e-5,1.0299960914884896,3.879901280701148e-6,0.00023279407684206888
2.8,6.0492839047299185e-5,1.0299959873054434,3.984084326891235e-6,0.0002390450596134741
2.82,5.400438458025292e-5,1.0299958950243333,4.07636543697798e-6,0.0002445819262186788
2.84,4.729946597592516e-5,1.0299958152099773,4.15617979299121e-6,0.0002493707875794726
2.86,4.04207085225039e-5,1.0299957483300595,4.223059710817267e-6,0.00025338358264903604
2.88,3.3411020147866566e-5,1.0299956947552182,4.276634552047298e-6,0.0002565980731228379
2.9,2.6313754347029317e-5,1.0299956547554305,4.316634339751602e-6,0.0002589980603850961
2.92,1.918426985980659e-5,1.0299956285107965,4.342878973773168e-6,0.00026057273842639006
2.94,1.319519854803275e-5,1.0299956160894213,4.355300349034863e-6,0.0002613180209420918
2.96,1.1047834561850323e-5,1.0299956174548737,4.353934896617062e-6,0.00026123609379702373
2.98,9.371942276459322e-6,1.0299956324806159,4.338909154411041e-6,0.0002603345492646625
3.0,1.2504097384180568e-5,1.0299956609500522,4.310439718047121e-6,0.00025862638308282726
3.02,1.809620697201808e-5,1.0299957025565758,4.2688331944873426e-6,0.00025612999166924055
3.04,2.4413094990904938e-5,1.0299957569036091,4.214486161169262e-6,0.0002528691696701557
3.06,3.0489648942477743e-5,1.0299958235035354,4.147886234928677e-6,0.00024887317409572063
3.08,3.628801048449759e-5,1.0299959017889195,4.069600850753474e-6,0.00024417605104520845
3.1,4.177403928906642e-5,1.029995991166807,3.980222963217983e-6,0.00023881337779307898
3.12,4.6913613573451585e-5,1.0299960909104957,3.880479274576132e-6,0.0002328287564745679
3.14,5.1675693065078576e-5,1.0299962002521716,3.7711375986404505e-6,0.00022626825591842703
3.16,5.6032318937582204e-5,1.0299963183829088,3.6530068614482047e-6,0.00021918041168689228
3.18,5.995861386765e-5,1.0299964444526652,3.526937105036154e-6,0.00021161622630216925
3.2,6.343278197107338e-5,1.029996577570282,3.393819488328731e-6,0.00020362916929972386
3.22,6.658512608481715e-5,1.0299967168034811,3.2545862891364408e-6,0.00019527517734818645
3.24,6.937486922709013e-5,1.0299968611769814,3.11021278887047e-6,0.0001866127673322282
3.26,7.166458198071268e-5,1.0299970096997066,2.961690063640887e-6,0.00017770140381845323
3.28,7.344347508819737e-5,1.0299971614172272,2.809972543094119e-6,0.00016859835258564715
3.3,7.470390799113602e-5,1.029997315301766,2.656088004204804e-6,0.00015936528025228824
3.32,7.544178323115602e-5,1.0299974703458394,2.5010439308470467e-6,0.0001500626358508228
3.34,7.565654647123665e-5,1.029997625562236,2.345827534222522e-6,0.00014074965205335133
3.36,7.535118647439276e-5,1.0299977799839974,2.1914057728444902e-6,0.00013148434637066941
3.38,7.453223514630736e-5,1.029997932664402,2.0387253683029627e-6,0.00012232352209817776
3.4,7.320976747848817e-5,1.0299980826769497,1.8887128205857806e-6,0.00011332276923514684
3.42,7.13974016051111e-5,1.0299982291153489,1.7422744214012909e-6,0.00010453646528407745
3.44,6.911244322083121e-5,1.0299983711049139,1.6002848564067307e-6,9.601709138440384e-5
3.46,6.637320093005883e-5,1.0299985078561704,1.4635335998658405e-6,8.781201599195043e-5
3.48,6.320404423121317e-5,1.0299986385844686,1.3328053016792296e-6,7.996831810075378e-5
3.5,5.9631530398007726e-5,1.0299987625658173,1.2088239529362e-6,7.2529437176172e-5
3.52,5.5684314418158465e-5,1.0299988791380505,1.0922517197364812e-6,6.553510318418887e-5
3.54,5.139314905733272e-5,1.0299989877008013,9.836889689474049e-7,5.902133813684429e-5
3.56,4.6790884773884045e-5,1.0299990877154759,8.836742944051679e-7,5.302045766431007e-5
3.58,4.1912469754379345e-5,1.029999178705227,7.926845433381402e-7,4.756107260028841e-5
3.6,3.679494992070431e-5,1.0299992602549264,7.111348439003962e-7,4.266809063402377e-5
3.62,3.1477899142373644e-5,1.0299993320183112,6.39371459110194e-7,3.836228754661164e-5
3.64,2.5997589233384133e-5,1.0299993937120806,5.776776896837532e-7,3.466066138102519e-5
3.66,2.03948823269684e-5,1.029999445134044,5.262557263296941e-7,3.1575343579781645e-5
3.68,1.471091444926742e-5,1.0299994861524215,4.852373487462813e-7,2.911424092477688e-5
3.7,9.4657719529323e-6,1.0299995167023686,4.546874017297142e-7,2.7281244103782853e-5
3.72,9.546362925050289e-6,1.0299995367859385,4.3460383181148643e-7,2.6076229908689186e-5
3.74,1.0184969546855882e-5,1.029999546472046,4.24917724339835e-7,2.54950634603901e-5
3.76,1.1931225053274375e-5,1.0299995458964268,4.2549334344776923e-7,2.5529600606866154e-5
3.78,1.5761098616451363e-5,1.029999535261598,4.3612817224314426e-7,2.6167690334588656e-5
3.8,1.9363451855269886e-5,1.0299995148368164,4.5655295388691286e-7,2.739317723321477e-5
3.82,2.405282537409903e-5,1.0299994849640048,4.864257654446646e-7,2.918554592667988e-5
3.84,2.8999133562024326e-5,1.0299994459825141,5.254072561466927e-7,3.152443536880156e-5
3.86,3.369680094067462e-5,1.0299993983487612,5.730410090887261e-7,3.438246054532357e-5
3.88,3.811672322484583e-5,1.0299993425626996,6.288270706367172e-7,3.811672322484583e-5
3.9,4.223243572454294e-5,1.0299992791591555,6.9223061482937e-7,4.223243572454294e-5
3.92,4.602011323129318e-5,1.029999208707805,7.626819653605565e-7,4.602011323129318e-5
3.94,4.945857001104059e-5,1.0299991318131523,8.395766180058217e-7,5.0374597080349304e-5
3.96,5.252925988230572e-5,1.02999904911451,9.222752603843531e-7,5.533651562306119e-5
3.98,5.521627615223679e-5,1.0299989612859775,1.010103792831174e-6,6.060622756987044e-5
4.0,5.750635161660966e-5,1.0299988690364223,1.1023533479370684e-6,6.61412008762241e-5
4.02,5.93891148312764e-5,1.0299987731028373,1.1982869330129375e-6,7.189721598077625e-5
4.04,6.085675416755976e-5,1.0299986741649494,1.2972248208953374e-6,7.783348925372024e-5
4.06,6.190513172299461e-5,1.0299985729891938,1.39840057644669e-6,8.39040345868014e-5
4.08,6.253282882084932e-5,1.0299984703325091,1.5010572611551254e-6,9.006343566930752e-5
4.1,6.274110389625775e-5,1.0299983669383885,1.604451381753691e-6,9.626708290522146e-5
4.12,6.253389262411702e-5,1.0299982635368992,1.7078528711245156e-6,0.00010247117226747093
4.14,6.191780782671685e-5,1.0299981608447002,1.8105450700911518e-6,0.00010863270420546911
4.16,6.090213947373968e-5,1.0299980595650635,1.911824706768428e-6,0.00011470948240610568
4.18,5.949885476042027e-5,1.029997960387894,2.0110018763563886e-6,0.00012066011258138332
4.2,5.77226184006463e-5,1.0299978639899754,2.107399794892828e-6,0.00012644398769356968
4.22,5.559069289517993e-5,1.029997771017486,2.2003722843777496e-6,0.00013202233706266497
4.24,5.312013015412731e-5,1.0299976820494836,2.289340286676378e-6,0.00013736041720058267
4.26,5.033302721102473e-5,1.0299975976685642,2.373721206039292e-6,0.00014242327236235752
4.28,4.725270348160393e-5,1.0299975184094077,2.452980362610546e-6,0.00014717882175663277
4.3,4.3903700834846404e-5,1.029997444758819,2.526630951349418e-6,0.00015159785708096507
4.32,4.031178355035081e-5,1.029997377155762,2.594234008279628e-6,0.00015565404049677767
4.34,3.6503938368070976e-5,1.029997315991396,2.6553983742960696e-6,0.00015932390245776418
4.36,3.250837442436705e-5,1.029997261609107,2.7097806631903865e-6,0.0001625868397914232
4.38,2.8354523301743484e-5,1.0299972143045417,2.757085228566325e-6,0.0001654251137139795
4.4,2.4073234513366515e-5,1.029997174324423,2.7970653473374796e-6,0.00016782392084024877
4.42,1.9695270971453738e-5,1.029997141862887,2.829526883241229e-6,0.00016977161299447374
4.44,1.5249871069045184e-5,1.0299971170655393,2.854324230971983e-6,0.00017125945385831898
4.46,1.076920514719859e-5,1.0299971000104855,2.8713792847856467e-6,0.0001722827570871388
4.48,6.314756475944705e-6,1.0299970907271252,2.88066264508835e-6,0.000172839758705301
4.5,4.752358229609399e-6,1.029997089196171,2.88219359934061e-6,0.0001729316159604366
4.52,5.009137545641806e-6,1.0299970953496635,2.876040106736255e-6,0.0001725624064041753
4.54,7.290980697405303e-6,1.029997109070988,2.862318782215212e-6,0.0001717391269329127
4.56,1.1220124783051233e-5,1.0299971301948865,2.8411948838069634e-6,0.0001704716930284178
4.58,1.5165288061780302e-5,1.0299971585074663,2.8128823039708095e-6,0.00016877293823824857
4.6,1.9066291095271026e-5,1.0299971937439878,2.7776457824923995e-6,0.00016665874694954397
4.62,2.277771044845167e-5,1.0299972356041587,2.7357856116072554e-6,0.00016414713669643533
4.64,2.6278042824401382e-5,1.029997283779056,2.6876107142026484e-6,0.0001612566428521589
4.66,2.954633967533482e-5,1.0299973378759173,2.6335138529898217e-6,0.0001580108311793893
4.68,3.256386629146846e-5,1.0299973974813026,2.5739084676956736e-6,0.00015443450806174042
4.7,3.5314101808126e-5,1.029997462161092,2.509228678393427e-6,0.00015055372070360562
4.72,3.778273907784069e-5,1.029997531460477,2.43992929327419e-6,0.0001463957575964514
4.74,3.995768483378015e-5,1.0299976049039585,2.366485811755581e-6,0.00014198914870533486
4.76,4.1829059547637826e-5,1.029997681995339,2.2893944313651104e-6,0.00013736366588190663
4.78,4.3389197571741533e-5,1.0299977622177185,2.209172051736985e-6,0.0001325503231042191
4.8,4.46326893808191e-5,1.0299978450319827,2.1263577876240447e-6,0.00012758146725744268
4.82,4.555646354020837e-5,1.0299979298906456,2.0414991246386904e-6,0.00012248994747832143
4.84,4.6158830201648016e-5,1.0299980162884461,1.955101324169206e-6,0.00011730607945015237
4.86,4.644188005897831e-5,1.029998103661849,1.8677279212120368e-6,0.00011206367527272221
4.88,4.640956770174398e-5,1.0299981914614704,1.7799282998609556e-6,0.00010679569799165733
4.9,4.606771145887478e-5,1.0299982791520668,1.6922377035211156e-6,0.00010153426221126693
4.92,4.54239935478995e-5,1.0299983662125278,1.6051772424585664e-6,9.631063454751398e-5
4.94,4.448795991862653e-5,1.029998452135868,1.5192539022379492e-6,9.115523413427695e-5
4.96,4.327102040235786e-5,1.0299985364292212,1.4349605490515671e-6,8.609763294309403e-5
4.98,4.178644856978053e-5,1.0299986186138343,1.3527759359366343e-6,8.116655615619806e-5
5.0,4.004938190149687e-5,1.0299986982250628,1.2731647074382124e-6,7.638988244629275e-5
5.02,3.807718455561826e-5,1.0299987748114943,1.1965782760192667e-6,7.1794696561156e-5
5.04,3.588565389378573e-5,1.0299988479801625,1.1234096077838984e-6,6.74045764670339e-5
5.06,3.349425377763282e-5,1.0299989173436663,1.0540461039543203e-6,6.324276623725922e-5
5.08,3.0923596753495985e-5,1.029998982542785,9.888469851837556e-7,5.9330819111025335e-5
5.1,2.8194642183621e-5,1.0299990432538952,9.281358750445889e-7,5.5688152502675337e-5
5.12,2.5328696352744373e-5,1.0299990991889652,8.722008051353924e-7,5.2332048308123547e-5
5.14,2.2347412354406515e-5,1.0299991500955477,8.21294222630442e-7,4.927765335782652e-5
5.16,1.9272790154900576e-5,1.0299991957567767,7.756329936103867e-7,4.6537979616623204e-5
5.18,1.6127176557745315e-5,1.0299992359913603,7.353984099456312e-7,4.412390459673787e-5
5.2,1.293326524631766e-5,1.029999270653576,7.007361941813173e-7,4.2044171650879036e-5
5.22,1.0100767553922196e-5,1.0299992996376286,6.717521416899075e-7,4.030512850139445e-5
5.24,7.465015841034983e-6,1.029999322868384,6.485213863705042e-7,3.891128318223025e-5
5.26,4.785251924488421e-6,1.0299993403036192,6.310861511149568e-7,3.786516906689741e-5
5.28,3.2952683497455837e-6,1.0299993519597703,6.194299999595643e-7,3.7165799997573856e-5
5.3,4.111461485933887e-6,1.0299993578867457,6.135030246046114e-7,3.681018147627668e-5
5.32,6.942258188757933e-6,1.0299993581679214,6.13221848855261e-7,3.679331093131566e-5
5.34,9.669891490204918e-6,1.0299993529201352,6.184696350608476e-7,3.710817810365086e-5
5.36,1.2278341372962132e-5,1.0299993422936817,6.290960885557695e-7,3.774576531334617e-5
5.38,1.4752919355487393e-5,1.0299993264723066,6.449174636546928e-7,3.869504781928157e-5
5.4,1.7080168547067842e-5,1.0299993056732009,6.657165694257117e-7,3.99429941655427e-5
5.42,1.9289114462139878e-5,1.029999280146996,6.912427743532845e-7,4.147456646119707e-5
5.44,2.147406845409705e-5,1.0299992501777584,7.212120118893495e-7,4.327272071336097e-5
5.46,2.347144036463078e-5,1.0299992160969185,7.552928518173019e-7,4.531757110903811e-5
5.48,2.52710263453082e-5,1.0299991781966176,7.931931527149771e-7,4.759158916289863e-5
5.5,2.6864481917243666e-5,1.0299991368231904,8.345665798437096e-7,5.007399479062258e-5
5.52,2.8245146445726732e-5,1.0299990923752478,8.790145225034962e-7,5.274087135020977e-5
5.54,2.9407820001381424e-5,1.0299990452567431,9.2613302715705e-7,5.5567981629423e-5
5.56,3.034876331042824e-5,1.029998995876973,9.75512797207756e-7,5.853076783246536e-5
5.58,3.1065697768895006e-5,1.0299989446505806,1.0267391896690015e-6,6.160435138014009e-5
5.6,3.155780545682774e-5,1.0299988919975576,1.079392212721686e-6,6.476353276330116e-5
5.62,3.18257291311852e-5,1.0299988383432483,1.1330465219394625e-6,6.798279131636775e-5
5.64,3.187157225426063e-5,1.029998784118352,1.1872714182903366e-6,7.12362850974202e-5
5.66,3.169889892262745e-5,1.0299987297589277,1.2416308425855505e-6,7.449785055513303e-5
5.68,3.131273395950984e-5,1.0299986757063981,1.2956833721489147e-6,7.774100232893488e-5
5.7,3.0719985929295035e-5,1.0299986224147173,1.3489750529949163e-6,8.093850317969498e-5
5.72,2.992637377730034e-5,1.0299985702574783,1.4011322919671443e-6,8.406793751802866e-5
5.74,2.894068143888262e-5,1.0299985196459993,1.4517437709749004e-6,8.710462625849402e-5
5.76,2.777306645640465e-5,1.0299984709852226,1.500404547716272e-6,9.002427286297632e-5
5.78,2.6434270601782828e-5,1.029998424653355,1.546736415392047e-6,9.280418492352283e-5
5.8,2.4935619890698035e-5,1.0299983810018736,1.59038789671051e-6,9.54232738026306e-5
5.82,2.328902466075533e-5,1.0299983403555328,1.631034237448148e-6,9.786205424688887e-5
5.84,2.150697957858938e-5,1.0299983030123718,1.6683773984560446e-6,0.00010010264390736268
5.86,1.96025634693342e-5,1.0299982692437195,1.7021460507748998e-6,0.00010212876304649399
5.88,1.7589439543996832e-5,1.0299982392942,1.7320955703059582e-6,0.00010392573421835749
5.9,1.5481855236032516e-5,1.029998213381737,1.7580080333701176e-6,0.00010548048200220705
5.92,1.3294642286609815e-5,1.029998191697559,1.7796922113788582e-6,0.0001067815326827315
5.94,1.1043399155141742e-5,1.0299981743976276,1.7969921426441715e-6,0.00010781952855865029
5.96,8.741381591903519e-6,1.0299981616157377,1.8097740326350475e-6,0.00010858644195810285
5.98,6.414865772796929e-6,1.0299981534317288,1.8179580414390273e-6,0.00010907748248634164
6.0,4.257963546194787e-6,1.0299981498921473,1.8214976229558033e-6,0.0001092898573773482
6.02,3.5785508814001332e-6,1.0299981510127254,1.8203770448810275e-6,0.00010922262269286165
6.04,3.4809490330189874e-6,1.0299981567783776,1.8146113927031138e-6,0.00010887668356218683
6.06,4.691274831714054e-6,1.0299981671432026,1.804246567704837e-6,0.00010825479406229022
6.08,6.324714888705785e-6,1.0299981820304782,1.7893592920703583e-6,0.0001073615575242215
6.1,7.87189578232983e-6,1.0299982013326592,1.7700571111056718e-6,0.0001062034266663403
6.12,9.715253845854477e-6,1.029998224911374,1.7464783963472286e-6,0.00010478870378083371
6.14,1.1818190181145383e-5,1.0299982525974198,1.7187923504469182e-6,0.0001031275410268151
6.16,1.3832687443482428e-5,1.0299982841904973,1.687199272959461e-6,0.00010123195637756766
6.18,1.574690459449357e-5,1.0299983194563453,1.6519334249398554e-6,9.911600549639132e-5
6.2,1.7551172135199522e-5,1.0299983582080492,1.613181721094037e-6,9.679090326564221e-5
6.22,1.9235109995463517e-5,1.029998400159863,1.5712299072934144e-6,9.427379443760486e-5
6.24,2.0789284718603085e-5,1.0299984450201607,1.5263696095946244e-6,9.158217657567747e-5
6.26,2.2205209504022605e-5,1.029998492491426,1.4788983442315384e-6,8.87339006538923e-5
6.28,2.3475344093526473e-5,1.0299985422702524,1.4291195178373073e-6,8.574717107023844e-5
6.3,2.4593094863689657e-5,1.029998594047336,1.377342434327744e-6,8.264054605966464e-5
6.32,2.5552814818752267e-5,1.029998647507471,1.3238822993422161e-6,7.943293796053297e-5
6.34,2.6349803569303276e-5,1.0299987023295458,1.2690602244624927e-6,7.614361346774956e-5
6.36,2.698030729675338e-5,1.029998758186539,1.2132032312095475e-6,7.279219387257285e-5
6.38,2.7441518859916414e-5,1.0299988147455148,1.1566442554844514e-6,6.939865532906708e-5
6.4,2.773164545999407e-5,1.0299988716637158,1.0997260544431953e-6,6.598356326659172e-5
6.42,2.7849909386645777e-5,1.0299989286177627,1.042772007631143e-6,6.256632045786858e-5
6.44,2.779641692285395e-5,1.0299989853127256,9.860770446845635e-7,5.916462268107381e-5
6.46,2.757281465193273e-5,1.029999041429122,9.299606482660039e-7,5.579763889596023e-5
6.48,2.7181752706439966e-5,1.0299990966645374,8.747252329133204e-7,5.248351397479922e-5
6.5,2.6626884817915197e-5,1.0299991507336241,8.206561461499007e-7,4.923936876899404e-5
6.52,2.5912868245825393e-5,1.029999203368106,7.680216642658166e-7,4.6081299855949e-5
6.54,2.5045363905462636e-5,1.0299992543167766,7.170729936500919e-7,4.3024379619005515e-5
6.56,2.403103619030844e-5,1.0299993033455026,6.680442676820775e-7,4.008265606092465e-5
6.58,2.2877553135458584e-5,1.0299993502372253,6.211525449550948e-7,3.7269152697305685e-5
6.6,2.1593586296830836e-5,1.0299993947919628,5.765978075000788e-7,3.459586845000473e-5
6.62,2.0188810857746375e-5,1.0299994368268126,5.345629576769539e-7,3.2073777460617237e-5
6.64,1.867439696212614e-5,1.0299994761769748,4.952127954371832e-7,2.9712767726230993e-5
6.66,1.7060321390260924e-5,1.0299995126971904,4.5869257991881796e-7,2.7521554795129077e-5
6.68,1.5357799391324534e-5,1.0299995462689193,4.25120850966465e-7,2.55072510579879e-5
6.7,1.3580265004975445e-5,1.029999576797306,3.9459246425899153e-7,2.367554785553949e-5
6.72,1.17412162836672e-5,1.0299996042072777,3.6718249263323344e-7,2.2030949557994006e-5
6.74,9.854215257121268e-6,1.0299996284435506,3.4294621964470196e-7,2.0576773178682117e-5
6.76,7.932888102857305e-6,1.0299996494706336,3.219191366810037e-7,1.931514820086022e-5
6.78,5.990924904608619e-6,1.0299996672728307,3.041169396311716e-7,1.8247016377870295e-5
6.8,4.042079858379566e-6,1.0299996818542443,2.8953552599908505e-7,1.7372131559945103e-5
6.82,2.1001711800749945e-6,1.0299996932387812,2.781509891303102e-7,1.6689059347818613e-5
6.84,1.652785051931005e-6,1.0299997014701527,2.6991961754596616e-7,1.619517705275797e-5
6.86,2.4594252749920997e-6,1.0299997066118807,2.6477788961365434e-7,1.588667337681926e-5
6.88,4.1579565888127945e-6,1.0299997087571815,2.626325887877812e-7,1.575795532726687e-5
6.9,5.786610472569009e-6,1.0299997079803944,2.634093758668854e-7,1.5804562552013124e-5
6.92,7.334629287925054e-6,1.029999704387376,2.6700239419419347e-7,1.6020143651651608e-5
6.94,8.791744370739707e-6,1.0299996981168702,2.732729000864964e-7,1.6396374005189784e-5
6.96,1.0164426612391253e-5,1.0299996893161558,2.820736144659719e-7,1.6924416867958314e-5
6.98,1.1579833532948669e-5,1.0299996781410459,2.9324872441449656e-7,1.7594923464869794e-5
7.0,1.2879759047734751e-5,1.0299996647558909,3.0663387939888764e-7,1.839803276393326e-5
7.02,1.405632471573881e-5,1.029999649333579,3.22056191270903e-7,1.932337147625418e-5
7.04,1.5102761821594868e-5,1.029999632055537,3.3933423337906277e-7,2.0360054002743766e-5
7.06,1.6013411396897936e-5,1.0299996131117324,3.5827803790411394e-7,2.1496682274246837e-5
7.08,1.678372411362261e-5,1.0299995927006758,3.786890945267629e-7,2.2721345671605775e-5
7.1,1.7410260433337044e-5,1.029999571029421,4.0036034931745235e-7,2.402162095904714e-5
7.12,1.789069045088354e-5,1.0299995483135664,4.230762038481828e-7,2.5384572230890967e-5
7.14,1.8224138877087626e-5,1.0299995247832654,4.4660650488914655e-7,2.6796390293348793e-5
7.16,1.8410160379289664e-5,1.0299995006538538,4.707359164690672e-7,2.8244154988144032e-5
7.18,1.8448596250664195e-5,1.0299994761156614,4.952741088359858e-7,2.9716446530159146e-5
7.2,1.8342957247341474e-5,1.0299994514043127,5.199854575810292e-7,3.119912745486175e-5
7.22,1.8097457960664087e-5,1.0299994267479018,5.446418684940113e-7,3.267851210964068e-5
7.24,1.771701681718696e-5,1.029999402366994,5.69022776231165e-7,3.41413665738699e-5
7.26,1.7207256057361064e-5,1.029999378474624,5.92915146313544e-7,3.557490877881264e-5
7.28,1.657450184922027e-5,1.0299993552762945,6.161134757931563e-7,3.696680854758938e-5
7.3,1.5825784160483636e-5,1.0299993329699768,6.384197934750091e-7,3.8305187608500546e-5
7.32,1.4968836794082563e-5,1.0299993117461084,6.596436619155099e-7,3.9578619714930596e-5
7.34,1.4012097402371637e-5,1.0299992917875926,6.796021776445116e-7,4.0776130658670695e-5
7.36,1.2964707551077481e-5,1.0299992732697973,6.981199729416687e-7,4.188719837650012e-5
7.38,1.1836512527452214e-5,1.0299992563605547,7.150292156143934e-7,4.29017529368636e-5
7.4,1.0638061596068837e-5,1.0299992412201588,7.301696114403455e-7,4.381017668642073e-5
7.42,9.38077967305162e-6,1.0299992279993144,7.433904558595827e-7,4.4603427351574965e-5
7.44,8.072796987335096e-6,1.0299992168129626,7.545768077044102e-7,4.527460846226461e-5
7.46,6.7254717279752185e-6,1.0299992077788211,7.636109491393483e-7,4.58166569483609e-5
7.48,5.349917138630644e-6,1.0299992009982082,7.703915620993484e-7,4.622349372596091e-5
7.5,3.963792266858945e-6,1.029999196555126,7.748346442237874e-7,4.649007865342725e-5
7.52,2.9171165891739292e-6,1.0299991945162563,7.768735139634941e-7,4.661241083780965e-5
7.54,1.8501595064890353e-6,1.029999194930957,7.764588132452843e-7,4.658752879471706e-5
7.56,1.4611291803134918e-6,1.0299991978312588,7.735585114687638e-7,4.6413510688125825e-5
7.58,1.805354997941322e-6,1.0299992032318595,7.681579108353986e-7,4.608947465012392e-5
7.6,3.0197451792446373e-6,1.0299992111301215,7.602596487910063e-7,4.5615578927460376e-5
7.62,4.223673428782604e-6,1.029999221506066,7.49883704243004e-7,4.499302225458024e-5
7.64,5.47515774940166e-6,1.0299992343223696,7.370674006690336e-7,4.422404404014202e-5
7.66,6.6736668884459505e-6,1.0299992495243568,7.218654134444336e-7,4.3311924806666013e-5
7.68,7.812389107186846e-6,1.0299992670278912,7.043618790447681e-7,4.2261712742686086e-5
7.7,8.885087666499203e-6,1.0299992867793133,6.846104569913081e-7,4.1076627419478484e-5
7.72,9.886588571816901e-6,1.0299993086779977,6.62711772569935e-7,3.97627063541961e-5
7.74,1.0812443115071346e-5,1.0299993325925598,6.387972104615613e-7,3.832783262769368e-5
7.76,1.1658766936761822e-5,1.0299993583841094,6.130056608988355e-7,3.678033965393013e-5
7.78,1.2422240025955489e-5,1.0299993859062502,5.854835201102304e-7,3.5129011206613825e-5
7.8,1.310010670607653e-5,1.029999415005077,5.563846932066241e-7,3.3383081592397446e-5
7.82,1.3690175684644146e-5,1.0299994455191746,5.258705957356113e-7,3.155223574413668e-5
7.84,1.4190820053272546e-5,1.0299994772796128,4.941101574562623e-7,2.9646609447375738e-5
7.86,1.4600977159773265e-5,1.0299995101099488,4.6127982145094393e-7,2.7676789287056636e-5
7.88,1.4920148807107125e-5,1.0299995438262213,4.2756354901030136e-7,2.565381294061808e-5
7.9,1.5148401118381116e-5,1.0299995782369509,3.9315281941121327e-7,2.3589169164672796e-5
7.92,1.528636455105925e-5,1.0299996131431377,3.5824663258132716e-7,2.149479795487963e-5
7.94,1.5335314778042175e-5,1.0299996483330218,3.2305674846355714e-7,1.938340490781343e-5
7.96,1.529672395150783e-5,1.0299996836111591,2.8777861116324743e-7,1.7266716669794846e-5
7.98,1.5172088836834519e-5,1.029999718809227,2.525805433695183e-7,1.5172088836834519e-5
8.0,1.496394555289271e-5,1.029999753719288,2.1767048230536545e-7,1.496394555289271e-5
8.02,1.467508943875373e-5,1.0299997881441432,1.8324562711669046e-7,1.467508943875373e-5
8.04,1.4308575082111474e-5,1.0299998218973325,1.4949243776207766e-7,1.4308575082111474e-5
8.06,1.3867716312176981e-5,1.0299998548031406,1.1658662968372369e-7,1.3867716312176981e-5
8.08,1.3356086192573002e-5,1.0299998866965985,8.469317180903602e-8,1.3356086192573002e-5
8.1,1.2777517071071998e-5,1.029999917423486,5.396628433018691e-8,1.2777517071071998e-5
8.12,1.213610045169844e-5,1.0299999468403365,2.4549433819132105e-8,1.213610045169844e-5
8.14,1.143618722210249e-5,1.0299999748144393,3.4246689928352225e-9,1.143618722210249e-5
8.16,1.0682387348026623e-5,1.0300000012238424,2.983407210166433e-8,1.0682387348026623e-5
8.18,9.879570193049858e-6,1.0300000259573565,5.456758622734981e-8,9.879570193049858e-6
8.2,9.032864234370663e-6,1.0300000489145582,7.752478792255602e-8,9.032864234370663e-6
8.22,8.147975073313773e-6,1.030000070011581,9.862181071795817e-8,8.147975073313773e-6
8.24,7.229178606849018e-6,1.030000089168406,1.1777863573314562e-7,7.229178606849018e-6
8.26,6.28215422437961e-6,1.0300001063366901,1.349469198608233e-7,8.096815191649398e-6
8.28,5.31275831150424e-6,1.0300001214830716,1.5009330134319043e-7,9.005598080591426e-6
8.3,4.32683339823825e-6,1.030000134586997,1.6319722662139213e-7,9.791833597283528e-6
8.32,3.3302078961128245e-6,1.0300001456407226,1.7425095233392085e-7,1.0455057140035251e-5
8.34,2.3286963823920814e-6,1.030000154649321,1.8325955064568689e-7,1.0995573038741213e-5
8.36,1.3280993584885437e-6,1.0300001616306806,1.9024091035824142e-7,1.1414454621494485e-5
8.38,7.610792920331733e-7,1.0300001666155125,1.9522574223884703e-7,1.1713544534330822e-5
8.4,1.1050551265157083e-6,1.030000169647351,1.9825758079683453e-7,1.1895454847810072e-5
8.42,1.8336849194611204e-6,1.0300001707825581,1.9939278783631664e-7,1.1963567270178999e-5
8.44,2.672482118271091e-6,1.030000170090326,1.9870055578685708e-7,1.1922033347211425e-5
8.46,3.5588527893537503e-6,1.0300001676526804,1.962629101459612e-7,1.1775774608757672e-5
8.48,4.407078101564821e-6,1.0300001635714133,1.921816430439094e-7,1.1530898582634563e-5
8.5,5.211946159988656e-6,1.030000157933687,1.8654391675809734e-7,1.119263500548584e-5
8.52,5.9686896634048026e-6,1.0300001508281653,1.7943839503153924e-7,1.0766303701892355e-5
8.54,6.692617645853716e-6,1.0300001423815637,1.709917933911953e-7,1.0259507603471718e-5
8.56,7.3754675469217545e-6,1.0300001327212576,1.6133148728059155e-7,9.679889236835493e-6
8.58,7.998806069053899e-6,1.0300001219752817,1.5058551139368603e-7,9.035130683621162e-6
8.6,8.558748440634645e-6,1.0300001102723304,1.3888256011895805e-7,8.558748440634645e-6
8.62,9.051885200506149e-6,1.0300000977417576,1.2635198731736352e-7,9.051885200506149e-6
8.64,9.4752821908628e-6,1.0300000845135777,1.1312380743255801e-7,9.4752821908628e-6
8.66,9.826480592778353e-6,1.0300000707184649,9.932869460271831e-8,9.826480592778353e-6
8.68,1.0103496904889653e-5,1.0300000564877552,8.509798488098852e-8,1.0103496904889653e-5
8.7,1.0304822950502057e-5,1.0300000419534443,7.056367401503394e-8,1.0304822950502057e-5
8.72,1.0429425856273156e-5,1.0300000272481906,5.5858420333620984e-8,1.0429425856273156e-5
8.74,1.0476748109056189e-5,1.0300000125053128,4.111554252617111e-8,1.0476748109056189e-5
8.76,1.044702751329396e-5,1.0299999978623038,2.6472533498633766e-8,1.044702751329396e-5
8.78,1.0340287801113845e-5,1.0299999834369626,1.2047192354813774e-8,1.0340287801113845e-5
8.8,1.0157250400766316e-5,1.0299999693400799,2.04969041739389e-9,1.0157250400766316e-5
8.82,9.900146736185889e-6,1.0299999556897286,1.570004171114192e-8,9.900146736185889e-6
8.84,9.57160930425971e-6,1.029999942596385,2.8793385231651314e-8,9.57160930425971e-6
8.86,9.174671504297294e-6,1.029999930162927,4.12268432725682e-8,9.174671504297294e-6
8.88,8.71276784408792e-6,1.029999918484631,5.290513938049912e-8,8.71276784408792e-6
8.9,8.18973373384324e-6,1.0299999076491713,6.374059902114482e-8,8.18973373384324e-6
8.92,7.609805614094967e-6,1.0299998977366174,7.365315290996932e-8,7.609805614094967e-6
8.94,6.9776209414840196e-6,1.029999888819432,8.257033834446759e-8,6.9776209414840196e-6
8.96,6.298218174549675e-6,1.0299998809624693,9.042730098052232e-8,6.298218174549675e-6
8.98,5.577036709780714e-6,1.0299998742229728,9.716679749693924e-8,5.830007849816354e-6
9.0,4.819916973985983e-6,1.0299998686505727,1.0273919759384853e-7,6.164351855630912e-6
9.02,4.033100424294389e-6,1.029999864287285,1.0710248532497246e-7,6.426149119498348e-6
9.04,3.2238078517821123e-6,1.02999986116401,1.1022576029695585e-7,6.613545617817351e-6
9.06,2.397105056672899e-6,1.0299998593113389,1.1207843142457818e-7,6.724705885474691e-6
9.08,1.5587884263368323e-6,1.0299998587487278,1.126410424934221e-7,6.758462549605326e-6
9.1,7.294419717140954e-7,1.0299998594799316,1.1190983872921834e-7,6.7145903237531e-6
9.12,6.672296137821832e-7,1.0299998615016448,1.0988812548795579e-7,6.593287529277347e-6
9.14,1.39698724410664e-6,1.0299998648035016,1.0658626869997079e-7,6.395176121998247e-6
9.16,2.126188626050407e-6,1.0299998693680719,1.0202169842266073e-7,6.121301905359644e-6
9.18,2.8319860660985796e-6,1.0299998751708612,9.621890906252872e-8,5.773134543751723e-6
9.2,3.5099065556210007e-6,1.0299998821803067,8.920946359403104e-8,5.352567815641862e-6
9.22,4.155804475658442e-6,1.0299998903577758,8.103199444775555e-8,4.861919666865333e-6
9.24,4.7658614903411944e-6,1.029999899657565,7.17322052867786e-8,4.7658614903411944e-6
9.26,5.4212420010912865e-6,1.0299999100268962,6.13628741152894e-8,5.4212420010912865e-6
9.28,6.0320895869381275e-6,1.0299999214059155,4.998385483290235e-8,6.0320895869381275e-6
9.3,6.593378842012498e-6,1.0299999337276906,3.766207967714763e-8,6.593378842012498e-6
9.32,7.101607515380692e-6,1.0299999469182093,2.4471560999828057e-8,7.101607515380692e-6
9.34,7.553910919000373e-6,1.0299999608876818,1.05020885321494e-8,7.553910919000373e-6
9.36,7.947336825964157e-6,1.0299999755710174,4.181247126311405e-9,7.947336825964157e-6
9.38,8.279791522625146e-6,1.029999990895302,1.9505531634322892e-8,8.279791522625146e-6
9.4,8.55041721337102e-6,1.0300000067600652,3.53702949151824e-8,8.55041721337102e-6
9.42,8.758749189041737e-6,1.0300000230655628,5.1675792533956155e-8,8.758749189041737e-6
9.44,8.904715755875259e-6,1.0300000397127747,6.832300436521166e-8,8.904715755875259e-6
9.46,8.98863829235097e-6,1.0300000566034062,8.52136359252853e-8,8.98863829235097e-6
9.48,9.01123124208425e-6,1.0300000736398907,1.0225012037068382e-7,9.01123124208425e-6
9.5,8.973602156459037e-6,1.0300000907253883,1.1933561805399506e-7,8.973602156459037e-6
9.52,8.877251545413856e-6,1.0300001077637877,1.3637401741206645e-7,8.877251545413856e-6
9.54,8.724073090604634e-6,1.0300001246597064,1.5326993607622796e-7,9.196196164573678e-6
9.56,8.516353489085304e-6,1.0300001413184927,1.699287224266044e-7,1.0195723345596264e-5
9.58,8.256772481729513e-6,1.0300001576462257,1.8625645537007074e-7,1.1175387322204244e-5
9.6,7.948402910074037e-6,1.030000173549716,2.0215994567251983e-7,1.212959674035119e-5
9.62,7.594710645264513e-6,1.0300001889365071,2.1754673684704073e-7,1.3052804210822444e-5
9.64,7.199832289472852e-6,1.0300002037121532,2.3232238288706242e-7,1.3939342973223745e-5
9.66,6.766919028677876e-6,1.0300002178004017,2.4641063145480757e-7,1.4784637887288454e-5
9.68,6.2993390628207635e-6,1.0300002311308982,2.597411279392503e-7,1.5584467676355018e-5
9.7,5.801536154592668e-6,1.0300002436287454,2.7223897514083717e-7,1.633433850845023e-5
9.72,5.2778638988115745e-6,1.030000255226641,2.838368706736816e-7,1.7030212240420894e-5
9.74,4.732585658473454e-6,1.0300002658648812,2.9447511096236667e-7,1.7668506657742e-5
9.76,4.1698746571228185e-6,1.0300002754913617,3.0410159146398996e-7,1.8246095487839398e-5
9.78,3.593813936220158e-6,1.0300002840615818,3.126718115531446e-7,1.8760308693188676e-5
9.8,3.0083963977745043e-6,1.0300002915386444,3.201488740778302e-7,1.9208932444669813e-5
9.82,2.5318854213196573e-6,1.0300002978932585,3.265034882460327e-7,1.9590209294761962e-5
9.84,2.081464160141877e-6,1.0300003031037435,3.31713973178438e-7,1.990283839070628e-5
9.86,1.620065347651689e-6,1.030000307156027,3.3576625679820893e-7,2.0145975407892536e-5
9.88,1.1509149189237178e-6,1.0300003100436508,3.386538804939221e-7,2.0319232829635325e-5
9.9,8.576617460676061e-7,1.03000031176777,3.403779997857015e-7,2.042267998714209e-5
9.92,9.051179929997488e-7,1.0300003123371568,3.409473865456647e-7,2.0456843192739882e-5
9.94,1.2100300210704518e-6,1.0300003117741796,3.4038440932526726e-7,2.0423064559516035e-5
9.96,1.712583753032959e-6,1.030000310091476,3.3870170579319847e-7,2.0322102347591908e-5
9.98,2.2053451615988706e-6,1.0300003073082418,3.359184714835095e-7,2.015510828901057e-5
10.0,2.676898418485507e-6,1.0300003034718175,3.320820471941488e-7,1.9924922831648928e-5
10.02,3.1245339116026116e-6,1.0300002986329224,3.272431521317287e-7,1.9634589127903723e-5
10.04,3.5457652174386567e-6,1.0300002928456553,3.214558850217486e-7,1.9287353101304916e-5
10.06,3.938328966057725e-6,1.0300002861674948,3.1477772455268394e-7,1.8886663473161036e-5
10.08,4.300185011629765e-6,1.0300002786592997,3.072695293759864e-7,1.8436171762559184e-5
10.1,4.629516304532899e-6,1.030000270385309,2.9899553877221763e-7,1.7939732326333058e-5
10.12,4.924728891353425e-6,1.0300002614131434,2.900233730951385e-7,1.740140238570831e-5
10.14,5.184452014361796e-6,1.0300002518138045,2.804240342157982e-7,1.6825442052947892e-5
10.16,5.407538019142066e-6,1.0300002416616756,2.7027190530048983e-7,1.621631431802939e-5
10.18,5.593062361697321e-6,1.0300002310345235,2.596447532532409e-7,1.5578685195194453e-5
10.2,5.740323707925654e-6,1.0300002200134961,2.486237258292334e-7,1.4917423549754005e-5
10.22,5.848843784406199e-6,1.0300002086831257,2.3729335540956242e-7,1.4237601324573745e-5
10.24,5.918508961144653e-6,1.0300001971353856,2.2574561531207848e-7,1.3544736918724709e-5
10.26,5.949203313093676e-6,1.0300001854482514,2.1405848116273773e-7,1.2843508869764264e-5
10.28,5.940784880920091e-6,1.0300001736893094,2.0229953912043186e-7,1.2137972347225912e-5
10.3,5.893996593897555e-6,1.0300001619460064,1.9055623612374006e-7,1.1433374167424404e-5
10.32,5.809756665087207e-6,1.030000150301312,1.7891154180382784e-7,1.073469250822967e-5
10.34,5.689158570021391e-6,1.0300001388337188,1.67443948484447e-7,1.004663690906682e-5
10.36,5.533471039598226e-6,1.0300001276172417,1.562274714039802e-7,9.373648284238811e-6
10.38,5.344138095608741e-6,1.0300001167214163,1.4533164605090576e-7,8.719898763054346e-6
10.4,5.122778979682607e-6,1.030000106211298,1.3482152771970846e-7,8.089291663182507e-6
10.42,4.8711882101315496e-6,1.0300000961474611,1.2475769084474564e-7,7.485461450684738e-6
10.44,4.5913356174764886e-6,1.0300000865859977,1.1519622744593505e-7,6.911773646756103e-6
10.46,4.285366230760701e-6,1.0300000775785174,1.0618874712875481e-7,6.371324827725289e-6
10.48,3.95560041255294e-6,1.0300000691721458,9.778237552993119e-8,5.866942531795871e-6
10.5,3.6045337523660237e-6,1.0300000614095228,9.001975254108174e-8,5.401185152464905e-6
10.52,3.2348370737622645e-6,1.030000054328804,8.293903364098298e-8,4.976342018458979e-6
10.54,2.8493565196185955e-6,1.0300000479636573,7.657388700899048e-8,4.594433220539429e-6
10.56,2.451474813369714e-6,1.0300000423368787,7.094710841037966e-8,4.256826504622779e-6
10.58,2.050685047549905e-6,1.0300000374819995,6.609222924502944e-8,3.965533754701767e-6
10.6,1.6578761830032818e-6,1.030000033410394,6.202062374782713e-8,3.721237424869628e-6
10.62,1.2598307748135085e-6,1.030000030127203,5.873743269546594e-8,3.5242459617279565e-6
10.64,8.593913491949934e-7,1.0300000276331236,5.624335330800534e-8,3.3746011984803204e-6
10.66,6.024302265927872e-7,1.0300000259244104,5.453464013704945e-8,3.272078408222967e-6
10.68,5.531912918854687e-7,1.0300000249928756,5.3603105287791664e-8,3.2161863172675e-6
10.7,8.764674603867206e-7,1.030000024825885,5.343611464425635e-8,3.206166878655381e-6
10.72,1.273232584253492e-6,1.0300000254063602,5.4016589867700304e-8,3.2409953920620183e-6
10.74,1.6570861589570995e-6,1.030000026712775,5.5323004621854466e-8,3.319380277311268e-6
10.76,2.0256992030454057e-6,1.0300000287191564,5.732938612723615e-8,3.439763167634169e-6
10.78,2.37687012116794e-6,1.030000031395083,6.000531271865839e-8,3.6003187631195033e-6
10.8,2.708524711181326e-6,1.030000034705683,6.331591273500692e-8,3.798954764100415e-6
10.82,3.0398894566019408e-6,1.0300000386116355,6.722186518537399e-8,4.033311911122439e-6
10.84,3.364422191509675e-6,1.0300000430691674,7.167939708452309e-8,4.300763825071385e-6
10.86,3.6642937217834515e-6,1.0300000480300535,7.664028323084437e-8,4.5984169938506625e-6
10.88,3.937570042467087e-6,1.0300000534329476,8.204317736293376e-8,4.922590641776026e-6
10.9,4.1825043197718514e-6,1.0300000592516056,8.786183536280134e-8,5.271710121768081e-6
10.92,4.397621815144248e-6,1.0300000654328931,9.404312284466698e-8,5.642587370680019e-6
10.94,4.581732696351537e-6,1.0300000719157703,1.0052599996868139e-7,6.031559998120883e-6
10.96,4.733880835772197e-6,1.0300000786403547,1.0725058441352076e-7,6.435035064811245e-6
10.98,4.8533438601339185e-6,1.0300000855479223,1.1415815204252056e-7,6.849489122551233e-6
11.0,4.939633129197318e-6,1.0300000925809067,1.2119113645958635e-7,7.271468187575181e-6
11.02,4.992493749966798e-6,1.0300000996829006,1.282931303414614e-7,7.697587820487684e-6
11.04,5.011904569585113e-6,1.0300001067986557,1.3540888543772667e-7,8.1245331262636e-6
11.06,4.998078203755085e-6,1.0300001138740835,1.4248431323693467e-7,8.54905879421608e-6
11.08,4.95146098700161e-6,1.0300001208562553,1.4946648496660941e-7,8.967989097996565e-6
11.1,4.8727329797770835e-6,1.030000127693402,1.5630363181529106e-7,9.378217908917463e-6
11.12,4.762808011093966e-6,1.030000134334917,1.629451467088927e-7,9.776708802533562e-6
11.14,4.622833671419357e-6,1.030000140731353,1.6934158275638822e-7,1.0160494965383293e-5
11.16,4.454191227409865e-6,1.0300001468344258,1.7544465547025823e-7,1.0526679328215494e-5
11.18,4.2584957782310084e-6,1.0300001525970122,1.8120724187831172e-7,1.0872434512698703e-5
11.2,4.037829910430446e-6,1.030000157972692,1.8658292177953228e-7,1.1194975306771937e-5
11.22,3.7938220813771295e-6,1.0300001629216857,1.915319154388584e-7,1.1491914926331503e-5
11.24,3.5276619243518326e-6,1.0300001674106534,1.9602088308090515e-7,1.1761252984854309e-5
11.26,3.2419813109640927e-6,1.0300001714062594,2.0001648914913517e-7,1.200098934894811e-5
11.28,2.9393827105650416e-6,1.0300001748791674,2.0348939711034575e-7,1.2209363826620745e-5
11.3,2.6224391191931318e-6,1.0300001778040389,2.0641426856649048e-7,1.2384856113989429e-5
11.32,2.293694116417555e-6,1.0300001801595362,2.0876976591921448e-7,1.2526185955152869e-5
11.34,1.9556617800731146e-6,1.0300001819283224,2.105385521478098e-7,1.2632313128868589e-5
11.36,1.6108267928416353e-6,1.030000183097062,2.1170729169739388e-7,1.2702437501843633e-5
11.38,1.2616443854085446e-6,1.0300001836564219,2.122666515891325e-7,1.273599909534795e-5
11.4,9.105402867248813e-7,1.030000183601072,2.122113016422844e-7,1.2732678098537065e-5
11.42,5.689618731707924e-7,1.0300001829296868,2.1153991647260284e-7,1.269239498835617e-5
11.44,4.438257832362069e-7,1.0300001816449453,2.102551750482462e-7,1.2615310502894772e-5
11.46,5.387330972439486e-7,1.0300001797535323,2.0836376202204576e-7,1.2501825721322746e-5
11.48,8.388915944124165e-7,1.030000177266138,2.0587636773150564e-7,1.2352582063890338e-5
11.5,1.1301495348448043e-6,1.0300001741974605,2.0280769019720424e-7,1.2168461411832254e-5
11.52,1.4105026480137894e-6,1.0300001705662052,1.9917643490074965e-7,1.195058609404498e-5
11.54,1.6780091982582235e-6,1.0300001664027518,1.9501298154089852e-7,1.1700778892453911e-5
11.56,1.931192564086359e-6,1.0300001617102614,1.9032049114464655e-7,1.1419229468678793e-5
11.58,2.168538323132907e-6,1.0300001565194108,1.8512964050643177e-7,1.1107778430385906e-5
11.6,2.388658444374414e-6,1.0300001508664218,1.79476651540611e-7,1.076859909243666e-5
11.62,2.5903208467070726e-6,1.030000144788259,1.733984886786999e-7,1.0403909320721993e-5
11.64,2.7786229992443623e-6,1.0300001383226265,1.6693285620483778e-7,1.0015971372290267e-5
11.66,2.9491974871120874e-6,1.0300001315079708,1.601182004762336e-7,9.607092028574016e-6
11.68,3.0984175651838086e-6,1.0300001243834787,1.5299370836885373e-7,9.179622502131224e-6
11.7,3.2255478643605784e-6,1.0300001169890787,1.45599308387645e-7,8.7359585032587e-6
11.72,3.3300093917887352e-6,1.03000010936544,1.379756697783563e-7,8.278540186701377e-6
11.74,3.411379438489348e-6,1.030000101553973,1.3016420274958307e-7,7.809852164974984e-6
11.76,3.4693917214667636e-6,1.030000093596829,1.2220705869481208e-7,7.332423521688725e-6
11.78,3.5039362842326227e-6,1.0300000855369003,1.1414712997037668e-7,6.848827798222601e-6
11.8,3.5150595252275707e-6,1.0300000774178204,1.0602805011750149e-7,6.36168300705009e-6
11.82,3.50296416229412e-6,1.0300000692839641,9.789419386230236e-8,5.8736516317381415e-6
11.84,3.468009317941778e-6,1.0300000611804465,8.979067622760795e-8,5.387440573656477e-6
11.86,3.410846872498041e-6,1.0300000531545705,8.176480026378385e-8,4.905888015827031e-6
11.88,3.332065858785427e-6,1.0300000452479914,7.385822109462481e-8,4.431493265677489e-6
11.9,3.2317826068606337e-6,1.0300000374923926,6.610262226480756e-8,3.966157335888454e-6
11.92,3.1112178433545523e-6,1.0300000299290697,5.853929940791147e-8,3.5123579644746883e-6
11.94,2.9716413365576955e-6,1.0300000225964505,5.120668022939867e-8,3.0724008137639203e-6
11.96,2.814371697468232e-6,1.0300000155300901,4.414031984367739e-8,2.814371697468232e-6
11.98,2.640776500584252e-6,1.0300000087626755,3.7372905214994034e-8,2.640776500584252e-6
12.0,2.4522721986386387e-6,1.0300000023240203,3.0934250050407286e-8,2.4522721986386387e-6
12.02,2.250324207864196e-6,1.029999996241068,2.4851297686367957e-8,2.250324207864196e-6
12.04,2.036446851150231e-6,1.029999990537889,1.914811864622834e-8,2.036446851150231e-6
12.06,1.8122033864642617e-6,1.0299999852356807,1.3845910418197604e-8,1.8122033864642617e-6
12.08,1.579205935797745e-6,1.029999980352768,8.962997677386397e-9,1.579205935797745e-6
12.1,1.346841486338235e-6,1.029999975904602,4.514831619673032e-9,1.346841486338235e-6
12.12,1.115075654922748e-6,1.0299999719037587,5.139884073912526e-10,1.115075654922748e-6
12.14,8.989539708181837e-7,1.029999968359941,3.029829276357532e-9,8.989539708181837e-7
12.16,7.254165623749032e-7,1.0299999652799747,6.109795558373321e-9,7.254165623749032e-7
12.18,5.463747854150824e-7,1.0299999626678118,8.721958488777659e-9,5.463747854150824e-7
12.2,5.08744093963287e-7,1.0299999605181522,1.0871618050245502e-8,6.522970830147301e-7
12.22,5.632303796687665e-7,1.0299999588406912,1.2549079109192007e-8,7.529447465515204e-7
12.24,6.219119370598492e-7,1.029999957632458,1.3757312178341863e-8,8.254387307005118e-7
12.26,8.506754767267921e-7,1.0299999568808982,1.450887210374674e-8,8.705323262248044e-7
12.28,1.0742482885461868e-6,1.029999956571864,1.481790623536483e-8,1.0742482885461868e-6
12.3,1.2964627913447657e-6,1.029999956689615,1.4700155315239272e-8,1.2964627913447657e-6
12.32,1.5079607180723542e-6,1.029999957216817,1.4172953255453535e-8,1.5079607180723542e-6
12.34,1.7075131566457458e-6,1.0299999581345423,1.3255228026309851e-8,1.7075131566457458e-6
12.36,1.8940023025493247e-6,1.0299999594222695,1.1967500768150785e-8,1.8940023025493247e-6
12.38,2.0664215512056217e-6,1.0299999610578832,1.033188712362687e-8,2.0664215512056217e-6
12.4,2.2238754056047583e-6,1.029999963017673,8.372097237696607e-9,2.2238754056047583e-6
12.42,2.3655795331478657e-6,1.0299999652763356,6.113434647403437e-9,2.3655795331478657e-6
12.44,2.490860708803666e-6,1.0299999678069716,3.5827987243663983e-9,2.490860708803666e-6
12.46,2.5991569003736004e-6,1.0299999705810872,8.086831204678901e-10,2.5991569003736004e-6
12.48,2.690017169015846e-6,1.0299999735685936,2.178823343967906e-9,2.690017169015846e-6
12.5,2.7631018042484357e-6,1.029999976737807,5.348036680175028e-9,2.7631018042484357e-6
12.52,2.8181821463135748e-6,1.0299999800554476,8.665677286856521e-9,2.8181821463135748e-6
12.54,2.855140699864478e-6,1.0299999834866405,1.2096870172229046e-8,2.855140699864478e-6
12.56,2.8742692776972945e-6,1.029999986989865,1.560009477152846e-8,2.8742692776972945e-6
12.58,2.875014857295355e-6,1.0299999905495894,1.915981906464026e-8,2.875014857295355e-6
12.6,2.8577341666391476e-6,1.0299999941313074,2.2741537097914488e-8,2.8577341666391476e-6
12.62,2.822984285444363e-6,1.0299999976990135,2.6309243228439527e-8,2.822984285444363e-6
12.64,2.7713815100582906e-6,1.0300000012185149,2.9828744585458367e-8,2.7713815100582906e-6
12.66,2.703601339248962e-6,1.0300000046574347,3.326766440103768e-8,2.703601339248962e-6
12.68,2.620378538154e-6,1.03000000798521,3.6595439789621764e-8,2.620378538154e-6
12.7,2.5225070672263428e-6,1.0300000111730947,3.978332441256782e-8,2.5225070672263428e-6
12.72,2.410840131972236e-6,1.0300000141941574,4.280438714587831e-8,2.5682632287526985e-6
12.74,2.286290147424097e-6,1.0300000170232828,4.5633512524290154e-8,2.7380107514574092e-6
12.76,2.149828809194787e-6,1.0300000196371728,4.82474025176316e-8,2.894844151057896e-6
12.78,2.0024869726853467e-6,1.0300000220143457,5.062457542059917e-8,3.0374745252359503e-6
12.8,1.8453547596664066e-6,1.0300000241351368,5.27453665188915e-8,3.16472199113349e-6
12.82,1.6795815511727596e-6,1.030000025981699,5.459192875534313e-8,3.275515725320588e-6
12.84,1.5063758596056687e-6,1.030000027538003,5.614823272992453e-8,3.368893963795472e-6
12.86,1.3270055063685504e-6,1.030000028789837,5.740006669974207e-8,3.444004001984524e-6
12.88,1.142797550812702e-6,1.030000029724809,5.8335038799484096e-8,3.5001023279690457e-6
12.9,9.55148706793807e-7,1.0300000303326606,5.894289034635847e-8,3.536573420781508e-6
12.92,7.656135707634348e-7,1.0300000306135728,5.9223802528762803e-8,3.553428151725768e-6
12.94,5.747888138785129e-7,1.0300000305447097,5.9154939391348194e-8,3.5492963634808916e-6
12.96,3.8409088176649675e-7,1.0300000301283876,5.8738617303433216e-8,3.524317038205993e-6
12.98,2.399722944801397e-7,1.030000029368524,5.797875379798256e-8,3.4787252278789538e-6
13.0,1.9902838488405905e-7,1.0300000282706387,5.688086845978546e-8,3.4128521075871276e-6
13.02,3.3665148180261895e-7,1.030000026841853,5.5452082703411065e-8,3.327124962204664e-6
13.04,4.757637483976396e-7,1.0300000250908905,5.370112021729767e-8,3.2220672130378603e-6
13.06,6.070491878062967e-7,1.030000023028077,5.1638306741708107e-8,3.0982984045024864e-6
13.08,7.505154613340892e-7,1.0300000206653408,4.9275570512818945e-8,2.9565342307691367e-6
13.1,8.887548688107927e-7,1.0300000180162128,4.662644248476511e-8,2.7975865490859064e-6
13.12,1.0189408854444082e-6,1.030000015095826,4.370605566350605e-8,2.622363339810363e-6
13.14,1.140363096396868e-6,1.030000011920917,4.0531146661137996e-8,2.4318687996682797e-6
13.16,1.2557121991108033e-6,1.0300000085098249,3.7120054585670914e-8,2.227203275140255e-6
13.18,1.372096221530228e-6,1.0300000048824918,3.349272148511773e-8,2.0095632891070636e-6
13.2,1.4769650320545225e-6,1.0300000010604635,2.967069323567273e-8,1.7802415941403638e-6
13.22,1.5698370532390982e-6,1.029999997066888,2.567711776535475e-8,1.5698370532390982e-6
13.24,1.6503024937719601e-6,1.0299999929265182,2.153674794058702e-8,1.6503024937719601e-6
13.26,1.7180236184799469e-6,1.0299999886657094,1.7275939123706507e-8,1.7180236184799469e-6
13.28,1.772734464111636e-6,1.0299999843124208,1.2922650505231559e-8,1.772734464111636e-6
13.3,1.8144618110227384e-6,1.029999979900145,8.510374627235251e-9,1.8144618110227384e-6
13.32,1.842677107788404e-6,1.029999975437486,4.047715718158429e-9,1.842677107788404e-6
13.34,1.8574970752638365e-6,1.0299999709541248,4.3564551965857845e-10,1.8574970752638365e-6
13.36,1.8591213120089378e-6,1.0299999664792798,4.910490458698291e-9,1.8591213120089378e-6
13.38,1.8478023235957153e-6,1.0299999620406848,9.349085505760968e-9,1.8478023235957153e-6
13.4,1.82384555102999e-6,1.0299999576645877,1.3725182546053816e-8,1.82384555102999e-6
13.42,1.78760936364597e-6,1.02999995337575,1.801402027545862e-8,1.78760936364597e-6
13.44,1.73950505910625e-6,1.0299999491974474,2.2192322868264114e-8,1.73950505910625e-6
13.46,1.6799968207692473e-6,1.029999945151469,2.623830130943361e-8,1.6799968207692473e-6
13.48,1.6096017958489028e-6,1.0299999412581178,3.0131652506426576e-8,1.8078991503855946e-6
13.5,1.528890052782117e-6,1.0299999375362097,3.385356062146627e-8,2.0312136372879763e-6
13.52,1.4384845457016127e-6,1.0299999340030737,3.738669662745053e-8,2.243201797647032e-6
13.54,1.3390611428576449e-6,1.029999930674552,4.071521830795177e-8,2.4429130984771064e-6
13.56,1.2313487189885564e-6,1.0299999275649994,4.38247709233508e-8,2.629486255401048e-6
13.58,1.1161289776850936e-6,1.0299999246872833,4.67024869887922e-8,2.802149219327532e-6
13.6,9.942366006043812e-7,1.0299999220527833,4.9336986940318184e-8,2.960219216419091e-6
13.62,8.66559140888512e-7,1.029999919671392,5.171837824669012e-8,3.1031026948014073e-6
13.64,7.340371794839484e-7,1.0299999175515133,5.3838256963700815e-8,3.230295417822049e-6
13.66,5.976640622407103e-7,1.0299999157000632,5.568970706804066e-8,3.3413824240824397e-6
13.68,4.587861468507981e-7,1.0299999141164342,5.727333607374874e-8,3.4364001644249242e-6
13.7,3.1750169426914e-7,1.0299999128157336,5.857403673203976e-8,3.5144422039223855e-6
13.72,1.8949292979186794e-7,1.0299999117965355,5.959323479132195e-8,3.575594087479317e-6
13.74,1.6603306818296915e-7,1.0299999110543234,6.033544686090409e-8,3.620126811654245e-6
13.76,1.9645190718620142e-7,1.0299999105836077,6.080616254955373e-8,3.648369752973224e-6
13.78,3.344108847613825e-7,1.0299999103779247,6.101184557572026e-8,3.6607107345432155e-6
13.8,4.6951221577273827e-7,1.0299999104298356,6.095993465571325e-8,3.6575960793427953e-6
13.82,6.008194262108191e-7,1.0299999107309294,6.065884083916728e-8,3.639530450350037e-6
13.84,7.274522744182832e-7,1.029999911271819,6.011795128380015e-8,3.607077077028009e-6
13.86,8.485868789875894e-7,1.029999912042144,5.934762636883306e-8,3.5608575821299837e-6
13.88,9.634556619175783e-7,1.0299999130305697,5.835920058316901e-8,3.5015520349901408e-6
13.9,1.0713472917700528e-6,1.0299999142247862,5.716498407970505e-8,3.429899044782303e-6
13.92,1.1716068115674716e-6,1.0299999156115098,5.577826045488621e-8,3.3466956272931725e-6
13.94,1.2636354895789736e-6,1.0299999171764815,5.421328874710696e-8,3.2527973248264175e-6
13.96,1.346890961428926e-6,1.029999918904468,5.248530232648818e-8,3.149118139589291e-6
13.98,1.4208871093046582e-6,1.0299999207792612,5.0610509116921776e-8,3.0366305470153065e-6
14.0,1.485194161432446e-6,1.0299999227836776,4.860609270629368e-8,2.916365562377621e-6
14.02,1.5394386281286643e-6,1.0299999248995588,4.649021145830545e-8,2.789412687498327e-6
14.04,1.5833033017997877e-6,1.0299999271077724,4.428199784634046e-8,2.6569198707804276e-6
14.06,1.6166809118089986e-6,1.0299999293862288,4.200354153383046e-8,2.5202124920298274e-6
14.08,1.6393779773693495e-6,1.0299999317173032,3.9672467089246766e-8,2.380348025354806e-6
14.1,1.6507790903119712e-6,1.0299999340916215,3.729814879172011e-8,2.2378889275032066e-6
14.12,1.6511586693468416e-6,1.0299999364886776,3.490109268255992e-8,2.094065560953595e-6
14.14,1.6408285645752585e-6,1.0299999388888899,3.2500880431385326e-8,1.9500528258831196e-6
14.16,1.6201381427549677e-6,1.0299999412736032,3.0116167115679104e-8,1.8069700269407463e-6
14.18,1.589474102559052e-6,1.029999943625087,2.7764683219189124e-8,1.6658809931513474e-6
14.2,1.5492606522116148e-6,1.0299999459265372,2.546323307761611e-8,1.5492606522116148e-6
14.22,1.4999593958009427e-6,1.0299999481620752,2.3227695100658252e-8,1.4999593958009427e-6
14.24,1.4420693972283516e-6,1.0299999503167485,2.1073021772011202e-8,1.4420693972283516e-6
14.26,1.3761271446810497e-6,1.0299999523765302,1.9013240093457284e-8,1.3761271446810497e-6
14.28,1.3027065577375652e-6,1.0299999543283207,1.706144958646405e-8,1.3027065577375652e-6
14.3,1.2224189944731734e-6,1.0299999561599458,1.522982451263033e-8,1.2224189944731734e-6
14.32,1.1359132869870336e-6,1.0299999578601584,1.3529611875284786e-8,1.1359132869870336e-6
14.34,1.0438756135044969e-6,1.0299999594186369,1.1971133417887359e-8,1.0438756135044969e-6
14.36,9.470296546965074e-7,1.0299999608259882,1.0563782071315586e-8,9.470296546965074e-7
14.38,8.461365226253292e-7,1.0299999620737446,9.31602572862289e-9,8.461365226253292e-7
14.4,7.419947749554012e-7,1.0299999631543657,8.235404580503314e-9,7.419947749554012e-7
14.42,6.354403367936357e-7,1.0299999640612385,7.32853178142534e-9,6.354403367936357e-7
14.44,5.273466641142477e-7,1.029999964788677,6.601093227587285e-9,5.273466641142477e-7
14.46,4.1863189892410446e-7,1.029999965336021,6.053749279644194e-9,4.1863189892410446e-7
14.48,3.1000838163208755e-7,1.0299999656985679,5.69120239823917e-9,3.414721438943502e-7
14.5,2.216924954723254e-7,1.029999965864905,5.5248652319761504e-9,3.31491913918569e-7
14.52,1.9702945053268195e-7,1.0299999658373757,5.552394544139361e-9,3.3314367264836164e-7
14.54,2.183300225055973e-7,1.0299999656190488,5.770721456244132e-9,3.4624328737464793e-7
14.56,2.6650727136257046e-7,1.0299999652137175,6.176052780304531e-9,3.7056316681827184e-7
14.58,3.7467967217708065e-7,1.0299999646259004,6.7638699086103315e-9,4.058321945166199e-7
14.6,4.785861449363438e-7,1.0299999638608406,7.52892970190544e-9,4.785861449363438e-7
14.62,5.77598093798315e-7,1.0299999629245074,8.465262935075657e-9,5.77598093798315e-7
14.64,6.711443916174176e-7,1.0299999618235938,9.566176517594727e-9,6.711443916174176e-7
14.66,7.58711493631381e-7,1.0299999605655188,1.0824251495122894e-8,7.58711493631381e-7
14.68,8.398433024581209e-7,1.0299999591584263,1.2231343937685324e-8,8.398433024581209e-7
14.7,9.141412533608673e-7,1.0299999576111851,1.3778585161716705e-8,9.141412533608673e-7
14.72,9.8126430003731e-7,1.0299999559333897,1.5456380619838228e-8,9.8126430003731e-7
14.74,1.0409288933033167e-6,1.0299999541353595,1.7254410789036e-8,1.0409288933033167e-6
14.76,1.092909009514642e-6,1.029999952228139,1.9161631392705658e-8,1.1496978835623395e-6
14.78,1.1370361079343638e-6,1.029999950223498,2.1166272290429333e-8,1.26997633742576e-6
14.8,1.1731992231034383e-6,1.0299999481339317,2.3255838588198685e-8,1.3953503152919211e-6
14.82,1.2013447943104438e-6,1.0299999459726603,2.5417109972281082e-8,1.525026598336865e-6
14.84,1.2214768787544017e-6,1.0299999437536298,2.7636140487174998e-8,1.6581684292305e-6
14.86,1.2336569881199466e-6,1.029999941491511,2.9898259201743826e-8,1.7938955521046296e-6
14.88,1.2380041525261731e-6,1.0299999392016999,3.2188070431260485e-8,1.931284225875629e-6
14.9,1.2348097087055976e-6,1.0299999369022175,3.448755281354465e-8,2.069253168812679e-6
14.92,1.2241316795780222e-6,1.0299999346041036,3.678566673492867e-8,2.20714000409572e-6
14.94,1.2059182168400184e-6,1.0299999323153426,3.907442769346403e-8,2.344465661607842e-6
14.96,1.1806293827021364e-6,1.029999930052364,4.1337406386787734e-8,2.480244383207264e-6
14.98,1.1487264188758672e-6,1.0299999278305854,4.35591849257122e-8,2.613551095542732e-6
15.0,1.1106718602604815e-6,1.029999925664413,4.5725357278314505e-8,2.7435214366988703e-6
15.02,1.0669294567833276e-6,1.0299999235672401,4.782253015811477e-8,2.8693518094868864e-6
15.04,1.0179641947161144e-6,1.0299999215514488,4.983832146976397e-8,2.990299288185838e-6
15.06,9.64242296674911e-7,1.029999919628408,5.1761362307445324e-8,3.1056817384467195e-6
15.08,9.062312642527104e-7,1.0299999178084753,5.35812949564729e-8,3.214877697388374e-6
15.1,8.443997927543023e-7,1.0299999161009954,5.528877489169304e-8,3.3173264935015823e-6
15.12,7.792178280396911e-7,1.0299999145143008,5.687546944521671e-8,3.4125281667130025e-6
15.14,7.11156566524096e-7,1.0299999130557118,5.833405847255335e-8,3.500043508353201e-6
15.16,6.406884338616692e-7,1.029999911731536,5.965823435261086e-8,3.5794940611566517e-6
15.18,5.682871062617778e-7,1.0299999105470683,6.084270198769559e-8,3.6505621192617355e-6
15.2,4.944275104890039e-7,1.029999909506591,6.188317924760156e-8,3.7129907548560936e-6
15.22,4.195857670197256e-7,1.0299999086133744,6.277639585938743e-8,3.766583751563246e-6
15.24,3.4423930372895484e-7,1.0299999078696753,6.352009496168876e-8,3.8112056977013253e-6
15.26,2.688667066763628e-7,1.029999907276739,6.41130313283611e-8,3.846781879701666e-6
15.28,1.939478764256819e-7,1.029999906834796,6.455497425505996e-8,3.873298455303598e-6
15.3,1.8567811110870025e-7,1.0299999065430658,6.484670445061624e-8,3.890802267036975e-6
15.32,1.81915638108876e-7,1.029999906399755,6.499001536930393e-8,3.899400922158236e-6
15.34,2.0169395753555364e-7,1.029999906398166,6.499160432049678e-8,3.899496259229807e-6
15.36,2.669051824000235e-7,1.0299999065372492,6.485252113108686e-8,3.891151267865212e-6
15.38,3.2997478172092087e-7,1.0299999068239982,6.456577206215286e-8,3.873946323729172e-6
15.4,3.904567478230092e-7,1.0299999072481134,6.414165687473883e-8,3.84849941248433e-6
15.42,4.4793795694886285e-7,1.0299999077992792,6.359049109505577e-8,3.815429465703346e-6
15.44,5.02038226102286e-7,1.0299999084671654,6.29226049042586e-8,3.7753562942555163e-6
15.46,5.52410298837458e-7,1.0299999092414256,6.214834469275843e-8,3.7289006815655057e-6
15.48,5.987398736806426e-7,1.0299999101116988,6.127807150591025e-8,3.676684290354615e-6
15.5,6.407455330759149e-7,1.0299999110676084,6.032216193219142e-8,3.6193297159314852e-6
15.52,6.781788357557161e-7,1.0299999120987622,5.929100810320165e-8,3.557460486192099e-6
15.54,7.108242101594442e-7,1.0299999131947526,5.8195017693662976e-8,3.4917010616197786e-6
15.56,7.384990610148634e-7,1.029999914345157,5.704461325528598e-8,3.422676795317159e-6
15.58,7.610537124946859e-7,1.0299999155395372,5.585023310494819e-8,3.3510139862968913e-6
15.6,7.783714082165716e-7,1.02999991676744,5.462233021447105e-8,3.277339812868263e-6
15.62,7.903683325594102e-7,1.0299999180183967,5.337137354288757e-8,3.202282412573254e-6
15.64,7.969935538199024e-7,1.0299999192819231,5.2107847148263886e-8,3.126470828895833e-6
15.66,7.982291378993978e-7,1.02999992054752,5.084225018769928e-8,3.0505350112619567e-6
15.68,7.940900346170565e-7,1.0299999218046736,4.958509669528155e-8,2.975105801716893e-6
15.7,7.846241203424142e-7,1.0299999230428534,4.8346916914354665e-8,2.90081501486128e-6
15.72,7.699122122062363e-7,1.0299999242515143,4.713825596525112e-8,2.828295357915067e-6
15.74,7.500680894167999e-7,1.0299999254200973,4.5969672957113517e-8,2.758180377426811e-6
15.76,7.252383653622019e-7,1.0299999265380257,4.485174454060825e-8,2.691104672436495e-6
15.78,6.956026936677517e-7,1.0299999275947103,4.37950600229442e-8,2.627703601376652e-6
15.8,6.616864283159885e-7,1.0299999285811112,4.280865906203246e-8,2.5685195437219477e-6
15.82,6.230989200162185e-7,1.029999929487927,4.1901843328417954e-8,2.5141105997050772e-6
15.84,5.800262954380742e-7,1.029999930307817,4.108195339469489e-8,2.4649172036816935e-6
15.86,5.32934031127752e-7,1.029999931034893,4.0354877217652074e-8,2.4212926330591245e-6
15.88,4.822809600568689e-7,1.0299999316639268,3.9725843503646274e-8,2.3835506102187765e-6
15.9,4.285193782038732e-7,1.0299999321903464,3.9199423929048294e-8,2.3519654357428976e-6
15.92,3.720949024454967e-7,1.0299999326102387,3.8779531585930727e-8,2.3267718951558436e-6
15.94,3.134465913490203e-7,1.0299999329203482,3.8469422092290984e-8,2.308165325537459e-6
15.96,2.5300690964513706e-7,1.029999933118078,3.827169225978366e-8,2.2963015355870198e-6
15.98,1.9120168559538797e-7,1.0299999332014884,3.818828187007739e-8,2.2912969122046434e-6
16.0,1.6486728071640755e-7,1.0299999331692982,3.822047212054258e-8,2.293228327232555e-6
16.02,1.6420028003949483e-7,1.029999933020884,3.836888629038526e-8,2.3021331774231157e-6
16.04,1.633957111835116e-7,1.029999932756281,3.8633489296557855e-8,2.3180093577934713e-6
16.06,2.2384308806522313e-7,1.0299999323761817,3.90135885819376e-8,2.340815314916256e-6
16.08,2.852436153943927e-7,1.029999931881937,3.9507833227148126e-8,2.3704699936288876e-6
16.1,3.454624746268564e-7,1.0299999312755563,4.0114213950559474e-8,2.4068528370335684e-6
16.12,4.041251315811678e-7,1.0299999305597063,4.083006399646649e-8,2.4498038397879895e-6
16.14,4.6086510963050387e-7,1.029999929737712,4.165205824691043e-8,2.4991234948146257e-6
16.16,5.153239541755283e-7,1.029999928813557,4.257621322167893e-8,2.5545727933007356e-6
16.18,5.671511829064002e-7,1.0299999277918825,4.3597887744439845e-8,2.6158732646663907e-6
16.2,6.189106400711353e-7,1.0299999266779878,4.471178249865204e-8,2.6827069499191225e-6
16.22,6.694131116091739e-7,1.02999992547783,4.5911940249609984e-8,2.754716414976599e-6
16.24,7.164131190506851e-7,1.0299999241986046,4.7191165641891075e-8,2.8314699385134645e-6
16.26,7.599538704994302e-7,1.0299999228525425,4.853722779252223e-8,2.912233667551334e-6
16.28,7.990571759819431e-7,1.0299999214316482,4.995812208363759e-8,2.9974873250182554e-6
16.3,8.335795556035919e-7,1.0299999199452678,5.1444502435771255e-8,3.0866701461462753e-6
16.32,8.634045087774211e-7,1.029999918402488,5.298728233960048e-8,3.179236940376029e-6
16.34,8.884425710675714e-7,1.0299999168121374,5.4577632857544245e-8,3.2746579714526547e-6
16.36,9.086312005024411e-7,1.029999915182786,5.620698417807546e-8,3.3724190506845275e-6
16.38,9.239349196832336e-7,1.0299999135227458,5.7867024505497966e-8,3.472021470329878e-6
16.4,9.343451878862652e-7,1.0299999118400687,5.9549701614258765e-8,3.572982096855526e-6
16.42,9.398804934335203e-7,1.02999991014255,6.124722018441275e-8,3.6748332110647652e-6
16.44,9.405863039546603e-7,1.0299999084377254,6.29520449102472e-8,3.7771226946148317e-6
16.46,9.365350734924505e-7,1.029999906732872,6.465689827983567e-8,3.87941389679014e-6
16.48,9.278262211864785e-7,1.0299999050350088,6.63547614632165e-8,3.98128568779299e-6
16.5,9.145862449599917e-7,1.029999903350896,6.803887431239275e-8,4.082332458743565e-6
16.52,8.969685580950681e-7,1.0299999016870347,6.970273558337681e-8,4.182164135002608e-6
16.54,8.751535887085993e-7,1.029999900049668,7.13401022700566e-8,4.280406136203396e-6
16.56,8.493487513305809e-7,1.0299998984447802,7.294499004828481e-8,4.3766994028970885e-6
16.58,8.197884611149675e-7,1.0299998968780966,7.451167371996803e-8,4.470700423198082e-6
16.6,7.867341267342454e-7,1.0299998953550844,7.60346858807992e-8,4.562081152847952e-6
16.62,7.504741432740047e-7,1.0299998938809518,7.750881847456981e-8,4.6505291084741884e-6
16.64,7.113238993383675e-7,1.0299998924606486,7.892912168294686e-8,4.735747300976811e-6
16.66,6.696257912608417e-7,1.0299998910988653,8.029090503569591e-8,4.817454302141755e-6
16.68,6.257491733663301e-7,1.0299998898000342,8.158973607841347e-8,4.895384164704808e-6
16.7,5.800904290254039e-7,1.0299998885683292,8.282144103866074e-8,4.969286462319644e-6
16.72,5.330729067054563e-7,1.0299998874076648,8.39821054920975e-8,5.03892632952585e-6
16.74,4.851308190723103e-7,1.0299998863170283,8.507274196212222e-8,5.104364517727333e-6
16.76,4.365122876492933e-7,1.0299998853053212,8.608444912461266e-8,5.16506694747676e-6
16.78,3.875977228062766e-7,1.0299998843760916,8.701367870678212e-8,5.220820722406927e-6
16.8,3.3877969229934024e-7,1.0299998835289788,8.786079153111359e-8,5.2716474918668155e-6
16.82,2.9042790572475496e-7,1.0299998827632986,8.862647171703486e-8,5.317588303022092e-6
16.84,2.428893211003924e-7,1.0299998820780412,8.931172912340912e-8,5.358703747404547e-6
16.86,2.0065124317625305e-7,1.0299998814718716,8.991789868240119e-8,5.395073920944071e-6
16.88,1.6470303165760924e-7,1.0299998809431314,9.044663884516524e-8,5.426798330709914e-6
16.9,1.3382282304519322e-7,1.029999880489836,9.08999342463801e-8,5.453996054782806e-6
16.92,1.1756922191352714e-7,1.0299998801096768,9.128009348380317e-8,5.47680560902819e-6
16.94,1.225992178888191e-7,1.02999987980002,9.158975022849347e-8,5.495385013709608e-6
16.96,1.2663619486374955e-7,1.0299998795579075,9.183186278072242e-8,5.509911766843345e-6
16.98,1.296879403867024e-7,1.029999879380056,9.200971429201843e-8,5.520582857521106e-6
17.0,1.3776207907767457e-7,1.0299998792628575,9.212691276516694e-8,5.527614765910016e-6
17.02,1.6270161040665698e-7,1.029999879202379,9.218739127625497e-8,5.531243476575298e-6
17.04,1.8497379983273277e-7,1.0299998791943636,9.219540664240355e-8,5.531724398544213e-6
17.06,2.0448170801046217e-7,1.0299998792342284,9.215554186425834e-8,5.5293325118555e-6
17.08,2.2114670628070598e-7,1.0299998793170666,9.207270368349896e-8,5.5243622210099375e-6
17.1,2.3490842693263403e-7,1.0299998794376461,9.195212413715126e-8,5.5171274482290755e-6
17.12,2.4572474899287045e-7,1.0299998795904108,9.179935944736428e-8,5.507961566841857e-6
17.14,2.5357179112006634e-7,1.029999879769479,9.162029135367789e-8,5.497217481220673e-6
17.16,2.584440039754554e-7,1.0299998799686443,9.142112600279972e-8,5.4852675601679834e-6
17.18,2.603540352197342e-7,1.0299998801813763,9.120839394860525e-8,5.472503636916315e-6
17.2,2.593328289890451e-7,1.0299998804008197,9.098895059622691e-8,5.459337035773615e-6
17.22,2.555100664380916e-7,1.0299998806194477,9.077032259163786e-8,5.446219355498272e-6
17.24,2.4893528660641095e-7,1.0299998808323432,9.055742711261416e-8,5.43344562675685e-6
17.26,2.3940341975503543e-7,1.0299998810352984,9.035447190441914e-8,5.4212683142651485e-6
17.28,2.2708016444994428e-7,1.029999881221622,9.016814828122222e-8,5.410088896873333e-6
17.3,2.121333722016061e-7,1.02999988138506,9.00047103513657e-8,5.400282621081942e-6
17.32,1.9473300483241474e-7,1.029999881519797,8.986997324100798e-8,5.392198394460479e-6
17.34,1.7505122684724483e-7,1.0299998816204572,8.97693130941235e-8,5.38615878564741e-6
17.36,1.5326236280088779e-7,1.0299998816821019,8.97076684047704e-8,5.382460104286224e-6
17.38,1.2954286887634225e-7,1.0299998817002327,8.968953757459985e-8,5.381372254475991e-6
17.4,1.040713968336604e-7,1.0299998816707885,8.971898179943594e-8,5.383138907966156e-6
17.42,7.702872295567431e-8,1.0299998815901472,8.979962307087419e-8,5.3879773842524514e-6
17.44,7.031775339783053e-8,1.0299998814551257,8.993464462037082e-8,5.396078677222249e-6
17.46,6.92963624260301e-8,1.0299998812629787,9.012679158537651e-8,5.4076074951225905e-6
17.48,7.995615902700592e-8,1.0299998810114,9.037837034320262e-8,5.422702220592157e-6
17.5,1.1039917069410876e-7,1.0299998806985216,9.069124873306578e-8,5.441474923983947e-6
17.52,1.4146802129744174e-7,1.0299998803229145,9.106685583404328e-8,5.464011350042597e-6
17.54,1.7296694210244823e-7,1.0299998798835877,9.150618263120691e-8,5.490370957872415e-6
17.56,2.0469806827350112e-7,1.029999879379989,9.200978134948912e-8,5.520586880969347e-6
17.58,2.3646133229249244e-7,1.0299998788120046,9.257776567572762e-8,5.554665940543657e-6
17.6,2.6805453501310694e-7,1.0299998781799595,9.320981075866541e-8,5.592588645519925e-6
17.62,2.992733456608221e-7,1.0299998774846162,9.390515409712918e-8,5.634309245827751e-6
17.64,3.299112947274807e-7,1.0299998767271772,9.466259309753866e-8,5.67975558585232e-6
17.66,3.597597100224448e-7,1.0299998759092817,9.548048862662029e-8,5.728829317597217e-6
17.68,3.8860784457028785e-7,1.0299998750330084,9.635676190278275e-8,5.781405714166965e-6
17.7,4.1624276292395734e-7,1.029999874100874,9.728889627247383e-8,5.83733377634843e-6
17.72,4.426168302984479e-7,1.02999987312126,9.826851021799143e-8,5.896110613079486e-6
17.74,4.673881903727306e-7,1.0299998720859218,9.930384847756102e-8,5.958230908653661e-6
17.76,4.903894037511236e-7,1.029999870998977,1.0039079323398425e-7,6.023447594039055e-6
17.78,5.114984347187601e-7,1.0299998698660524,1.0152371787697234e-7,6.0914230726183405e-6
17.8,5.30606932613864e-7,1.0299998686926488,1.0269712147348287e-7,6.161827288408972e-6
17.82,5.476202673548869e-7,1.0299998674841424,1.0390562787954138e-7,6.234337672772483e-6
17.84,5.624574868079435e-7,1.029999866245782,1.0514398818273207e-7,6.308639290963924e-6
17.86,5.750513381030942e-7,1.0299998649826918,1.0640707848175168e-7,6.384424708905101e-6
17.88,5.85348274739772e-7,1.0299998636998702,1.0768990010845414e-7,6.461394006507248e-6
17.9,5.933084352705009e-7,1.0299998624021887,1.08987581626252e-7,6.53925489757512e-6
17.92,5.989056504063228e-7,1.0299998610943941,1.1029537616558116e-7,6.61772256993487e-6
17.94,6.021274572276525e-7,1.0299998597811075,1.1160866275616854e-7,6.6965197653701125e-6
17.96,6.029750778679954e-7,1.0299998584668233,1.1292294699316585e-7,6.775376819589951e-6
17.98,6.014634692519394e-7,1.0299998571559108,1.1423385948283737e-7,6.8540315689702425e-6
18.0,5.976212094083166e-7,1.0299998558526129,1.155371573968722e-7,6.932229443812332e-6
18.02,5.926747235207586e-7,1.0299998545610474,1.16828722918072e-7,7.00972337508432e-6
18.04,5.854630558133067e-7,1.0299998532852062,1.1810456412852943e-7,7.086273847711766e-6
18.06,5.7597203806381e-7,1.0299998520289546,1.1936081567576196e-7,7.161648940545717e-6
18.08,5.642698752694741e-7,1.0299998507960337,1.205937365522658e-7,7.235624193135948e-6
18.1,5.504388838062368e-7,1.0299998495900569,1.21799713426185e-7,7.3079828055711005e-6
18.12,5.345755056396229e-7,1.0299998484145134,1.229752568665532e-7,7.378515411993192e-6
18.14,5.16790350957308e-7,1.0299998472727656,1.2411700467396258e-7,7.447020280437755e-6
18.16,4.972081342202728e-7,1.0299998461680506,1.2522171966011797e-7,7.513303179607078e-6
18.18,4.7596768837365744e-7,1.0299998451034797,1.2628629053601514e-7,7.577177432160909e-6
18.2,4.5322200747932584e-7,1.0299998440820384,1.273077319119409e-7,7.638463914716453e-6
18.22,4.2913819697787403e-7,1.0299998431065862,1.2828318407542838e-7,7.696991044525703e-6
18.24,4.0398755629666994e-7,1.0299998421770746,1.292126956542461e-7,7.752761739254765e-6
18.26,3.7773668282170547e-7,1.0299998412981228,1.3009164745447777e-7,7.805498847268666e-6
18.28,3.504583006019857e-7,1.0299998404741215,1.3091564876610562e-7,7.854938925966337e-6
18.3,3.2241340619520997e-7,1.029999839704933,1.316848372567847e-7,7.901090235407082e-6
18.32,2.939551038139143e-7,1.0299998389902607,1.323995095781072e-7,7.943970574686432e-6
18.34,2.66971021289919e-7,1.0299998383296483,1.3306012203173623e-7,7.983607321904174e-6
18.36,2.400891006004713e-7,1.0299998377224797,1.3366729056940585e-7,8.020037434164351e-6
18.38,2.1349167411699455e-7,1.0299998371679802,1.3422179012678725e-7,8.053307407607235e-6
18.4,1.8735059370555973e-7,1.0299998366652152,1.3472455506757797e-7,8.083473304054678e-6
18.42,1.6182720941060325e-7,1.0299998362130913,1.3517667896145724e-7,8.110600737687435e-6
18.44,1.435761944890146e-7,1.0299998358103553,1.3557941502817528e-7,8.134764901690517e-6
18.46,1.276185841447841e-7,1.029999835455594,1.3593417635959781e-7,8.156050581575869e-6
18.48,1.1213107597995986e-7,1.0299998351472361,1.362425341433493e-7,8.174552048600958e-6
18.5,9.720449867245406e-8,1.0299998348835504,1.3650621988325895e-7,8.190373192995537e-6
18.52,8.292492026384934e-8,1.0299998346626464,1.3672712384504848e-7,8.203627430702909e-6
18.54,6.937356999969779e-8,1.0299998344824741,1.3690729616655517e-7,8.21443776999331e-6
18.56,7.127015066998865e-8,1.029999834340824,1.3704894619159802e-7,8.222936771495881e-6
18.58,7.737884999414746e-8,1.0299998342353283,1.3715444202588856e-7,8.229266521553313e-6
18.6,8.269812212802208e-8,1.0299998341634584,1.3722631186929846e-7,8.233578712157907e-6
18.62,8.721779209963643e-8,1.0299998341225276,1.3726724268359192e-7,8.236034561015515e-6
18.64,9.093461272868808e-8,1.0299998341096899,1.3728008041447026e-7,8.236804824868216e-6
18.66,9.385233568082185e-8,1.0299998341219385,1.3726783176792878e-7,8.236069906075727e-6
18.68,9.598169015134772e-8,1.0299998341561092,1.3723366110163226e-7,8.234019666097936e-6
18.7,1.0200322009268348e-7,1.0299998342088774,1.3718089286740565e-7,8.230853572044339e-6
18.72,1.0675259431991435e-7,1.0299998342767598,1.37113010501011e-7,8.22678063006066e-6
18.74,1.0951207229936699e-7,1.0299998343561132,1.370336570882813e-7,8.222019425296878e-6
18.76,1.10292077692975e-7,1.0299998344431356,1.3694663469898671e-7,8.216798081939203e-6
18.78,1.0923522353323278e-7,1.0299998345339343,1.3685583599709616e-7,8.21135015982577e-6
18.8,1.0617672074886286e-7,1.0299998346265047,1.3676326560130292e-7,8.205795936078175e-6
18.82,1.0107159198469162e-7,1.0299998347178692,1.3667190112975902e-7,8.200314067785541e-6
18.84,9.504827147566175e-8,1.0299998348047343,1.3658503594804472e-7,8.195102156882683e-6
18.86,9.150648594413724e-8,1.029999834884028,1.3650574226531376e-7,8.190344535918825e-6
18.88,8.711427312846354e-8,1.029999834952901,1.3643686935793653e-7,8.186212161476192e-6
18.9,8.196439438279413e-8,1.0299998350087258,1.363810444576785e-7,8.18286266746071e-6
18.92,7.614740837880163e-8,1.029999835049098,1.3634067230761104e-7,8.180440338456663e-6
18.94,6.975154320798538e-8,1.029999835071834,1.3631793627233435e-7,8.179076176340061e-6
18.96,6.2862866911928e-8,1.0299998350749733,1.3631479700570992e-7,8.178887820342595e-6
18.98,5.6545161442045355e-8,1.029999835056778,1.363329922288159e-7,8.179979533728954e-6
19.0,6.34817567402024e-8,1.0299998350157311,1.3637403917243773e-7,8.182442350346264e-6
19.02,7.531649970360377e-8,1.0299998349505393,1.364392310243545e-7,8.18635386146127e-6
19.04,8.750944857638387e-8,1.0299998348601305,1.365296398159188e-7,8.191778388955129e-6
19.06,9.996181660199e-8,1.0299998347436543,1.366461159779675e-7,8.19876695867805e-6
19.08,1.1257604626280227e-7,1.029999834600484,1.3678928634242027e-7,8.207357180545216e-6
19.1,1.252558092801337e-7,1.0299998344302137,1.3695955658477033e-7,8.21757339508622e-6
19.12,1.4065298614696076e-7,1.0299998342326604,1.3715710989181673e-7,8.229426593509004e-6
19.14,1.580102235720915e-7,1.0299998340078629,1.3738190740575362e-7,8.242914444345217e-6
19.16,1.7513890071541027e-7,1.0299998337560818,1.3763368844621482e-7,8.258021306772889e-6
19.18,1.9192709999060753e-7,1.0299998334778004,1.3791196984414e-7,8.2747181906484e-6
19.2,2.0826372804094717e-7,1.029999833173724,1.3821604638586393e-7,8.292962783151836e-6
19.22,2.2403870758580524e-7,1.0299998328447797,1.3854499059107184e-7,8.31269943546431e-6
19.24,2.391428495229775e-7,1.0299998324921171,1.3889765315688862e-7,8.333859189413317e-6
19.26,2.534678955612435e-7,1.0299998321171075,1.3927266273583427e-7,8.356359764150056e-6
19.28,2.669064826932299e-7,1.0299998317213441,1.3966842615786845e-7,8.380105569472107e-6
19.3,2.793522213551114e-7,1.0299998313066427,1.4008312754221208e-7,8.404987652532725e-6
19.32,2.908311458327262e-7,1.0299998308774798,1.4051229046962987e-7,8.430737428177792e-6
19.34,3.011389466678338e-7,1.0299998304316786,1.409580916433839e-7,8.457485498603035e-6
19.36,3.1010806367248733e-7,1.029999829969348,1.4142042226161777e-7,8.485225335697066e-6
19.38,3.17722367526585e-7,1.0299998294939245,1.4189584573998104e-7,8.513750744398862e-6
19.4,3.23971072191398e-7,1.0299998290087304,1.4238103984709483e-7,8.54286239082569e-6
19.42,3.288488628072628e-7,1.029999828516973,1.428727973706856e-7,8.572367842241135e-6
19.44,3.3235583174473504e-7,1.0299998280217446,1.4336802567349594e-7,8.602081540409756e-6
19.46,3.344974857100169e-7,1.0299998275260227,1.4386374758146303e-7,8.631824854887782e-6
19.48,3.3528477416666647e-7,1.029999827032671,1.4435709938531716e-7,8.66142596311903e-6
19.5,3.347340538084609e-7,1.0299998265444366,1.4484533372716157e-7,8.690720023629694e-6
19.52,3.3286709566482386e-7,1.0299998260639536,1.4532581671389266e-7,8.71954900283356e-6
19.54,3.2971110641710766e-7,1.0299998255937404,1.4579602991560137e-7,8.747761794936082e-6
19.56,3.252986928714563e-7,1.029999825136201,1.4625356925535016e-7,8.77521415532101e-6
19.58,3.196679259076518e-7,1.0299998246936246,1.4669614567530687e-7,8.801768740518412e-6
19.6,3.1286226942484063e-7,1.0299998242681851,1.4712158513674467e-7,8.82729510820468e-6
19.62,3.04930587446961e-7,1.0299998238619432,1.4752782706572987e-7,8.851669623943792e-6
19.64,2.9592722228244384e-7,1.0299998234768428,1.4791292746174634e-7,8.87477564770478e-6
19.66,2.8591188083737507e-7,1.029999823114715,1.4827505534498187e-7,8.896503320698912e-6
19.68,2.749497340914786e-7,1.0299998227772749,1.486124954208634e-7,8.916749725251805e-6
19.7,2.631113460438428e-7,1.0299998224661238,1.4892364652574486e-7,8.935418791544691e-6
19.72,2.5047272345091187e-7,1.0299998221827473,1.4920702295917465e-7,8.952421377550479e-6
19.74,2.3711528029934925e-7,1.0299998219285171,1.4946125315162817e-7,8.96767518909769e-6
19.76,2.2312585201689217e-7,1.0299998217046904,1.4968507988655233e-7,8.98110479319314e-6
19.78,2.0859670257777907e-7,1.029999821512409,1.49877361188544e-7,8.99264167131264e-6
19.8,1.936255245027496e-7,1.0299998213527006,1.500370696572162e-7,9.002224179432972e-6
19.82,1.7831542464818995e-7,1.0299998212264778,1.5016329246719806e-7,9.009797548031884e-6
19.84,1.6277493131156007e-7,1.0299998211345387,1.502552315901795e-7,9.01531389541077e-6
19.86,1.4711798712596647e-7,1.0299998210775674,1.5031220290673275e-7,9.018732174403965e-6
19.88,1.3146568988986473e-7,1.0299998210563255,1.503334448038629e-7,9.020006688231774e-6
19.9,1.1592914006541832e-7,1.0299998210731454,1.5031662492503983e-7,9.01899749550239e-6
19.92,1.0056398025426461e-7,1.029999821125445,1.502643252049296e-7,9.015859512295776e-6
19.94,8.957125885444839e-8,1.0299998212129016,1.501768687184324e-7,9.010612123105943e-6
19.96,7.989483918890983e-8,1.029999821335026,1.5005474418572362e-7,9.003284651143417e-6
19.98,7.04427094433413e-8,1.029999821491163,1.4989860730452165e-7,8.993916438271299e-6
20.0,6.125251417188338e-8,1.0299998216804909,1.4970927941782008e-7,8.982556765069205e-6
