item,key,official_paremt,frozen_tx4,difference
gen 30,P_pu,2.5,4.360863850000089,-1.8608638500000891
gen 30,Q_pu,2.10986,0.9269564784065741,1.1829035215934258
gen 30,rating_MVA,1000.0,1040.0,-40.0
gen 31,P_pu,5.729299999999999,6.459999980000191,-0.7306999800001917
gen 31,Q_pu,6.5585,3.112143544052263,3.4463564559477375
gen 31,rating_MVA,1000.0,836.0,164.0
gen 32,P_pu,6.5,7.249999980000314,-0.7499999800003136
gen 32,Q_pu,2.39346,1.4908257436344363,0.9026342563655638
gen 32,rating_MVA,1000.0,843.7,156.29999999999995
gen 33,P_pu,6.32,6.5199999800001365,-0.1999999800001362
gen 33,Q_pu,1.2023300000000001,1.3004358285386641,-0.09810582853866401
gen 33,rating_MVA,1000.0,1174.8,-174.79999999999995
gen 34,P_pu,5.08,5.079999980000037,1.9999963463135373e-08
gen 34,Q_pu,1.73537,1.4521571021384498,0.28321289786155024
gen 34,rating_MVA,1000.0,1080.2,-80.20000000000005
gen 35,P_pu,6.5,6.869999980001136,-0.3699999800011362
gen 35,Q_pu,3.1372500000000003,2.255269369153059,0.8819806308469413
gen 35,rating_MVA,1000.0,1085.7,-85.70000000000005
gen 36,P_pu,5.6,5.799999980000921,-0.19999998000092134
gen 36,Q_pu,2.43523,0.6070806633578728,1.8281493366421269
gen 36,rating_MVA,1000.0,1025.2,-25.200000000000045
gen 37,P_pu,5.4,3.2152133800000744,2.184786619999926
gen 37,Q_pu,0.48979,-0.2761711579133417,0.7659611579133416
gen 37,rating_MVA,1000.0,970.2,29.799999999999955
gen 38,P_pu,8.3,7.647833810000076,0.6521661899999245
gen 38,Q_pu,1.56197,1.2327580772995848,0.3292119227004153
gen 38,rating_MVA,1000.0,1684.1,-684.0999999999999
gen 39,P_pu,10.110800000000001,5.731098555345193,4.379701444654808
gen 39,Q_pu,3.27508,-0.2962740543589004,3.5713540543589004
gen 39,rating_MVA,2000.0,1199.0,801.0
bus 1,Vm_pu,1.03332,1.0486876339141602,-0.015367633914160184
bus 1,Va_rad,-0.1636874492275402,-0.19998567547672835,0.03629822624918816
bus 2,Vm_pu,1.01197,1.0477321753585906,-0.03576217535859061
bus 2,Va_rad,-0.11509224686426207,-0.21285531110986286,0.09776306424560079
bus 3,Vm_pu,0.97592,1.030276811422666,-0.05435681142266591
bus 3,Va_rad,-0.16817992672217358,-0.27924819957258273,0.11106827285040916
bus 4,Vm_pu,0.93724,1.0528022386870435,-0.11556223868704352
bus 4,Va_rad,-0.18301348003487342,-0.2717527003481028,0.08873922031322937
bus 5,Vm_pu,0.92623,1.071519573115338,-0.14528957311533797
bus 5,Va_rad,-0.15797847724426675,-0.2459389269817136,0.08796044973744685
bus 6,Vm_pu,0.92789,1.0729899261193876,-0.1450999261193876
bus 6,Va_rad,-0.1433002582349944,-0.23500052107401395,0.09170026283901955
bus 7,Vm_pu,0.87191,1.0596837719055348,-0.1877737719055348
bus 7,Va_rad,-0.18661583961098968,-0.264263023762538,0.07764718415154834
bus 8,Vm_pu,0.88896,1.0569903054797116,-0.16803030547971165
bus 8,Va_rad,-0.19899720532463747,-0.269662898941935,0.07066569361729755
bus 9,Vm_pu,0.98407,1.0530046525780627,-0.06893465257806275
bus 9,Va_rad,-0.19556239735671263,-0.2241586222553963,0.02859622489868366
bus 10,Vm_pu,0.94372,1.0715427136373816,-0.12782271363738162
bus 10,Va_rad,-0.09561088175350138,-0.200722587195348,0.10511170544184661
bus 11,Vm_pu,0.93701,1.071432813209005,-0.13442281320900495
bus 11,Va_rad,-0.11180404655350475,-0.2140074554663464,0.10220340891284165
bus 12,Vm_pu,0.91819,1.0682843824396733,-0.15009438243967332
bus 12,Va_rad,-0.11237651454815889,-0.23701390982367104,0.12463739527551215
bus 13,Vm_pu,0.94122,1.0670449579138435,-0.12582495791384352
bus 13,Va_rad,-0.11029782740903366,-0.21446668548728182,0.10416885807824816
bus 14,Vm_pu,0.94048,1.057479647912983,-0.11699964791298312
bus 14,Va_rad,-0.14464241642977807,-0.24189108170782367,0.0972486652780456
bus 15,Vm_pu,0.94151,1.0402388467986825,-0.09872884679868255
bus 15,Va_rad,-0.15357850219998903,-0.2510639073798164,0.09748540517982734
bus 16,Vm_pu,0.95827,1.0469663281904622,-0.08869632819046225
bus 16,Va_rad,-0.12533209358571282,-0.2283941009463732,0.10306200736066037
bus 17,Vm_pu,0.968,1.0432322646887808,-0.07523226468878086
bus 17,Va_rad,-0.14608405839192537,-0.2529311719781802,0.10684711358625484
bus 18,Vm_pu,0.9695,1.0369501563331809,-0.06745015633318086
bus 18,Va_rad,-0.16301200680701838,-0.27028371831539466,0.10727171150837628
bus 19,Vm_pu,0.97971,1.06446405811275,-0.08475405811275005
bus 19,Va_rad,-0.03238458427075478,-0.14639102287893685,0.11400643860818208
bus 20,Vm_pu,0.98095,1.0018571199790343,-0.020907119979034272
bus 20,Va_rad,-0.05759411998656088,-0.17027485378474172,0.11268073379818083
bus 21,Vm_pu,0.97413,1.0442104015563358,-0.07008040155633577
bus 21,Va_rad,-0.07864279076561248,-0.1830526360541007,0.1044098452884882
bus 22,Vm_pu,1.01044,1.05958161501803,-0.04914161501802994
bus 22,Va_rad,0.005623450849925729,-0.10248952029683714,0.10811297114676287
bus 23,Vm_pu,1.00864,1.0522240613442457,-0.04358406134424575
bus 23,Va_rad,0.0015899949485668344,-0.10594013846876853,0.10753013341733536
bus 24,Vm_pu,0.96922,1.0512408640540167,-0.08202086405401676
bus 24,Va_rad,-0.12316963064249184,-0.22513469046660767,0.10196505982411583
bus 25,Vm_pu,1.02086,1.0466043636586138,-0.025744363658613656
bus 25,Va_rad,-0.08946732278648133,-0.21040438954678842,0.12093706676030709
bus 26,Vm_pu,1.0009,1.0563056215168065,-0.055405621516806614
bus 26,Va_rad,-0.11159286171401343,-0.2363079315731156,0.12471506985910218
bus 27,Vm_pu,0.9793,1.044708154764611,-0.06540815476461115
bus 27,Va_rad,-0.14979986436942133,-0.2639165401509584,0.11411667578153706
bus 28,Vm_pu,1.00227,1.059814302168104,-0.05754430216810391
bus 28,Va_rad,-0.044474479999319506,-0.18981131654900407,0.14533683654968457
bus 29,Vm_pu,1.00409,1.0607169607807692,-0.05662696078076923
bus 29,Va_rad,0.008093091741497705,-0.1470065972965482,0.15509968903804588
bus 30,Vm_pu,1.0475,1.0355339999999997,0.011966000000000365
bus 30,Va_rad,-0.0723910213849688,-0.13821668509881146,0.06582566371384266
bus 31,Vm_pu,1.04,1.013246,0.026753999999999944
bus 31,Va_rad,-0.0009494591130849153,-0.11759552498325522,0.1166460658701703
bus 32,Vm_pu,0.9831,1.0205280000000003,-0.03742800000000035
bus 32,Va_rad,0.04497364416538988,-0.05836347561401281,0.10333711977940269
bus 33,Vm_pu,0.9972,1.01343,-0.016230000000000078
bus 33,Va_rad,0.05874080130512115,-0.05533597140655577,0.11407677271167693
bus 34,Vm_pu,1.0123,1.019109,-0.006809000000000065
bus 34,Va_rad,0.03304082806950465,-0.08108307716126507,0.11412390523076973
bus 35,Vm_pu,1.0493,1.06,-0.010700000000000154
bus 35,Va_rad,0.09340478557898053,-0.012713593383846847,0.10611837896282739
bus 36,Vm_pu,1.0635,1.06,0.0034999999999998366
bus 36,Va_rad,0.14292326711656364,0.035704316847846175,0.10721895026871747
bus 37,Vm_pu,1.0278,1.013996,0.01380400000000015
bus 37,Va_rad,0.029937632659458733,-0.13813662129557916,0.1680742539550379
bus 38,Vm_pu,1.0265,1.052803,-0.026302999999999965
bus 38,Va_rad,0.13282653739377645,-0.038190582594253245,0.1710171199880297
bus 39,Vm_pu,1.03,1.03,0.0
bus 39,Va_rad,-0.19128808601857852,-0.1912880860185785,-2.7755575615628914e-17
