portfolio,replaced_buses,intervention_count,scenario,equilibrium_status,error_type,error_message,powerflow_finite,equilibrium_finite,fixed_point,dynamic_margin,max_real,stable,robust_feasible_for_scenario
33;34;37;38,"[33, 34, 37, 38]",4,nominal,ok,,,true,true,true,0.1379481051469993,-0.1379481051469993,true,true
33;34;37;38,"[33, 34, 37, 38]",4,pll0.8_xf0.8_cc0.8,ok,,,true,true,true,0.13794810540372407,-0.13794810540372407,true,true
33;34;37;38,"[33, 34, 37, 38]",4,pll0.8_xf0.8_cc1.2,ok,,,true,true,true,0.13794810539071534,-0.13794810539071534,true,true
33;34;37;38,"[33, 34, 37, 38]",4,pll0.8_xf1.2_cc0.8,ok,,,true,true,true,0.13794810543893102,-0.13794810543893102,true,true
33;34;37;38,"[33, 34, 37, 38]",4,pll0.8_xf1.2_cc1.2,ok,,,true,true,true,0.137948105426636,-0.137948105426636,true,true
33;34;37;38,"[33, 34, 37, 38]",4,pll1.2_xf0.8_cc0.8,ok,,,true,true,true,0.13794810499371557,-0.13794810499371557,true,true
33;34;37;38,"[33, 34, 37, 38]",4,pll1.2_xf0.8_cc1.2,ok,,,true,true,true,0.13794810498153193,-0.13794810498153193,true,true
33;34;37;38,"[33, 34, 37, 38]",4,pll1.2_xf1.2_cc0.8,ok,,,true,true,true,0.13794810502993202,-0.13794810502993202,true,true
33;34;37;38,"[33, 34, 37, 38]",4,pll1.2_xf1.2_cc1.2,ok,,,true,true,true,0.13794810501729604,-0.13794810501729604,true,true
30;33;34;37;38,"[30, 33, 34, 37, 38]",5,nominal,ok,,,true,true,true,0.13795557575864373,-0.13795557575864373,true,true
30;33;34;37;38,"[30, 33, 34, 37, 38]",5,pll0.8_xf0.8_cc0.8,ok,,,true,true,true,0.13795557606077324,-0.13795557606077324,true,true
30;33;34;37;38,"[30, 33, 34, 37, 38]",5,pll0.8_xf0.8_cc1.2,ok,,,true,true,true,0.13795557601111447,-0.13795557601111447,true,true
30;33;34;37;38,"[30, 33, 34, 37, 38]",5,pll0.8_xf1.2_cc0.8,ok,,,true,true,true,0.13795557613762358,-0.13795557613762358,true,true
30;33;34;37;38,"[30, 33, 34, 37, 38]",5,pll0.8_xf1.2_cc1.2,ok,,,true,true,true,0.13795557608795855,-0.13795557608795855,true,true
30;33;34;37;38,"[30, 33, 34, 37, 38]",5,pll1.2_xf0.8_cc0.8,ok,,,true,true,true,0.13795557558585525,-0.13795557558585525,true,true
30;33;34;37;38,"[30, 33, 34, 37, 38]",5,pll1.2_xf0.8_cc1.2,ok,,,true,true,true,0.13795557553614596,-0.13795557553614596,true,true
30;33;34;37;38,"[30, 33, 34, 37, 38]",5,pll1.2_xf1.2_cc0.8,ok,,,true,true,true,0.13795557566266634,-0.13795557566266634,true,true
30;33;34;37;38,"[30, 33, 34, 37, 38]",5,pll1.2_xf1.2_cc1.2,ok,,,true,true,true,0.13795557561295263,-0.13795557561295263,true,true
32;33;34;37;38,"[32, 33, 34, 37, 38]",5,nominal,ok,,,true,true,true,0.13803363854106165,-0.13803363854106165,true,true
32;33;34;37;38,"[32, 33, 34, 37, 38]",5,pll0.8_xf0.8_cc0.8,ok,,,true,true,true,0.13803363823413653,-0.13803363823413653,true,true
32;33;34;37;38,"[32, 33, 34, 37, 38]",5,pll0.8_xf0.8_cc1.2,ok,,,true,true,true,0.13803363822210934,-0.13803363822210934,true,true
32;33;34;37;38,"[32, 33, 34, 37, 38]",5,pll0.8_xf1.2_cc0.8,ok,,,true,true,true,0.13803363821333328,-0.13803363821333328,true,true
32;33;34;37;38,"[32, 33, 34, 37, 38]",5,pll0.8_xf1.2_cc1.2,ok,,,true,true,true,0.13803363820128495,-0.13803363820128495,true,true
32;33;34;37;38,"[32, 33, 34, 37, 38]",5,pll1.2_xf0.8_cc0.8,ok,,,true,true,true,0.13803363873515087,-0.13803363873515087,true,true
32;33;34;37;38,"[32, 33, 34, 37, 38]",5,pll1.2_xf0.8_cc1.2,ok,,,true,true,true,0.13803363872287078,-0.13803363872287078,true,true
32;33;34;37;38,"[32, 33, 34, 37, 38]",5,pll1.2_xf1.2_cc0.8,ok,,,true,true,true,0.13803363871417004,-0.13803363871417004,true,true
32;33;34;37;38,"[32, 33, 34, 37, 38]",5,pll1.2_xf1.2_cc1.2,ok,,,true,true,true,0.13803363870213903,-0.13803363870213903,true,true
30;32;33;34;37;38,"[30, 32, 33, 34, 37, 38]",6,nominal,ok,,,true,true,true,0.1380351239351029,-0.1380351239351029,true,true
30;32;33;34;37;38,"[30, 32, 33, 34, 37, 38]",6,pll0.8_xf0.8_cc0.8,ok,,,true,true,true,0.13803512366309006,-0.13803512366309006,true,true
30;32;33;34;37;38,"[30, 32, 33, 34, 37, 38]",6,pll0.8_xf0.8_cc1.2,ok,,,true,true,true,0.13803512366342996,-0.13803512366342996,true,true
30;32;33;34;37;38,"[30, 32, 33, 34, 37, 38]",6,pll0.8_xf1.2_cc0.8,ok,,,true,true,true,0.13803512363955556,-0.13803512363955556,true,true
30;32;33;34;37;38,"[30, 32, 33, 34, 37, 38]",6,pll0.8_xf1.2_cc1.2,ok,,,true,true,true,0.13803512363995973,-0.13803512363995973,true,true
30;32;33;34;37;38,"[30, 32, 33, 34, 37, 38]",6,pll1.2_xf0.8_cc0.8,ok,,,true,true,true,0.13803512409970142,-0.13803512409970142,true,true
30;32;33;34;37;38,"[30, 32, 33, 34, 37, 38]",6,pll1.2_xf0.8_cc1.2,ok,,,true,true,true,0.13803512410017926,-0.13803512410017926,true,true
30;32;33;34;37;38,"[30, 32, 33, 34, 37, 38]",6,pll1.2_xf1.2_cc0.8,ok,,,true,true,true,0.13803512407623608,-0.13803512407623608,true,true
30;32;33;34;37;38,"[30, 32, 33, 34, 37, 38]",6,pll1.2_xf1.2_cc1.2,ok,,,true,true,true,0.13803512407670418,-0.13803512407670418,true,true
