case,idx,bus,old_M,new_M,eps,base_full_zeta,base_full_family,base_full_pi_c,base_bridge_zeta,base_bridge_family,base_bridge_pi_c,full_global_zeta,bridge_global_zeta,full_delta_global,bridge_delta_global,full_deriv_global,bridge_deriv_global,sign_match_global,mag_rel_error_global,full_matched_zeta,bridge_matched_zeta,full_delta_matched,bridge_delta_matched,full_deriv_matched,bridge_deriv_matched,nep_local_ds_deps_real,nep_local_ds_deps_imag,nep_local_deriv_matched,nep_local_delta_matched,nep_local_residual,sign_match_matched,sign_match_nep_local_full,sign_match_nep_local_bridge,mag_rel_error_matched,mag_rel_error_nep_local_full,mag_rel_error_nep_local_bridge,full_global_family,bridge_global_family,global_mode_switched_full,global_mode_switched_bridge,perturbed_case
base,GENROU_1,30,8.4,8.484,0.01,0.15442935855929482,I_network,0.6525558503249194,0.15442935855929318,I_network,0.65255585032492,0.1537937899469914,0.15379378994699097,-0.0006355686123034332,-0.000635568612302212,-0.06355686123034332,-0.0635568612302212,True,1.9215003753278887e-12,0.1537937899469914,0.15379378994699097,-0.0006355686123034332,-0.000635568612302212,-0.06355686123034332,-0.0635568612302212,1.0467169229334776,-3.0004208804351817,-0.06470363905538445,-0.0006470363905538445,3.5560244584226526e-14,True,True,True,1.9215003753278887e-12,0.018043336358052175,0.018043336360008346,I_network,I_network,False,False,C:\Users\walla\Documents\Github\paper-P06-spectral-graph-power-dynamics\outputs\phase_inertia_bridge_gate\perturbed_cases\base\ieee39_full_M_GENROU_1_eps0.01.xlsx
base,GENROU_2,31,6.06,6.1206,0.01,0.15442935855929482,I_network,0.6525558503249194,0.15442935855929318,I_network,0.65255585032492,0.1543085517144888,0.1543085517144893,-0.00012080684480603177,-0.00012080684480389459,-0.012080684480603177,-0.012080684480389459,True,1.7690879402031358e-11,0.1543085517144888,0.1543085517144893,-0.00012080684480603177,-0.00012080684480389459,-0.012080684480603177,-0.012080684480389459,0.11432719306123329,-0.061164329638073195,-0.011733352043523599,-0.00011733352043523599,3.5560244584226526e-14,True,True,True,1.7690879402031358e-11,0.028751056087695785,0.028751056070513537,I_network,I_network,False,False,C:\Users\walla\Documents\Github\paper-P06-spectral-graph-power-dynamics\outputs\phase_inertia_bridge_gate\perturbed_cases\base\ieee39_full_M_GENROU_2_eps0.01.xlsx
base,GENROU_3,32,7.16,7.2316,0.01,0.15442935855929482,I_network,0.6525558503249194,0.15442935855929318,I_network,0.65255585032492,0.15440049987253177,0.1544004998725335,-2.8858686763055807e-05,-2.8858686759697383e-05,-0.0028858686763055807,-0.0028858686759697383,True,1.163748259602191e-10,0.15440049987253177,0.1544004998725335,-2.8858686763055807e-05,-2.8858686759697383e-05,-0.0028858686763055807,-0.0028858686759697383,0.09116966146432733,-0.42664378964650157,-0.002742008336860474,-2.7420083368604743e-05,3.5560244584226526e-14,True,True,True,1.163748259602191e-10,0.04984992582173663,0.04984992571116308,I_network,I_network,False,False,C:\Users\walla\Documents\Github\paper-P06-spectral-graph-power-dynamics\outputs\phase_inertia_bridge_gate\perturbed_cases\base\ieee39_full_M_GENROU_3_eps0.01.xlsx
base,GENROU_4,33,5.72,5.7772,0.01,0.15442935855929482,I_network,0.6525558503249194,0.15442935855929318,I_network,0.65255585032492,0.15443266320371643,0.1544326632037167,3.3046444216089377e-06,3.3046444235240724e-06,0.00033046444216089377,0.00033046444235240724,True,5.795282254742464e-10,0.15443266320371643,0.1544326632037167,3.3046444216089377e-06,3.3046444235240724e-06,0.00033046444216089377,0.00033046444235240724,-0.0020269856295191567,-0.0051133490555882455,0.0003165224569340508,3.165224569340508e-06,3.5560244584226526e-14,True,True,True,5.795282254742464e-10,0.04218906317326272,0.04218906372834119,I_network,I_network,False,False,C:\Users\walla\Documents\Github\paper-P06-spectral-graph-power-dynamics\outputs\phase_inertia_bridge_gate\perturbed_cases\base\ieee39_full_M_GENROU_4_eps0.01.xlsx
base,GENROU_5,34,5.2,5.252000000000001,0.01,0.15442935855929482,I_network,0.6525558503249194,0.15442935855929318,I_network,0.65255585032492,0.1544259714119621,0.1544259714119628,-3.3871473327229396e-06,-3.387147330391471e-06,-0.00033871473327229396,-0.0003387147330391471,True,6.883280007305006e-10,0.1544259714119621,0.1544259714119628,-3.3871473327229396e-06,-3.387147330391471e-06,-0.00033871473327229396,-0.0003387147330391471,0.003395346326938644,-0.002081006247126818,-0.0003438325247744568,-3.438325247744568e-06,3.5560244584226526e-14,True,True,True,6.883280007305006e-10,0.015109444613525721,0.015109445312253977,I_network,I_network,False,False,C:\Users\walla\Documents\Github\paper-P06-spectral-graph-power-dynamics\outputs\phase_inertia_bridge_gate\perturbed_cases\base\ieee39_full_M_GENROU_5_eps0.01.xlsx
base,GENROU_6,35,6.96,7.0296,0.01,0.15442935855929482,I_network,0.6525558503249194,0.15442935855929318,I_network,0.65255585032492,0.15447659620832851,0.15447659620832865,4.723764903369343e-05,4.7237649035469786e-05,0.004723764903369343,0.004723764903546979,True,3.7604683461982195e-11,0.15447659620832851,0.15447659620832865,4.723764903369343e-05,4.7237649035469786e-05,0.004723764903369343,0.004723764903546979,-0.0254023281413581,-0.10416099725274611,0.004668296119324437,4.6682961193244373e-05,3.5560244584226526e-14,True,True,True,3.7604683461982195e-11,0.011742494637135968,0.011742494674299078,I_network,I_network,False,False,C:\Users\walla\Documents\Github\paper-P06-spectral-graph-power-dynamics\outputs\phase_inertia_bridge_gate\perturbed_cases\base\ieee39_full_M_GENROU_6_eps0.01.xlsx
base,GENROU_7,36,5.28,5.332800000000001,0.01,0.15442935855929482,I_network,0.6525558503249194,0.15442935855929318,I_network,0.65255585032492,0.1544441821832809,0.15444418218328082,1.4823623986082168e-05,1.482362398763648e-05,0.0014823623986082168,0.001482362398763648,True,1.0485372780195691e-10,0.1544441821832809,0.15444418218328082,1.4823623986082168e-05,1.482362398763648e-05,0.0014823623986082168,0.001482362398763648,-0.008111435800803016,-0.030922442480886506,0.0014497446538030497,1.4497446538030497e-05,3.5560244584226526e-14,True,True,True,1.0485372780195691e-10,0.022003893808822856,0.022003893911369393,I_network,I_network,False,False,C:\Users\walla\Documents\Github\paper-P06-spectral-graph-power-dynamics\outputs\phase_inertia_bridge_gate\perturbed_cases\base\ieee39_full_M_GENROU_7_eps0.01.xlsx
base,GENROU_8,37,4.86,4.908600000000001,0.01,0.15442935855929482,I_network,0.6525558503249194,0.15442935855929318,I_network,0.65255585032492,0.15484771714622894,0.15484771714623086,0.00041835858693412,0.0004183585869376727,0.041835858693412,0.04183585869376727,True,8.492030018640339e-12,0.15484771714622894,0.15484771714623086,0.00041835858693412,0.0004183585869376727,0.041835858693412,0.04183585869376727,-0.24562230879748226,-0.7425621470723343,0.04050717974981974,0.0004050717974981974,3.5560244584226526e-14,True,True,True,8.492030018640339e-12,0.031759332426502605,0.03175933243472493,I_network,I_network,False,False,C:\Users\walla\Documents\Github\paper-P06-spectral-graph-power-dynamics\outputs\phase_inertia_bridge_gate\perturbed_cases\base\ieee39_full_M_GENROU_8_eps0.01.xlsx
base,GENROU_9,38,6.9,6.969,0.01,0.15442935855929482,I_network,0.6525558503249194,0.15442935855929318,I_network,0.65255585032492,0.15441903940694635,0.15441903940694598,-1.0319152348475802e-05,-1.0319152347199045e-05,-0.0010319152348475802,-0.0010319152347199045,True,1.2372687554201235e-10,0.15441903940694635,0.15441903940694598,-1.0319152348475802e-05,-1.0319152347199045e-05,-0.0010319152348475802,-0.0010319152347199045,0.03761457143759101,-0.1789907625929347,-0.0010793527105232626,-1.0793527105232627e-05,3.5560244584226526e-14,True,True,True,1.2372687554201235e-10,0.045970322051393404,0.04597032218080804,I_network,I_network,False,False,C:\Users\walla\Documents\Github\paper-P06-spectral-graph-power-dynamics\outputs\phase_inertia_bridge_gate\perturbed_cases\base\ieee39_full_M_GENROU_9_eps0.01.xlsx
base,GENROU_10,39,100.0,101.0,0.01,0.15442935855929482,I_network,0.6525558503249194,0.15442935855929318,I_network,0.65255585032492,0.15443646731605062,0.15443646731605107,7.108756755802581e-06,7.108756757884249e-06,0.0007108756755802581,0.0007108756757884249,True,2.928315375924193e-10,0.15443646731605062,0.15443646731605107,7.108756755802581e-06,7.108756757884249e-06,0.0007108756755802581,0.0007108756757884249,-0.0036949176102808175,-0.01704768439952299,0.0007122360549159093,7.122360549159093e-06,3.5560244584226526e-14,True,True,True,2.928315375924193e-10,0.0019136670199620457,0.001913666726570126,I_network,I_network,False,False,C:\Users\walla\Documents\Github\paper-P06-spectral-graph-power-dynamics\outputs\phase_inertia_bridge_gate\perturbed_cases\base\ieee39_full_M_GENROU_10_eps0.01.xlsx
